id,frame,budget,rule,estimate,ci_low,ci_high,note
yield_two_year_through_2024_D2_observed_only_b1,2017-2024 ex2020 2yr,1%,D2,3.765730,-6.615479,10.349787,"selected minus lottery over the same pool, percentile points"
yield_two_year_through_2024_D2_observed_only_b1_coverage,2017-2024 ex2020 2yr,1%,D2,59.154930,,,"share of selections with an observed outcome, %"
yield_two_year_through_2024_D2_observed_only_b1_slots,2017-2024 ex2020 2yr,1%,D2,71.000000,,,award slots at this budget
yield_two_year_through_2024_D2_missing_percentile_0_b1,2017-2024 ex2020 2yr,1%,D2,-1.896756,-9.857347,5.155954,"selected minus lottery over the same pool, percentile points"
yield_two_year_through_2024_D2_missing_percentile_0_b1_coverage,2017-2024 ex2020 2yr,1%,D2,59.154930,,,"share of selections with an observed outcome, %"
yield_two_year_through_2024_D2_missing_percentile_0_b1_slots,2017-2024 ex2020 2yr,1%,D2,71.000000,,,award slots at this budget
yield_two_year_through_2024_D2_missing_pool_mean_b1,2017-2024 ex2020 2yr,1%,D2,2.425447,-3.673932,6.445128,"selected minus lottery over the same pool, percentile points"
yield_two_year_through_2024_D2_missing_pool_mean_b1_coverage,2017-2024 ex2020 2yr,1%,D2,59.154930,,,"share of selections with an observed outcome, %"
yield_two_year_through_2024_D2_missing_pool_mean_b1_slots,2017-2024 ex2020 2yr,1%,D2,71.000000,,,award slots at this budget
yield_two_year_through_2024_D2_missing_zero_citation_percentile_b1,2017-2024 ex2020 2yr,1%,D2,-0.006555,-6.923307,5.237081,"selected minus lottery over the same pool, percentile points"
yield_two_year_through_2024_D2_missing_zero_citation_percentile_b1_coverage,2017-2024 ex2020 2yr,1%,D2,59.154930,,,"share of selections with an observed outcome, %"
yield_two_year_through_2024_D2_missing_zero_citation_percentile_b1_slots,2017-2024 ex2020 2yr,1%,D2,71.000000,,,award slots at this budget
yield_two_year_through_2024_mean_observed_only_b1,2017-2024 ex2020 2yr,1%,mean,10.689192,2.727936,15.979202,"selected minus lottery over the same pool, percentile points"
yield_two_year_through_2024_mean_observed_only_b1_coverage,2017-2024 ex2020 2yr,1%,mean,78.873239,,,"share of selections with an observed outcome, %"
yield_two_year_through_2024_mean_observed_only_b1_slots,2017-2024 ex2020 2yr,1%,mean,71.000000,,,award slots at this budget
yield_two_year_through_2024_mean_missing_percentile_0_b1,2017-2024 ex2020 2yr,1%,mean,12.714016,3.501205,18.286948,"selected minus lottery over the same pool, percentile points"
yield_two_year_through_2024_mean_missing_percentile_0_b1_coverage,2017-2024 ex2020 2yr,1%,mean,78.873239,,,"share of selections with an observed outcome, %"
yield_two_year_through_2024_mean_missing_percentile_0_b1_slots,2017-2024 ex2020 2yr,1%,mean,71.000000,,,award slots at this budget
yield_two_year_through_2024_mean_missing_pool_mean_b1,2017-2024 ex2020 2yr,1%,mean,8.210210,1.976651,12.163298,"selected minus lottery over the same pool, percentile points"
yield_two_year_through_2024_mean_missing_pool_mean_b1_coverage,2017-2024 ex2020 2yr,1%,mean,78.873239,,,"share of selections with an observed outcome, %"
yield_two_year_through_2024_mean_missing_pool_mean_b1_slots,2017-2024 ex2020 2yr,1%,mean,71.000000,,,award slots at this budget
yield_two_year_through_2024_mean_missing_zero_citation_percentile_b1,2017-2024 ex2020 2yr,1%,mean,10.806159,3.184739,15.528697,"selected minus lottery over the same pool, percentile points"
yield_two_year_through_2024_mean_missing_zero_citation_percentile_b1_coverage,2017-2024 ex2020 2yr,1%,mean,78.873239,,,"share of selections with an observed outcome, %"
yield_two_year_through_2024_mean_missing_zero_citation_percentile_b1_slots,2017-2024 ex2020 2yr,1%,mean,71.000000,,,award slots at this budget
yield_two_year_through_2024_variance_observed_only_b1,2017-2024 ex2020 2yr,1%,variance,0.708351,-6.284006,8.901521,"selected minus lottery over the same pool, percentile points"
yield_two_year_through_2024_variance_observed_only_b1_coverage,2017-2024 ex2020 2yr,1%,variance,76.056338,,,"share of selections with an observed outcome, %"
yield_two_year_through_2024_variance_observed_only_b1_slots,2017-2024 ex2020 2yr,1%,variance,71.000000,,,award slots at this budget
yield_two_year_through_2024_variance_missing_percentile_0_b1,2017-2024 ex2020 2yr,1%,variance,3.620782,-3.470355,11.392028,"selected minus lottery over the same pool, percentile points"
yield_two_year_through_2024_variance_missing_percentile_0_b1_coverage,2017-2024 ex2020 2yr,1%,variance,76.056338,,,"share of selections with an observed outcome, %"
yield_two_year_through_2024_variance_missing_percentile_0_b1_slots,2017-2024 ex2020 2yr,1%,variance,71.000000,,,award slots at this budget
yield_two_year_through_2024_variance_missing_pool_mean_b1,2017-2024 ex2020 2yr,1%,variance,0.282765,-4.896344,6.527880,"selected minus lottery over the same pool, percentile points"
yield_two_year_through_2024_variance_missing_pool_mean_b1_coverage,2017-2024 ex2020 2yr,1%,variance,76.056338,,,"share of selections with an observed outcome, %"
yield_two_year_through_2024_variance_missing_pool_mean_b1_slots,2017-2024 ex2020 2yr,1%,variance,71.000000,,,award slots at this budget
yield_two_year_through_2024_variance_missing_zero_citation_percentile_b1,2017-2024 ex2020 2yr,1%,variance,2.146416,-3.804575,9.054652,"selected minus lottery over the same pool, percentile points"
yield_two_year_through_2024_variance_missing_zero_citation_percentile_b1_coverage,2017-2024 ex2020 2yr,1%,variance,76.056338,,,"share of selections with an observed outcome, %"
yield_two_year_through_2024_variance_missing_zero_citation_percentile_b1_slots,2017-2024 ex2020 2yr,1%,variance,71.000000,,,award slots at this budget
yield_two_year_through_2024_max_observed_only_b1,2017-2024 ex2020 2yr,1%,max,9.228553,2.073896,16.293102,"selected minus lottery over the same pool, percentile points"
yield_two_year_through_2024_max_observed_only_b1_coverage,2017-2024 ex2020 2yr,1%,max,71.830986,,,"share of selections with an observed outcome, %"
yield_two_year_through_2024_max_observed_only_b1_slots,2017-2024 ex2020 2yr,1%,max,71.000000,,,award slots at this budget
yield_two_year_through_2024_max_missing_percentile_0_b1,2017-2024 ex2020 2yr,1%,max,7.909395,1.463555,16.062210,"selected minus lottery over the same pool, percentile points"
yield_two_year_through_2024_max_missing_percentile_0_b1_coverage,2017-2024 ex2020 2yr,1%,max,71.830986,,,"share of selections with an observed outcome, %"
yield_two_year_through_2024_max_missing_percentile_0_b1_slots,2017-2024 ex2020 2yr,1%,max,71.000000,,,award slots at this budget
yield_two_year_through_2024_max_missing_pool_mean_b1,2017-2024 ex2020 2yr,1%,max,6.421003,1.290762,11.969328,"selected minus lottery over the same pool, percentile points"
yield_two_year_through_2024_max_missing_pool_mean_b1_coverage,2017-2024 ex2020 2yr,1%,max,71.830986,,,"share of selections with an observed outcome, %"
yield_two_year_through_2024_max_missing_pool_mean_b1_slots,2017-2024 ex2020 2yr,1%,max,71.000000,,,award slots at this budget
yield_two_year_through_2024_max_missing_zero_citation_percentile_b1,2017-2024 ex2020 2yr,1%,max,7.104549,1.554135,13.911068,"selected minus lottery over the same pool, percentile points"
yield_two_year_through_2024_max_missing_zero_citation_percentile_b1_coverage,2017-2024 ex2020 2yr,1%,max,71.830986,,,"share of selections with an observed outcome, %"
yield_two_year_through_2024_max_missing_zero_citation_percentile_b1_slots,2017-2024 ex2020 2yr,1%,max,71.000000,,,award slots at this budget
yield_two_year_through_2024_max_resid_observed_only_b1,2017-2024 ex2020 2yr,1%,max_resid,-0.353484,-7.459887,9.327830,"selected minus lottery over the same pool, percentile points"
yield_two_year_through_2024_max_resid_observed_only_b1_coverage,2017-2024 ex2020 2yr,1%,max_resid,63.380282,,,"share of selections with an observed outcome, %"
yield_two_year_through_2024_max_resid_observed_only_b1_slots,2017-2024 ex2020 2yr,1%,max_resid,71.000000,,,award slots at this budget
yield_two_year_through_2024_max_resid_missing_percentile_0_b1,2017-2024 ex2020 2yr,1%,max_resid,-2.546809,-8.519686,6.211778,"selected minus lottery over the same pool, percentile points"
yield_two_year_through_2024_max_resid_missing_percentile_0_b1_coverage,2017-2024 ex2020 2yr,1%,max_resid,63.380282,,,"share of selections with an observed outcome, %"
yield_two_year_through_2024_max_resid_missing_percentile_0_b1_slots,2017-2024 ex2020 2yr,1%,max_resid,71.000000,,,award slots at this budget
yield_two_year_through_2024_max_resid_missing_pool_mean_b1,2017-2024 ex2020 2yr,1%,max_resid,-0.270749,-4.743069,6.221632,"selected minus lottery over the same pool, percentile points"
yield_two_year_through_2024_max_resid_missing_pool_mean_b1_coverage,2017-2024 ex2020 2yr,1%,max_resid,63.380282,,,"share of selections with an observed outcome, %"
yield_two_year_through_2024_max_resid_missing_pool_mean_b1_slots,2017-2024 ex2020 2yr,1%,max_resid,71.000000,,,award slots at this budget
yield_two_year_through_2024_max_resid_missing_zero_citation_percentile_b1,2017-2024 ex2020 2yr,1%,max_resid,-1.720678,-6.481618,5.783973,"selected minus lottery over the same pool, percentile points"
yield_two_year_through_2024_max_resid_missing_zero_citation_percentile_b1_coverage,2017-2024 ex2020 2yr,1%,max_resid,63.380282,,,"share of selections with an observed outcome, %"
yield_two_year_through_2024_max_resid_missing_zero_citation_percentile_b1_slots,2017-2024 ex2020 2yr,1%,max_resid,71.000000,,,award slots at this budget
yield_two_year_through_2024_lottery_observed_only_b1,2017-2024 ex2020 2yr,1%,lottery,0.000000,0.000000,0.000000,"selected minus lottery over the same pool, percentile points"
yield_two_year_through_2024_lottery_observed_only_b1_coverage,2017-2024 ex2020 2yr,1%,lottery,68.827945,,,"share of selections with an observed outcome, %"
yield_two_year_through_2024_lottery_observed_only_b1_slots,2017-2024 ex2020 2yr,1%,lottery,71.000000,,,award slots at this budget
yield_two_year_through_2024_lottery_missing_percentile_0_b1,2017-2024 ex2020 2yr,1%,lottery,0.000000,0.000000,0.000000,"selected minus lottery over the same pool, percentile points"
yield_two_year_through_2024_lottery_missing_percentile_0_b1_coverage,2017-2024 ex2020 2yr,1%,lottery,68.827945,,,"share of selections with an observed outcome, %"
yield_two_year_through_2024_lottery_missing_percentile_0_b1_slots,2017-2024 ex2020 2yr,1%,lottery,71.000000,,,award slots at this budget
yield_two_year_through_2024_lottery_missing_pool_mean_b1,2017-2024 ex2020 2yr,1%,lottery,0.000000,0.000000,0.000000,"selected minus lottery over the same pool, percentile points"
yield_two_year_through_2024_lottery_missing_pool_mean_b1_coverage,2017-2024 ex2020 2yr,1%,lottery,68.827945,,,"share of selections with an observed outcome, %"
yield_two_year_through_2024_lottery_missing_pool_mean_b1_slots,2017-2024 ex2020 2yr,1%,lottery,71.000000,,,award slots at this budget
yield_two_year_through_2024_lottery_missing_zero_citation_percentile_b1,2017-2024 ex2020 2yr,1%,lottery,0.000000,0.000000,0.000000,"selected minus lottery over the same pool, percentile points"
yield_two_year_through_2024_lottery_missing_zero_citation_percentile_b1_coverage,2017-2024 ex2020 2yr,1%,lottery,68.827945,,,"share of selections with an observed outcome, %"
yield_two_year_through_2024_lottery_missing_zero_citation_percentile_b1_slots,2017-2024 ex2020 2yr,1%,lottery,71.000000,,,award slots at this budget
yield_two_year_through_2024_D2_observed_only_b2,2017-2024 ex2020 2yr,2%,D2,1.481421,-4.441572,6.861168,"selected minus lottery over the same pool, percentile points"
yield_two_year_through_2024_D2_observed_only_b2_coverage,2017-2024 ex2020 2yr,2%,D2,68.571429,,,"share of selections with an observed outcome, %"
yield_two_year_through_2024_D2_observed_only_b2_slots,2017-2024 ex2020 2yr,2%,D2,140.000000,,,award slots at this budget
yield_two_year_through_2024_D2_missing_percentile_0_b2,2017-2024 ex2020 2yr,2%,D2,1.076375,-4.404711,5.749926,"selected minus lottery over the same pool, percentile points"
yield_two_year_through_2024_D2_missing_percentile_0_b2_coverage,2017-2024 ex2020 2yr,2%,D2,68.571429,,,"share of selections with an observed outcome, %"
yield_two_year_through_2024_D2_missing_percentile_0_b2_slots,2017-2024 ex2020 2yr,2%,D2,140.000000,,,award slots at this budget
yield_two_year_through_2024_D2_missing_pool_mean_b2,2017-2024 ex2020 2yr,2%,D2,0.996429,-3.071388,4.640079,"selected minus lottery over the same pool, percentile points"
yield_two_year_through_2024_D2_missing_pool_mean_b2_coverage,2017-2024 ex2020 2yr,2%,D2,68.571429,,,"share of selections with an observed outcome, %"
yield_two_year_through_2024_D2_missing_pool_mean_b2_slots,2017-2024 ex2020 2yr,2%,D2,140.000000,,,award slots at this budget
yield_two_year_through_2024_D2_missing_zero_citation_percentile_b2,2017-2024 ex2020 2yr,2%,D2,1.059795,-3.505089,5.131284,"selected minus lottery over the same pool, percentile points"
yield_two_year_through_2024_D2_missing_zero_citation_percentile_b2_coverage,2017-2024 ex2020 2yr,2%,D2,68.571429,,,"share of selections with an observed outcome, %"
yield_two_year_through_2024_D2_missing_zero_citation_percentile_b2_slots,2017-2024 ex2020 2yr,2%,D2,140.000000,,,award slots at this budget
yield_two_year_through_2024_mean_observed_only_b2,2017-2024 ex2020 2yr,2%,mean,8.269994,3.876237,14.137895,"selected minus lottery over the same pool, percentile points"
yield_two_year_through_2024_mean_observed_only_b2_coverage,2017-2024 ex2020 2yr,2%,mean,76.428571,,,"share of selections with an observed outcome, %"
yield_two_year_through_2024_mean_observed_only_b2_slots,2017-2024 ex2020 2yr,2%,mean,140.000000,,,award slots at this budget
yield_two_year_through_2024_mean_missing_percentile_0_b2,2017-2024 ex2020 2yr,2%,mean,9.738586,5.608414,16.126789,"selected minus lottery over the same pool, percentile points"
yield_two_year_through_2024_mean_missing_percentile_0_b2_coverage,2017-2024 ex2020 2yr,2%,mean,76.428571,,,"share of selections with an observed outcome, %"
yield_two_year_through_2024_mean_missing_percentile_0_b2_slots,2017-2024 ex2020 2yr,2%,mean,140.000000,,,award slots at this budget
yield_two_year_through_2024_mean_missing_pool_mean_b2,2017-2024 ex2020 2yr,2%,mean,6.174964,2.869828,10.894164,"selected minus lottery over the same pool, percentile points"
yield_two_year_through_2024_mean_missing_pool_mean_b2_coverage,2017-2024 ex2020 2yr,2%,mean,76.428571,,,"share of selections with an observed outcome, %"
yield_two_year_through_2024_mean_missing_pool_mean_b2_slots,2017-2024 ex2020 2yr,2%,mean,140.000000,,,award slots at this budget
yield_two_year_through_2024_mean_missing_zero_citation_percentile_b2,2017-2024 ex2020 2yr,2%,mean,8.217256,4.529011,13.823446,"selected minus lottery over the same pool, percentile points"
yield_two_year_through_2024_mean_missing_zero_citation_percentile_b2_coverage,2017-2024 ex2020 2yr,2%,mean,76.428571,,,"share of selections with an observed outcome, %"
yield_two_year_through_2024_mean_missing_zero_citation_percentile_b2_slots,2017-2024 ex2020 2yr,2%,mean,140.000000,,,award slots at this budget
yield_two_year_through_2024_variance_observed_only_b2,2017-2024 ex2020 2yr,2%,variance,1.744740,-3.789600,6.921904,"selected minus lottery over the same pool, percentile points"
yield_two_year_through_2024_variance_observed_only_b2_coverage,2017-2024 ex2020 2yr,2%,variance,71.428571,,,"share of selections with an observed outcome, %"
yield_two_year_through_2024_variance_observed_only_b2_slots,2017-2024 ex2020 2yr,2%,variance,140.000000,,,award slots at this budget
yield_two_year_through_2024_variance_missing_percentile_0_b2,2017-2024 ex2020 2yr,2%,variance,2.527660,-2.581872,7.349848,"selected minus lottery over the same pool, percentile points"
yield_two_year_through_2024_variance_missing_percentile_0_b2_coverage,2017-2024 ex2020 2yr,2%,variance,71.428571,,,"share of selections with an observed outcome, %"
yield_two_year_through_2024_variance_missing_percentile_0_b2_slots,2017-2024 ex2020 2yr,2%,variance,140.000000,,,award slots at this budget
yield_two_year_through_2024_variance_missing_pool_mean_b2,2017-2024 ex2020 2yr,2%,variance,1.100920,-2.873920,4.818363,"selected minus lottery over the same pool, percentile points"
yield_two_year_through_2024_variance_missing_pool_mean_b2_coverage,2017-2024 ex2020 2yr,2%,variance,71.428571,,,"share of selections with an observed outcome, %"
yield_two_year_through_2024_variance_missing_pool_mean_b2_slots,2017-2024 ex2020 2yr,2%,variance,140.000000,,,award slots at this budget
yield_two_year_through_2024_variance_missing_zero_citation_percentile_b2,2017-2024 ex2020 2yr,2%,variance,1.875138,-2.512840,6.042778,"selected minus lottery over the same pool, percentile points"
yield_two_year_through_2024_variance_missing_zero_citation_percentile_b2_coverage,2017-2024 ex2020 2yr,2%,variance,71.428571,,,"share of selections with an observed outcome, %"
yield_two_year_through_2024_variance_missing_zero_citation_percentile_b2_slots,2017-2024 ex2020 2yr,2%,variance,140.000000,,,award slots at this budget
yield_two_year_through_2024_max_observed_only_b2,2017-2024 ex2020 2yr,2%,max,8.204990,2.559946,13.520346,"selected minus lottery over the same pool, percentile points"
yield_two_year_through_2024_max_observed_only_b2_coverage,2017-2024 ex2020 2yr,2%,max,73.571429,,,"share of selections with an observed outcome, %"
yield_two_year_through_2024_max_observed_only_b2_slots,2017-2024 ex2020 2yr,2%,max,140.000000,,,award slots at this budget
yield_two_year_through_2024_max_missing_percentile_0_b2,2017-2024 ex2020 2yr,2%,max,8.233602,2.864879,13.319473,"selected minus lottery over the same pool, percentile points"
yield_two_year_through_2024_max_missing_percentile_0_b2_coverage,2017-2024 ex2020 2yr,2%,max,73.571429,,,"share of selections with an observed outcome, %"
yield_two_year_through_2024_max_missing_percentile_0_b2_slots,2017-2024 ex2020 2yr,2%,max,140.000000,,,award slots at this budget
yield_two_year_through_2024_max_missing_pool_mean_b2,2017-2024 ex2020 2yr,2%,max,5.873157,1.735398,9.744870,"selected minus lottery over the same pool, percentile points"
yield_two_year_through_2024_max_missing_pool_mean_b2_coverage,2017-2024 ex2020 2yr,2%,max,73.571429,,,"share of selections with an observed outcome, %"
yield_two_year_through_2024_max_missing_pool_mean_b2_slots,2017-2024 ex2020 2yr,2%,max,140.000000,,,award slots at this budget
yield_two_year_through_2024_max_missing_zero_citation_percentile_b2,2017-2024 ex2020 2yr,2%,max,7.175798,2.559906,11.450679,"selected minus lottery over the same pool, percentile points"
yield_two_year_through_2024_max_missing_zero_citation_percentile_b2_coverage,2017-2024 ex2020 2yr,2%,max,73.571429,,,"share of selections with an observed outcome, %"
yield_two_year_through_2024_max_missing_zero_citation_percentile_b2_slots,2017-2024 ex2020 2yr,2%,max,140.000000,,,award slots at this budget
yield_two_year_through_2024_max_resid_observed_only_b2,2017-2024 ex2020 2yr,2%,max_resid,2.234353,-4.471183,7.071821,"selected minus lottery over the same pool, percentile points"
yield_two_year_through_2024_max_resid_observed_only_b2_coverage,2017-2024 ex2020 2yr,2%,max_resid,67.142857,,,"share of selections with an observed outcome, %"
yield_two_year_through_2024_max_resid_observed_only_b2_slots,2017-2024 ex2020 2yr,2%,max_resid,140.000000,,,award slots at this budget
yield_two_year_through_2024_max_resid_missing_percentile_0_b2,2017-2024 ex2020 2yr,2%,max_resid,0.950314,-4.775588,5.513352,"selected minus lottery over the same pool, percentile points"
yield_two_year_through_2024_max_resid_missing_percentile_0_b2_coverage,2017-2024 ex2020 2yr,2%,max_resid,67.142857,,,"share of selections with an observed outcome, %"
yield_two_year_through_2024_max_resid_missing_percentile_0_b2_slots,2017-2024 ex2020 2yr,2%,max_resid,140.000000,,,award slots at this budget
yield_two_year_through_2024_max_resid_missing_pool_mean_b2,2017-2024 ex2020 2yr,2%,max_resid,1.427045,-2.958337,4.657312,"selected minus lottery over the same pool, percentile points"
yield_two_year_through_2024_max_resid_missing_pool_mean_b2_coverage,2017-2024 ex2020 2yr,2%,max_resid,67.142857,,,"share of selections with an observed outcome, %"
yield_two_year_through_2024_max_resid_missing_pool_mean_b2_slots,2017-2024 ex2020 2yr,2%,max_resid,140.000000,,,award slots at this budget
yield_two_year_through_2024_max_resid_missing_zero_citation_percentile_b2,2017-2024 ex2020 2yr,2%,max_resid,1.111345,-3.856753,4.852069,"selected minus lottery over the same pool, percentile points"
yield_two_year_through_2024_max_resid_missing_zero_citation_percentile_b2_coverage,2017-2024 ex2020 2yr,2%,max_resid,67.142857,,,"share of selections with an observed outcome, %"
yield_two_year_through_2024_max_resid_missing_zero_citation_percentile_b2_slots,2017-2024 ex2020 2yr,2%,max_resid,140.000000,,,award slots at this budget
yield_two_year_through_2024_lottery_observed_only_b2,2017-2024 ex2020 2yr,2%,lottery,0.000000,0.000000,0.000000,"selected minus lottery over the same pool, percentile points"
yield_two_year_through_2024_lottery_observed_only_b2_coverage,2017-2024 ex2020 2yr,2%,lottery,68.429743,,,"share of selections with an observed outcome, %"
yield_two_year_through_2024_lottery_observed_only_b2_slots,2017-2024 ex2020 2yr,2%,lottery,140.000000,,,award slots at this budget
yield_two_year_through_2024_lottery_missing_percentile_0_b2,2017-2024 ex2020 2yr,2%,lottery,0.000000,0.000000,0.000000,"selected minus lottery over the same pool, percentile points"
yield_two_year_through_2024_lottery_missing_percentile_0_b2_coverage,2017-2024 ex2020 2yr,2%,lottery,68.429743,,,"share of selections with an observed outcome, %"
yield_two_year_through_2024_lottery_missing_percentile_0_b2_slots,2017-2024 ex2020 2yr,2%,lottery,140.000000,,,award slots at this budget
yield_two_year_through_2024_lottery_missing_pool_mean_b2,2017-2024 ex2020 2yr,2%,lottery,0.000000,0.000000,0.000000,"selected minus lottery over the same pool, percentile points"
yield_two_year_through_2024_lottery_missing_pool_mean_b2_coverage,2017-2024 ex2020 2yr,2%,lottery,68.429743,,,"share of selections with an observed outcome, %"
yield_two_year_through_2024_lottery_missing_pool_mean_b2_slots,2017-2024 ex2020 2yr,2%,lottery,140.000000,,,award slots at this budget
yield_two_year_through_2024_lottery_missing_zero_citation_percentile_b2,2017-2024 ex2020 2yr,2%,lottery,0.000000,0.000000,0.000000,"selected minus lottery over the same pool, percentile points"
yield_two_year_through_2024_lottery_missing_zero_citation_percentile_b2_coverage,2017-2024 ex2020 2yr,2%,lottery,68.429743,,,"share of selections with an observed outcome, %"
yield_two_year_through_2024_lottery_missing_zero_citation_percentile_b2_slots,2017-2024 ex2020 2yr,2%,lottery,140.000000,,,award slots at this budget
yield_two_year_through_2024_D2_observed_only_b5,2017-2024 ex2020 2yr,5%,D2,-2.512911,-5.908787,1.062202,"selected minus lottery over the same pool, percentile points"
yield_two_year_through_2024_D2_observed_only_b5_coverage,2017-2024 ex2020 2yr,5%,D2,63.372093,,,"share of selections with an observed outcome, %"
yield_two_year_through_2024_D2_observed_only_b5_slots,2017-2024 ex2020 2yr,5%,D2,344.000000,,,award slots at this budget
yield_two_year_through_2024_D2_missing_percentile_0_b5,2017-2024 ex2020 2yr,5%,D2,-3.643786,-6.453219,-0.515823,"selected minus lottery over the same pool, percentile points"
yield_two_year_through_2024_D2_missing_percentile_0_b5_coverage,2017-2024 ex2020 2yr,5%,D2,63.372093,,,"share of selections with an observed outcome, %"
yield_two_year_through_2024_D2_missing_percentile_0_b5_slots,2017-2024 ex2020 2yr,5%,D2,344.000000,,,award slots at this budget
yield_two_year_through_2024_D2_missing_pool_mean_b5,2017-2024 ex2020 2yr,5%,D2,-1.539408,-3.762544,0.732992,"selected minus lottery over the same pool, percentile points"
yield_two_year_through_2024_D2_missing_pool_mean_b5_coverage,2017-2024 ex2020 2yr,5%,D2,63.372093,,,"share of selections with an observed outcome, %"
yield_two_year_through_2024_D2_missing_pool_mean_b5_slots,2017-2024 ex2020 2yr,5%,D2,344.000000,,,award slots at this budget
yield_two_year_through_2024_D2_missing_zero_citation_percentile_b5,2017-2024 ex2020 2yr,5%,D2,-2.800222,-5.178228,-0.212172,"selected minus lottery over the same pool, percentile points"
yield_two_year_through_2024_D2_missing_zero_citation_percentile_b5_coverage,2017-2024 ex2020 2yr,5%,D2,63.372093,,,"share of selections with an observed outcome, %"
yield_two_year_through_2024_D2_missing_zero_citation_percentile_b5_slots,2017-2024 ex2020 2yr,5%,D2,344.000000,,,award slots at this budget
yield_two_year_through_2024_mean_observed_only_b5,2017-2024 ex2020 2yr,5%,mean,6.992334,3.684760,9.995469,"selected minus lottery over the same pool, percentile points"
yield_two_year_through_2024_mean_observed_only_b5_coverage,2017-2024 ex2020 2yr,5%,mean,77.034884,,,"share of selections with an observed outcome, %"
yield_two_year_through_2024_mean_observed_only_b5_slots,2017-2024 ex2020 2yr,5%,mean,344.000000,,,award slots at this budget
yield_two_year_through_2024_mean_missing_percentile_0_b5,2017-2024 ex2020 2yr,5%,mean,9.177129,5.917263,12.353131,"selected minus lottery over the same pool, percentile points"
yield_two_year_through_2024_mean_missing_percentile_0_b5_coverage,2017-2024 ex2020 2yr,5%,mean,77.034884,,,"share of selections with an observed outcome, %"
yield_two_year_through_2024_mean_missing_percentile_0_b5_slots,2017-2024 ex2020 2yr,5%,mean,344.000000,,,award slots at this budget
yield_two_year_through_2024_mean_missing_pool_mean_b5,2017-2024 ex2020 2yr,5%,mean,5.228461,2.652556,7.588671,"selected minus lottery over the same pool, percentile points"
yield_two_year_through_2024_mean_missing_pool_mean_b5_coverage,2017-2024 ex2020 2yr,5%,mean,77.034884,,,"share of selections with an observed outcome, %"
yield_two_year_through_2024_mean_missing_pool_mean_b5_slots,2017-2024 ex2020 2yr,5%,mean,344.000000,,,award slots at this budget
yield_two_year_through_2024_mean_missing_zero_citation_percentile_b5,2017-2024 ex2020 2yr,5%,mean,7.523747,4.711518,10.230806,"selected minus lottery over the same pool, percentile points"
yield_two_year_through_2024_mean_missing_zero_citation_percentile_b5_coverage,2017-2024 ex2020 2yr,5%,mean,77.034884,,,"share of selections with an observed outcome, %"
yield_two_year_through_2024_mean_missing_zero_citation_percentile_b5_slots,2017-2024 ex2020 2yr,5%,mean,344.000000,,,award slots at this budget
yield_two_year_through_2024_variance_observed_only_b5,2017-2024 ex2020 2yr,5%,variance,0.575320,-2.396841,4.544171,"selected minus lottery over the same pool, percentile points"
yield_two_year_through_2024_variance_observed_only_b5_coverage,2017-2024 ex2020 2yr,5%,variance,69.767442,,,"share of selections with an observed outcome, %"
yield_two_year_through_2024_variance_observed_only_b5_slots,2017-2024 ex2020 2yr,5%,variance,344.000000,,,award slots at this budget
yield_two_year_through_2024_variance_missing_percentile_0_b5,2017-2024 ex2020 2yr,5%,variance,1.084588,-1.818172,4.495714,"selected minus lottery over the same pool, percentile points"
yield_two_year_through_2024_variance_missing_percentile_0_b5_coverage,2017-2024 ex2020 2yr,5%,variance,69.767442,,,"share of selections with an observed outcome, %"
yield_two_year_through_2024_variance_missing_percentile_0_b5_slots,2017-2024 ex2020 2yr,5%,variance,344.000000,,,award slots at this budget
yield_two_year_through_2024_variance_missing_pool_mean_b5,2017-2024 ex2020 2yr,5%,variance,0.309004,-1.790750,3.052592,"selected minus lottery over the same pool, percentile points"
yield_two_year_through_2024_variance_missing_pool_mean_b5_coverage,2017-2024 ex2020 2yr,5%,variance,69.767442,,,"share of selections with an observed outcome, %"
yield_two_year_through_2024_variance_missing_pool_mean_b5_slots,2017-2024 ex2020 2yr,5%,variance,344.000000,,,award slots at this budget
yield_two_year_through_2024_variance_missing_zero_citation_percentile_b5,2017-2024 ex2020 2yr,5%,variance,0.719282,-1.706826,3.770645,"selected minus lottery over the same pool, percentile points"
yield_two_year_through_2024_variance_missing_zero_citation_percentile_b5_coverage,2017-2024 ex2020 2yr,5%,variance,69.767442,,,"share of selections with an observed outcome, %"
yield_two_year_through_2024_variance_missing_zero_citation_percentile_b5_slots,2017-2024 ex2020 2yr,5%,variance,344.000000,,,award slots at this budget
yield_two_year_through_2024_max_observed_only_b5,2017-2024 ex2020 2yr,5%,max,6.107337,2.814610,9.383237,"selected minus lottery over the same pool, percentile points"
yield_two_year_through_2024_max_observed_only_b5_coverage,2017-2024 ex2020 2yr,5%,max,74.418605,,,"share of selections with an observed outcome, %"
yield_two_year_through_2024_max_observed_only_b5_slots,2017-2024 ex2020 2yr,5%,max,344.000000,,,award slots at this budget
yield_two_year_through_2024_max_missing_percentile_0_b5,2017-2024 ex2020 2yr,5%,max,7.216927,4.158312,10.748898,"selected minus lottery over the same pool, percentile points"
yield_two_year_through_2024_max_missing_percentile_0_b5_coverage,2017-2024 ex2020 2yr,5%,max,74.418605,,,"share of selections with an observed outcome, %"
yield_two_year_through_2024_max_missing_percentile_0_b5_slots,2017-2024 ex2020 2yr,5%,max,344.000000,,,award slots at this budget
yield_two_year_through_2024_max_missing_pool_mean_b5,2017-2024 ex2020 2yr,5%,max,4.393929,1.959362,6.843152,"selected minus lottery over the same pool, percentile points"
yield_two_year_through_2024_max_missing_pool_mean_b5_coverage,2017-2024 ex2020 2yr,5%,max,74.418605,,,"share of selections with an observed outcome, %"
yield_two_year_through_2024_max_missing_pool_mean_b5_slots,2017-2024 ex2020 2yr,5%,max,344.000000,,,award slots at this budget
yield_two_year_through_2024_max_missing_zero_citation_percentile_b5,2017-2024 ex2020 2yr,5%,max,6.001406,3.376884,8.993940,"selected minus lottery over the same pool, percentile points"
yield_two_year_through_2024_max_missing_zero_citation_percentile_b5_coverage,2017-2024 ex2020 2yr,5%,max,74.418605,,,"share of selections with an observed outcome, %"
yield_two_year_through_2024_max_missing_zero_citation_percentile_b5_slots,2017-2024 ex2020 2yr,5%,max,344.000000,,,award slots at this budget
yield_two_year_through_2024_max_resid_observed_only_b5,2017-2024 ex2020 2yr,5%,max_resid,-0.312960,-3.952176,2.849042,"selected minus lottery over the same pool, percentile points"
yield_two_year_through_2024_max_resid_observed_only_b5_coverage,2017-2024 ex2020 2yr,5%,max_resid,71.511628,,,"share of selections with an observed outcome, %"
yield_two_year_through_2024_max_resid_observed_only_b5_slots,2017-2024 ex2020 2yr,5%,max_resid,344.000000,,,award slots at this budget
yield_two_year_through_2024_max_resid_missing_percentile_0_b5,2017-2024 ex2020 2yr,5%,max_resid,1.205173,-2.051710,3.983783,"selected minus lottery over the same pool, percentile points"
yield_two_year_through_2024_max_resid_missing_percentile_0_b5_coverage,2017-2024 ex2020 2yr,5%,max_resid,71.511628,,,"share of selections with an observed outcome, %"
yield_two_year_through_2024_max_resid_missing_percentile_0_b5_slots,2017-2024 ex2020 2yr,5%,max_resid,344.000000,,,award slots at this budget
yield_two_year_through_2024_max_resid_missing_pool_mean_b5,2017-2024 ex2020 2yr,5%,max_resid,-0.351983,-2.985140,1.924248,"selected minus lottery over the same pool, percentile points"
yield_two_year_through_2024_max_resid_missing_pool_mean_b5_coverage,2017-2024 ex2020 2yr,5%,max_resid,71.511628,,,"share of selections with an observed outcome, %"
yield_two_year_through_2024_max_resid_missing_pool_mean_b5_slots,2017-2024 ex2020 2yr,5%,max_resid,344.000000,,,award slots at this budget
yield_two_year_through_2024_max_resid_missing_zero_citation_percentile_b5,2017-2024 ex2020 2yr,5%,max_resid,0.508952,-2.356588,2.868455,"selected minus lottery over the same pool, percentile points"
yield_two_year_through_2024_max_resid_missing_zero_citation_percentile_b5_coverage,2017-2024 ex2020 2yr,5%,max_resid,71.511628,,,"share of selections with an observed outcome, %"
yield_two_year_through_2024_max_resid_missing_zero_citation_percentile_b5_slots,2017-2024 ex2020 2yr,5%,max_resid,344.000000,,,award slots at this budget
yield_two_year_through_2024_lottery_observed_only_b5,2017-2024 ex2020 2yr,5%,lottery,0.000000,0.000000,0.000000,"selected minus lottery over the same pool, percentile points"
yield_two_year_through_2024_lottery_observed_only_b5_coverage,2017-2024 ex2020 2yr,5%,lottery,68.169596,,,"share of selections with an observed outcome, %"
yield_two_year_through_2024_lottery_observed_only_b5_slots,2017-2024 ex2020 2yr,5%,lottery,344.000000,,,award slots at this budget
yield_two_year_through_2024_lottery_missing_percentile_0_b5,2017-2024 ex2020 2yr,5%,lottery,0.000000,0.000000,0.000000,"selected minus lottery over the same pool, percentile points"
yield_two_year_through_2024_lottery_missing_percentile_0_b5_coverage,2017-2024 ex2020 2yr,5%,lottery,68.169596,,,"share of selections with an observed outcome, %"
yield_two_year_through_2024_lottery_missing_percentile_0_b5_slots,2017-2024 ex2020 2yr,5%,lottery,344.000000,,,award slots at this budget
yield_two_year_through_2024_lottery_missing_pool_mean_b5,2017-2024 ex2020 2yr,5%,lottery,0.000000,0.000000,0.000000,"selected minus lottery over the same pool, percentile points"
yield_two_year_through_2024_lottery_missing_pool_mean_b5_coverage,2017-2024 ex2020 2yr,5%,lottery,68.169596,,,"share of selections with an observed outcome, %"
yield_two_year_through_2024_lottery_missing_pool_mean_b5_slots,2017-2024 ex2020 2yr,5%,lottery,344.000000,,,award slots at this budget
yield_two_year_through_2024_lottery_missing_zero_citation_percentile_b5,2017-2024 ex2020 2yr,5%,lottery,0.000000,0.000000,0.000000,"selected minus lottery over the same pool, percentile points"
yield_two_year_through_2024_lottery_missing_zero_citation_percentile_b5_coverage,2017-2024 ex2020 2yr,5%,lottery,68.169596,,,"share of selections with an observed outcome, %"
yield_two_year_through_2024_lottery_missing_zero_citation_percentile_b5_slots,2017-2024 ex2020 2yr,5%,lottery,344.000000,,,award slots at this budget
yield_two_year_through_2024_D2_observed_only_b10,2017-2024 ex2020 2yr,10%,D2,-1.116338,-3.581674,1.024926,"selected minus lottery over the same pool, percentile points"
yield_two_year_through_2024_D2_observed_only_b10_coverage,2017-2024 ex2020 2yr,10%,D2,66.326531,,,"share of selections with an observed outcome, %"
yield_two_year_through_2024_D2_observed_only_b10_slots,2017-2024 ex2020 2yr,10%,D2,686.000000,,,award slots at this budget
yield_two_year_through_2024_D2_missing_percentile_0_b10,2017-2024 ex2020 2yr,10%,D2,-1.517718,-3.770311,0.384460,"selected minus lottery over the same pool, percentile points"
yield_two_year_through_2024_D2_missing_percentile_0_b10_coverage,2017-2024 ex2020 2yr,10%,D2,66.326531,,,"share of selections with an observed outcome, %"
yield_two_year_through_2024_D2_missing_percentile_0_b10_slots,2017-2024 ex2020 2yr,10%,D2,686.000000,,,award slots at this budget
yield_two_year_through_2024_D2_missing_pool_mean_b10,2017-2024 ex2020 2yr,10%,D2,-0.691122,-2.302834,0.720298,"selected minus lottery over the same pool, percentile points"
yield_two_year_through_2024_D2_missing_pool_mean_b10_coverage,2017-2024 ex2020 2yr,10%,D2,66.326531,,,"share of selections with an observed outcome, %"
yield_two_year_through_2024_D2_missing_pool_mean_b10_slots,2017-2024 ex2020 2yr,10%,D2,686.000000,,,award slots at this budget
yield_two_year_through_2024_D2_missing_zero_citation_percentile_b10,2017-2024 ex2020 2yr,10%,D2,-1.160927,-3.075430,0.452675,"selected minus lottery over the same pool, percentile points"
yield_two_year_through_2024_D2_missing_zero_citation_percentile_b10_coverage,2017-2024 ex2020 2yr,10%,D2,66.326531,,,"share of selections with an observed outcome, %"
yield_two_year_through_2024_D2_missing_zero_citation_percentile_b10_slots,2017-2024 ex2020 2yr,10%,D2,686.000000,,,award slots at this budget
yield_two_year_through_2024_mean_observed_only_b10,2017-2024 ex2020 2yr,10%,mean,6.630489,4.114783,8.655400,"selected minus lottery over the same pool, percentile points"
yield_two_year_through_2024_mean_observed_only_b10_coverage,2017-2024 ex2020 2yr,10%,mean,79.008746,,,"share of selections with an observed outcome, %"
yield_two_year_through_2024_mean_observed_only_b10_slots,2017-2024 ex2020 2yr,10%,mean,686.000000,,,award slots at this budget
yield_two_year_through_2024_mean_missing_percentile_0_b10,2017-2024 ex2020 2yr,10%,mean,9.884331,7.302968,11.974441,"selected minus lottery over the same pool, percentile points"
yield_two_year_through_2024_mean_missing_percentile_0_b10_coverage,2017-2024 ex2020 2yr,10%,mean,79.008746,,,"share of selections with an observed outcome, %"
yield_two_year_through_2024_mean_missing_percentile_0_b10_slots,2017-2024 ex2020 2yr,10%,mean,686.000000,,,award slots at this budget
yield_two_year_through_2024_mean_missing_pool_mean_b10,2017-2024 ex2020 2yr,10%,mean,5.053393,3.024478,6.651064,"selected minus lottery over the same pool, percentile points"
yield_two_year_through_2024_mean_missing_pool_mean_b10_coverage,2017-2024 ex2020 2yr,10%,mean,79.008746,,,"share of selections with an observed outcome, %"
yield_two_year_through_2024_mean_missing_pool_mean_b10_slots,2017-2024 ex2020 2yr,10%,mean,686.000000,,,award slots at this budget
yield_two_year_through_2024_mean_missing_zero_citation_percentile_b10,2017-2024 ex2020 2yr,10%,mean,7.877905,5.557540,9.718259,"selected minus lottery over the same pool, percentile points"
yield_two_year_through_2024_mean_missing_zero_citation_percentile_b10_coverage,2017-2024 ex2020 2yr,10%,mean,79.008746,,,"share of selections with an observed outcome, %"
yield_two_year_through_2024_mean_missing_zero_citation_percentile_b10_slots,2017-2024 ex2020 2yr,10%,mean,686.000000,,,award slots at this budget
yield_two_year_through_2024_variance_observed_only_b10,2017-2024 ex2020 2yr,10%,variance,1.908284,-0.262848,4.288338,"selected minus lottery over the same pool, percentile points"
yield_two_year_through_2024_variance_observed_only_b10_coverage,2017-2024 ex2020 2yr,10%,variance,71.428571,,,"share of selections with an observed outcome, %"
yield_two_year_through_2024_variance_observed_only_b10_slots,2017-2024 ex2020 2yr,10%,variance,686.000000,,,award slots at this budget
yield_two_year_through_2024_variance_missing_percentile_0_b10,2017-2024 ex2020 2yr,10%,variance,2.767419,0.551592,4.820360,"selected minus lottery over the same pool, percentile points"
yield_two_year_through_2024_variance_missing_percentile_0_b10_coverage,2017-2024 ex2020 2yr,10%,variance,71.428571,,,"share of selections with an observed outcome, %"
yield_two_year_through_2024_variance_missing_percentile_0_b10_slots,2017-2024 ex2020 2yr,10%,variance,686.000000,,,award slots at this budget
yield_two_year_through_2024_variance_missing_pool_mean_b10,2017-2024 ex2020 2yr,10%,variance,1.314670,-0.259894,2.983142,"selected minus lottery over the same pool, percentile points"
yield_two_year_through_2024_variance_missing_pool_mean_b10_coverage,2017-2024 ex2020 2yr,10%,variance,71.428571,,,"share of selections with an observed outcome, %"
yield_two_year_through_2024_variance_missing_pool_mean_b10_slots,2017-2024 ex2020 2yr,10%,variance,686.000000,,,award slots at this budget
yield_two_year_through_2024_variance_missing_zero_citation_percentile_b10,2017-2024 ex2020 2yr,10%,variance,2.185549,0.320923,3.971392,"selected minus lottery over the same pool, percentile points"
yield_two_year_through_2024_variance_missing_zero_citation_percentile_b10_coverage,2017-2024 ex2020 2yr,10%,variance,71.428571,,,"share of selections with an observed outcome, %"
yield_two_year_through_2024_variance_missing_zero_citation_percentile_b10_slots,2017-2024 ex2020 2yr,10%,variance,686.000000,,,award slots at this budget
yield_two_year_through_2024_max_observed_only_b10,2017-2024 ex2020 2yr,10%,max,5.607561,3.593025,8.472578,"selected minus lottery over the same pool, percentile points"
yield_two_year_through_2024_max_observed_only_b10_coverage,2017-2024 ex2020 2yr,10%,max,73.469388,,,"share of selections with an observed outcome, %"
yield_two_year_through_2024_max_observed_only_b10_slots,2017-2024 ex2020 2yr,10%,max,686.000000,,,award slots at this budget
yield_two_year_through_2024_max_missing_percentile_0_b10,2017-2024 ex2020 2yr,10%,max,6.396859,4.481063,9.141721,"selected minus lottery over the same pool, percentile points"
yield_two_year_through_2024_max_missing_percentile_0_b10_coverage,2017-2024 ex2020 2yr,10%,max,73.469388,,,"share of selections with an observed outcome, %"
yield_two_year_through_2024_max_missing_percentile_0_b10_slots,2017-2024 ex2020 2yr,10%,max,686.000000,,,award slots at this budget
yield_two_year_through_2024_max_missing_pool_mean_b10,2017-2024 ex2020 2yr,10%,max,3.984296,2.519326,6.081825,"selected minus lottery over the same pool, percentile points"
yield_two_year_through_2024_max_missing_pool_mean_b10_coverage,2017-2024 ex2020 2yr,10%,max,73.469388,,,"share of selections with an observed outcome, %"
yield_two_year_through_2024_max_missing_pool_mean_b10_slots,2017-2024 ex2020 2yr,10%,max,686.000000,,,award slots at this budget
yield_two_year_through_2024_max_missing_zero_citation_percentile_b10,2017-2024 ex2020 2yr,10%,max,5.368801,3.713064,7.743534,"selected minus lottery over the same pool, percentile points"
yield_two_year_through_2024_max_missing_zero_citation_percentile_b10_coverage,2017-2024 ex2020 2yr,10%,max,73.469388,,,"share of selections with an observed outcome, %"
yield_two_year_through_2024_max_missing_zero_citation_percentile_b10_slots,2017-2024 ex2020 2yr,10%,max,686.000000,,,award slots at this budget
yield_two_year_through_2024_max_resid_observed_only_b10,2017-2024 ex2020 2yr,10%,max_resid,-1.286355,-3.424854,1.225352,"selected minus lottery over the same pool, percentile points"
yield_two_year_through_2024_max_resid_observed_only_b10_coverage,2017-2024 ex2020 2yr,10%,max_resid,69.970845,,,"share of selections with an observed outcome, %"
yield_two_year_through_2024_max_resid_observed_only_b10_slots,2017-2024 ex2020 2yr,10%,max_resid,686.000000,,,award slots at this budget
yield_two_year_through_2024_max_resid_missing_percentile_0_b10,2017-2024 ex2020 2yr,10%,max_resid,-0.119043,-2.018393,2.106367,"selected minus lottery over the same pool, percentile points"
yield_two_year_through_2024_max_resid_missing_percentile_0_b10_coverage,2017-2024 ex2020 2yr,10%,max_resid,69.970845,,,"share of selections with an observed outcome, %"
yield_two_year_through_2024_max_resid_missing_percentile_0_b10_slots,2017-2024 ex2020 2yr,10%,max_resid,686.000000,,,award slots at this budget
yield_two_year_through_2024_max_resid_missing_pool_mean_b10,2017-2024 ex2020 2yr,10%,max_resid,-0.928337,-2.433047,0.824648,"selected minus lottery over the same pool, percentile points"
yield_two_year_through_2024_max_resid_missing_pool_mean_b10_coverage,2017-2024 ex2020 2yr,10%,max_resid,69.970845,,,"share of selections with an observed outcome, %"
yield_two_year_through_2024_max_resid_missing_pool_mean_b10_slots,2017-2024 ex2020 2yr,10%,max_resid,686.000000,,,award slots at this budget
yield_two_year_through_2024_max_resid_missing_zero_citation_percentile_b10,2017-2024 ex2020 2yr,10%,max_resid,-0.445524,-2.044990,1.444967,"selected minus lottery over the same pool, percentile points"
yield_two_year_through_2024_max_resid_missing_zero_citation_percentile_b10_coverage,2017-2024 ex2020 2yr,10%,max_resid,69.970845,,,"share of selections with an observed outcome, %"
yield_two_year_through_2024_max_resid_missing_zero_citation_percentile_b10_slots,2017-2024 ex2020 2yr,10%,max_resid,686.000000,,,award slots at this budget
yield_two_year_through_2024_lottery_observed_only_b10,2017-2024 ex2020 2yr,10%,lottery,0.000000,0.000000,0.000000,"selected minus lottery over the same pool, percentile points"
yield_two_year_through_2024_lottery_observed_only_b10_coverage,2017-2024 ex2020 2yr,10%,lottery,68.144313,,,"share of selections with an observed outcome, %"
yield_two_year_through_2024_lottery_observed_only_b10_slots,2017-2024 ex2020 2yr,10%,lottery,686.000000,,,award slots at this budget
yield_two_year_through_2024_lottery_missing_percentile_0_b10,2017-2024 ex2020 2yr,10%,lottery,0.000000,0.000000,0.000000,"selected minus lottery over the same pool, percentile points"
yield_two_year_through_2024_lottery_missing_percentile_0_b10_coverage,2017-2024 ex2020 2yr,10%,lottery,68.144313,,,"share of selections with an observed outcome, %"
yield_two_year_through_2024_lottery_missing_percentile_0_b10_slots,2017-2024 ex2020 2yr,10%,lottery,686.000000,,,award slots at this budget
yield_two_year_through_2024_lottery_missing_pool_mean_b10,2017-2024 ex2020 2yr,10%,lottery,0.000000,0.000000,0.000000,"selected minus lottery over the same pool, percentile points"
yield_two_year_through_2024_lottery_missing_pool_mean_b10_coverage,2017-2024 ex2020 2yr,10%,lottery,68.144313,,,"share of selections with an observed outcome, %"
yield_two_year_through_2024_lottery_missing_pool_mean_b10_slots,2017-2024 ex2020 2yr,10%,lottery,686.000000,,,award slots at this budget
yield_two_year_through_2024_lottery_missing_zero_citation_percentile_b10,2017-2024 ex2020 2yr,10%,lottery,0.000000,0.000000,0.000000,"selected minus lottery over the same pool, percentile points"
yield_two_year_through_2024_lottery_missing_zero_citation_percentile_b10_coverage,2017-2024 ex2020 2yr,10%,lottery,68.144313,,,"share of selections with an observed outcome, %"
yield_two_year_through_2024_lottery_missing_zero_citation_percentile_b10_slots,2017-2024 ex2020 2yr,10%,lottery,686.000000,,,award slots at this budget
yield_three_year_D2_observed_only_b1,2017-2022 ex2020 3yr,1%,D2,1.561794,-10.004004,10.121691,"selected minus lottery over the same pool, percentile points"
yield_three_year_D2_observed_only_b1_coverage,2017-2022 ex2020 3yr,1%,D2,81.250000,,,"share of selections with an observed outcome, %"
yield_three_year_D2_observed_only_b1_slots,2017-2022 ex2020 3yr,1%,D2,32.000000,,,award slots at this budget
yield_three_year_D2_missing_percentile_0_b1,2017-2022 ex2020 3yr,1%,D2,-0.133774,-11.731155,8.684289,"selected minus lottery over the same pool, percentile points"
yield_three_year_D2_missing_percentile_0_b1_coverage,2017-2022 ex2020 3yr,1%,D2,81.250000,,,"share of selections with an observed outcome, %"
yield_three_year_D2_missing_percentile_0_b1_slots,2017-2022 ex2020 3yr,1%,D2,32.000000,,,award slots at this budget
yield_three_year_D2_missing_pool_mean_b1,2017-2022 ex2020 3yr,1%,D2,1.357330,-7.627188,8.230187,"selected minus lottery over the same pool, percentile points"
yield_three_year_D2_missing_pool_mean_b1_coverage,2017-2022 ex2020 3yr,1%,D2,81.250000,,,"share of selections with an observed outcome, %"
yield_three_year_D2_missing_pool_mean_b1_slots,2017-2022 ex2020 3yr,1%,D2,32.000000,,,award slots at this budget
yield_three_year_D2_missing_zero_citation_percentile_b1,2017-2022 ex2020 3yr,1%,D2,0.556868,-9.818428,8.457824,"selected minus lottery over the same pool, percentile points"
yield_three_year_D2_missing_zero_citation_percentile_b1_coverage,2017-2022 ex2020 3yr,1%,D2,81.250000,,,"share of selections with an observed outcome, %"
yield_three_year_D2_missing_zero_citation_percentile_b1_slots,2017-2022 ex2020 3yr,1%,D2,32.000000,,,award slots at this budget
yield_three_year_mean_observed_only_b1,2017-2022 ex2020 3yr,1%,mean,17.622841,7.358070,23.864479,"selected minus lottery over the same pool, percentile points"
yield_three_year_mean_observed_only_b1_coverage,2017-2022 ex2020 3yr,1%,mean,93.750000,,,"share of selections with an observed outcome, %"
yield_three_year_mean_observed_only_b1_slots,2017-2022 ex2020 3yr,1%,mean,32.000000,,,award slots at this budget
yield_three_year_mean_missing_percentile_0_b1,2017-2022 ex2020 3yr,1%,mean,20.239042,7.615668,27.332621,"selected minus lottery over the same pool, percentile points"
yield_three_year_mean_missing_percentile_0_b1_coverage,2017-2022 ex2020 3yr,1%,mean,93.750000,,,"share of selections with an observed outcome, %"
yield_three_year_mean_missing_percentile_0_b1_slots,2017-2022 ex2020 3yr,1%,mean,32.000000,,,award slots at this budget
yield_three_year_mean_missing_pool_mean_b1,2017-2022 ex2020 3yr,1%,mean,16.310747,6.622102,22.249554,"selected minus lottery over the same pool, percentile points"
yield_three_year_mean_missing_pool_mean_b1_coverage,2017-2022 ex2020 3yr,1%,mean,93.750000,,,"share of selections with an observed outcome, %"
yield_three_year_mean_missing_pool_mean_b1_slots,2017-2022 ex2020 3yr,1%,mean,32.000000,,,award slots at this budget
yield_three_year_mean_missing_zero_citation_percentile_b1,2017-2022 ex2020 3yr,1%,mean,19.019984,7.538832,25.671922,"selected minus lottery over the same pool, percentile points"
yield_three_year_mean_missing_zero_citation_percentile_b1_coverage,2017-2022 ex2020 3yr,1%,mean,93.750000,,,"share of selections with an observed outcome, %"
yield_three_year_mean_missing_zero_citation_percentile_b1_slots,2017-2022 ex2020 3yr,1%,mean,32.000000,,,award slots at this budget
yield_three_year_variance_observed_only_b1,2017-2022 ex2020 3yr,1%,variance,0.369621,-9.120615,11.989199,"selected minus lottery over the same pool, percentile points"
yield_three_year_variance_observed_only_b1_coverage,2017-2022 ex2020 3yr,1%,variance,87.500000,,,"share of selections with an observed outcome, %"
yield_three_year_variance_observed_only_b1_slots,2017-2022 ex2020 3yr,1%,variance,32.000000,,,award slots at this budget
yield_three_year_variance_missing_percentile_0_b1,2017-2022 ex2020 3yr,1%,variance,1.480867,-7.827744,12.968515,"selected minus lottery over the same pool, percentile points"
yield_three_year_variance_missing_percentile_0_b1_coverage,2017-2022 ex2020 3yr,1%,variance,87.500000,,,"share of selections with an observed outcome, %"
yield_three_year_variance_missing_percentile_0_b1_slots,2017-2022 ex2020 3yr,1%,variance,32.000000,,,award slots at this budget
yield_three_year_variance_missing_pool_mean_b1,2017-2022 ex2020 3yr,1%,variance,0.262271,-7.794510,10.364509,"selected minus lottery over the same pool, percentile points"
yield_three_year_variance_missing_pool_mean_b1_coverage,2017-2022 ex2020 3yr,1%,variance,87.500000,,,"share of selections with an observed outcome, %"
yield_three_year_variance_missing_pool_mean_b1_slots,2017-2022 ex2020 3yr,1%,variance,32.000000,,,award slots at this budget
yield_three_year_variance_missing_zero_citation_percentile_b1,2017-2022 ex2020 3yr,1%,variance,1.216659,-7.423102,11.960792,"selected minus lottery over the same pool, percentile points"
yield_three_year_variance_missing_zero_citation_percentile_b1_coverage,2017-2022 ex2020 3yr,1%,variance,87.500000,,,"share of selections with an observed outcome, %"
yield_three_year_variance_missing_zero_citation_percentile_b1_slots,2017-2022 ex2020 3yr,1%,variance,32.000000,,,award slots at this budget
yield_three_year_max_observed_only_b1,2017-2022 ex2020 3yr,1%,max,12.246117,-0.173072,23.034544,"selected minus lottery over the same pool, percentile points"
yield_three_year_max_observed_only_b1_coverage,2017-2022 ex2020 3yr,1%,max,75.000000,,,"share of selections with an observed outcome, %"
yield_three_year_max_observed_only_b1_slots,2017-2022 ex2020 3yr,1%,max,32.000000,,,award slots at this budget
yield_three_year_max_missing_percentile_0_b1,2017-2022 ex2020 3yr,1%,max,5.221677,-4.657497,18.064317,"selected minus lottery over the same pool, percentile points"
yield_three_year_max_missing_percentile_0_b1_coverage,2017-2022 ex2020 3yr,1%,max,75.000000,,,"share of selections with an observed outcome, %"
yield_three_year_max_missing_percentile_0_b1_slots,2017-2022 ex2020 3yr,1%,max,32.000000,,,award slots at this budget
yield_three_year_max_missing_pool_mean_b1,2017-2022 ex2020 3yr,1%,max,9.433250,0.172713,18.440031,"selected minus lottery over the same pool, percentile points"
yield_three_year_max_missing_pool_mean_b1_coverage,2017-2022 ex2020 3yr,1%,max,75.000000,,,"share of selections with an observed outcome, %"
yield_three_year_max_missing_pool_mean_b1_slots,2017-2022 ex2020 3yr,1%,max,32.000000,,,award slots at this budget
yield_three_year_max_missing_zero_citation_percentile_b1,2017-2022 ex2020 3yr,1%,max,6.494510,-3.222704,18.058039,"selected minus lottery over the same pool, percentile points"
yield_three_year_max_missing_zero_citation_percentile_b1_coverage,2017-2022 ex2020 3yr,1%,max,75.000000,,,"share of selections with an observed outcome, %"
yield_three_year_max_missing_zero_citation_percentile_b1_slots,2017-2022 ex2020 3yr,1%,max,32.000000,,,award slots at this budget
yield_three_year_max_resid_observed_only_b1,2017-2022 ex2020 3yr,1%,max_resid,-3.441336,-12.162964,9.782145,"selected minus lottery over the same pool, percentile points"
yield_three_year_max_resid_observed_only_b1_coverage,2017-2022 ex2020 3yr,1%,max_resid,75.000000,,,"share of selections with an observed outcome, %"
yield_three_year_max_resid_observed_only_b1_slots,2017-2022 ex2020 3yr,1%,max_resid,32.000000,,,award slots at this budget
yield_three_year_max_resid_missing_percentile_0_b1,2017-2022 ex2020 3yr,1%,max_resid,-6.543914,-14.286008,7.445512,"selected minus lottery over the same pool, percentile points"
yield_three_year_max_resid_missing_percentile_0_b1_coverage,2017-2022 ex2020 3yr,1%,max_resid,75.000000,,,"share of selections with an observed outcome, %"
yield_three_year_max_resid_missing_percentile_0_b1_slots,2017-2022 ex2020 3yr,1%,max_resid,32.000000,,,award slots at this budget
yield_three_year_max_resid_missing_pool_mean_b1,2017-2022 ex2020 3yr,1%,max_resid,-2.387356,-8.953578,7.850313,"selected minus lottery over the same pool, percentile points"
yield_three_year_max_resid_missing_pool_mean_b1_coverage,2017-2022 ex2020 3yr,1%,max_resid,75.000000,,,"share of selections with an observed outcome, %"
yield_three_year_max_resid_missing_pool_mean_b1_slots,2017-2022 ex2020 3yr,1%,max_resid,32.000000,,,award slots at this budget
yield_three_year_max_resid_missing_zero_citation_percentile_b1,2017-2022 ex2020 3yr,1%,max_resid,-5.163345,-11.977894,7.461792,"selected minus lottery over the same pool, percentile points"
yield_three_year_max_resid_missing_zero_citation_percentile_b1_coverage,2017-2022 ex2020 3yr,1%,max_resid,75.000000,,,"share of selections with an observed outcome, %"
yield_three_year_max_resid_missing_zero_citation_percentile_b1_slots,2017-2022 ex2020 3yr,1%,max_resid,32.000000,,,award slots at this budget
yield_three_year_lottery_observed_only_b1,2017-2022 ex2020 3yr,1%,lottery,0.000000,0.000000,0.000000,"selected minus lottery over the same pool, percentile points"
yield_three_year_lottery_observed_only_b1_coverage,2017-2022 ex2020 3yr,1%,lottery,84.674397,,,"share of selections with an observed outcome, %"
yield_three_year_lottery_observed_only_b1_slots,2017-2022 ex2020 3yr,1%,lottery,32.000000,,,award slots at this budget
yield_three_year_lottery_missing_percentile_0_b1,2017-2022 ex2020 3yr,1%,lottery,0.000000,0.000000,0.000000,"selected minus lottery over the same pool, percentile points"
yield_three_year_lottery_missing_percentile_0_b1_coverage,2017-2022 ex2020 3yr,1%,lottery,84.674397,,,"share of selections with an observed outcome, %"
yield_three_year_lottery_missing_percentile_0_b1_slots,2017-2022 ex2020 3yr,1%,lottery,32.000000,,,award slots at this budget
yield_three_year_lottery_missing_pool_mean_b1,2017-2022 ex2020 3yr,1%,lottery,0.000000,0.000000,0.000000,"selected minus lottery over the same pool, percentile points"
yield_three_year_lottery_missing_pool_mean_b1_coverage,2017-2022 ex2020 3yr,1%,lottery,84.674397,,,"share of selections with an observed outcome, %"
yield_three_year_lottery_missing_pool_mean_b1_slots,2017-2022 ex2020 3yr,1%,lottery,32.000000,,,award slots at this budget
yield_three_year_lottery_missing_zero_citation_percentile_b1,2017-2022 ex2020 3yr,1%,lottery,0.000000,0.000000,0.000000,"selected minus lottery over the same pool, percentile points"
yield_three_year_lottery_missing_zero_citation_percentile_b1_coverage,2017-2022 ex2020 3yr,1%,lottery,84.674397,,,"share of selections with an observed outcome, %"
yield_three_year_lottery_missing_zero_citation_percentile_b1_slots,2017-2022 ex2020 3yr,1%,lottery,32.000000,,,award slots at this budget
yield_three_year_D2_observed_only_b2,2017-2022 ex2020 3yr,2%,D2,0.622285,-7.763406,7.497452,"selected minus lottery over the same pool, percentile points"
yield_three_year_D2_observed_only_b2_coverage,2017-2022 ex2020 3yr,2%,D2,80.645161,,,"share of selections with an observed outcome, %"
yield_three_year_D2_observed_only_b2_slots,2017-2022 ex2020 3yr,2%,D2,62.000000,,,award slots at this budget
yield_three_year_D2_missing_percentile_0_b2,2017-2022 ex2020 3yr,2%,D2,-0.994109,-8.618962,5.718053,"selected minus lottery over the same pool, percentile points"
yield_three_year_D2_missing_percentile_0_b2_coverage,2017-2022 ex2020 3yr,2%,D2,80.645161,,,"share of selections with an observed outcome, %"
yield_three_year_D2_missing_percentile_0_b2_slots,2017-2022 ex2020 3yr,2%,D2,62.000000,,,award slots at this budget
yield_three_year_D2_missing_pool_mean_b2,2017-2022 ex2020 3yr,2%,D2,0.562064,-6.023509,6.110590,"selected minus lottery over the same pool, percentile points"
yield_three_year_D2_missing_pool_mean_b2_coverage,2017-2022 ex2020 3yr,2%,D2,80.645161,,,"share of selections with an observed outcome, %"
yield_three_year_D2_missing_pool_mean_b2_slots,2017-2022 ex2020 3yr,2%,D2,62.000000,,,award slots at this budget
yield_three_year_D2_missing_zero_citation_percentile_b2,2017-2022 ex2020 3yr,2%,D2,-0.406807,-7.526955,5.773081,"selected minus lottery over the same pool, percentile points"
yield_three_year_D2_missing_zero_citation_percentile_b2_coverage,2017-2022 ex2020 3yr,2%,D2,80.645161,,,"share of selections with an observed outcome, %"
yield_three_year_D2_missing_zero_citation_percentile_b2_slots,2017-2022 ex2020 3yr,2%,D2,62.000000,,,award slots at this budget
yield_three_year_mean_observed_only_b2,2017-2022 ex2020 3yr,2%,mean,10.381794,5.057676,19.450116,"selected minus lottery over the same pool, percentile points"
yield_three_year_mean_observed_only_b2_coverage,2017-2022 ex2020 3yr,2%,mean,83.870968,,,"share of selections with an observed outcome, %"
yield_three_year_mean_observed_only_b2_slots,2017-2022 ex2020 3yr,2%,mean,62.000000,,,award slots at this budget
yield_three_year_mean_missing_percentile_0_b2,2017-2022 ex2020 3yr,2%,mean,8.536634,3.484515,18.401002,"selected minus lottery over the same pool, percentile points"
yield_three_year_mean_missing_percentile_0_b2_coverage,2017-2022 ex2020 3yr,2%,mean,83.870968,,,"share of selections with an observed outcome, %"
yield_three_year_mean_missing_percentile_0_b2_slots,2017-2022 ex2020 3yr,2%,mean,62.000000,,,award slots at this budget
yield_three_year_mean_missing_pool_mean_b2,2017-2022 ex2020 3yr,2%,mean,8.802273,4.420526,16.667523,"selected minus lottery over the same pool, percentile points"
yield_three_year_mean_missing_pool_mean_b2_coverage,2017-2022 ex2020 3yr,2%,mean,83.870968,,,"share of selections with an observed outcome, %"
yield_three_year_mean_missing_pool_mean_b2_slots,2017-2022 ex2020 3yr,2%,mean,62.000000,,,award slots at this budget
yield_three_year_mean_missing_zero_citation_percentile_b2,2017-2022 ex2020 3yr,2%,mean,8.601028,4.026314,17.783945,"selected minus lottery over the same pool, percentile points"
yield_three_year_mean_missing_zero_citation_percentile_b2_coverage,2017-2022 ex2020 3yr,2%,mean,83.870968,,,"share of selections with an observed outcome, %"
yield_three_year_mean_missing_zero_citation_percentile_b2_slots,2017-2022 ex2020 3yr,2%,mean,62.000000,,,award slots at this budget
yield_three_year_variance_observed_only_b2,2017-2022 ex2020 3yr,2%,variance,1.623008,-6.206779,8.931580,"selected minus lottery over the same pool, percentile points"
yield_three_year_variance_observed_only_b2_coverage,2017-2022 ex2020 3yr,2%,variance,88.709677,,,"share of selections with an observed outcome, %"
yield_three_year_variance_observed_only_b2_slots,2017-2022 ex2020 3yr,2%,variance,62.000000,,,award slots at this budget
yield_three_year_variance_missing_percentile_0_b2,2017-2022 ex2020 3yr,2%,variance,3.256999,-5.397860,9.864591,"selected minus lottery over the same pool, percentile points"
yield_three_year_variance_missing_percentile_0_b2_coverage,2017-2022 ex2020 3yr,2%,variance,88.709677,,,"share of selections with an observed outcome, %"
yield_three_year_variance_missing_percentile_0_b2_slots,2017-2022 ex2020 3yr,2%,variance,62.000000,,,award slots at this budget
yield_three_year_variance_missing_pool_mean_b2,2017-2022 ex2020 3yr,2%,variance,1.274194,-5.370221,7.681529,"selected minus lottery over the same pool, percentile points"
yield_three_year_variance_missing_pool_mean_b2_coverage,2017-2022 ex2020 3yr,2%,variance,88.709677,,,"share of selections with an observed outcome, %"
yield_three_year_variance_missing_pool_mean_b2_slots,2017-2022 ex2020 3yr,2%,variance,62.000000,,,award slots at this budget
yield_three_year_variance_missing_zero_citation_percentile_b2,2017-2022 ex2020 3yr,2%,variance,2.695644,-5.030053,8.881204,"selected minus lottery over the same pool, percentile points"
yield_three_year_variance_missing_zero_citation_percentile_b2_coverage,2017-2022 ex2020 3yr,2%,variance,88.709677,,,"share of selections with an observed outcome, %"
yield_three_year_variance_missing_zero_citation_percentile_b2_slots,2017-2022 ex2020 3yr,2%,variance,62.000000,,,award slots at this budget
yield_three_year_max_observed_only_b2,2017-2022 ex2020 3yr,2%,max,12.281716,3.504524,19.511591,"selected minus lottery over the same pool, percentile points"
yield_three_year_max_observed_only_b2_coverage,2017-2022 ex2020 3yr,2%,max,79.032258,,,"share of selections with an observed outcome, %"
yield_three_year_max_observed_only_b2_slots,2017-2022 ex2020 3yr,2%,max,62.000000,,,award slots at this budget
yield_three_year_max_missing_percentile_0_b2,2017-2022 ex2020 3yr,2%,max,7.547929,-0.010471,15.132008,"selected minus lottery over the same pool, percentile points"
yield_three_year_max_missing_percentile_0_b2_coverage,2017-2022 ex2020 3yr,2%,max,79.032258,,,"share of selections with an observed outcome, %"
yield_three_year_max_missing_percentile_0_b2_slots,2017-2022 ex2020 3yr,2%,max,62.000000,,,award slots at this budget
yield_three_year_max_missing_pool_mean_b2,2017-2022 ex2020 3yr,2%,max,9.845971,2.922658,15.499969,"selected minus lottery over the same pool, percentile points"
yield_three_year_max_missing_pool_mean_b2_coverage,2017-2022 ex2020 3yr,2%,max,79.032258,,,"share of selections with an observed outcome, %"
yield_three_year_max_missing_pool_mean_b2_slots,2017-2022 ex2020 3yr,2%,max,62.000000,,,award slots at this budget
yield_three_year_max_missing_zero_citation_percentile_b2,2017-2022 ex2020 3yr,2%,max,8.298235,1.076711,15.129522,"selected minus lottery over the same pool, percentile points"
yield_three_year_max_missing_zero_citation_percentile_b2_coverage,2017-2022 ex2020 3yr,2%,max,79.032258,,,"share of selections with an observed outcome, %"
yield_three_year_max_missing_zero_citation_percentile_b2_slots,2017-2022 ex2020 3yr,2%,max,62.000000,,,award slots at this budget
yield_three_year_max_resid_observed_only_b2,2017-2022 ex2020 3yr,2%,max_resid,1.086389,-6.104338,8.692660,"selected minus lottery over the same pool, percentile points"
yield_three_year_max_resid_observed_only_b2_coverage,2017-2022 ex2020 3yr,2%,max_resid,82.258065,,,"share of selections with an observed outcome, %"
yield_three_year_max_resid_observed_only_b2_slots,2017-2022 ex2020 3yr,2%,max_resid,62.000000,,,award slots at this budget
yield_three_year_max_resid_missing_percentile_0_b2,2017-2022 ex2020 3yr,2%,max_resid,0.060328,-7.112907,7.468160,"selected minus lottery over the same pool, percentile points"
yield_three_year_max_resid_missing_percentile_0_b2_coverage,2017-2022 ex2020 3yr,2%,max_resid,82.258065,,,"share of selections with an observed outcome, %"
yield_three_year_max_resid_missing_percentile_0_b2_slots,2017-2022 ex2020 3yr,2%,max_resid,62.000000,,,award slots at this budget
yield_three_year_max_resid_missing_pool_mean_b2,2017-2022 ex2020 3yr,2%,max_resid,0.823401,-5.101344,7.153242,"selected minus lottery over the same pool, percentile points"
yield_three_year_max_resid_missing_pool_mean_b2_coverage,2017-2022 ex2020 3yr,2%,max_resid,82.258065,,,"share of selections with an observed outcome, %"
yield_three_year_max_resid_missing_pool_mean_b2_slots,2017-2022 ex2020 3yr,2%,max_resid,62.000000,,,award slots at this budget
yield_three_year_max_resid_missing_zero_citation_percentile_b2,2017-2022 ex2020 3yr,2%,max_resid,0.403496,-6.180732,7.295211,"selected minus lottery over the same pool, percentile points"
yield_three_year_max_resid_missing_zero_citation_percentile_b2_coverage,2017-2022 ex2020 3yr,2%,max_resid,82.258065,,,"share of selections with an observed outcome, %"
yield_three_year_max_resid_missing_zero_citation_percentile_b2_slots,2017-2022 ex2020 3yr,2%,max_resid,62.000000,,,award slots at this budget
yield_three_year_lottery_observed_only_b2,2017-2022 ex2020 3yr,2%,lottery,0.000000,0.000000,0.000000,"selected minus lottery over the same pool, percentile points"
yield_three_year_lottery_observed_only_b2_coverage,2017-2022 ex2020 3yr,2%,lottery,84.286409,,,"share of selections with an observed outcome, %"
yield_three_year_lottery_observed_only_b2_slots,2017-2022 ex2020 3yr,2%,lottery,62.000000,,,award slots at this budget
yield_three_year_lottery_missing_percentile_0_b2,2017-2022 ex2020 3yr,2%,lottery,0.000000,0.000000,0.000000,"selected minus lottery over the same pool, percentile points"
yield_three_year_lottery_missing_percentile_0_b2_coverage,2017-2022 ex2020 3yr,2%,lottery,84.286409,,,"share of selections with an observed outcome, %"
yield_three_year_lottery_missing_percentile_0_b2_slots,2017-2022 ex2020 3yr,2%,lottery,62.000000,,,award slots at this budget
yield_three_year_lottery_missing_pool_mean_b2,2017-2022 ex2020 3yr,2%,lottery,0.000000,0.000000,0.000000,"selected minus lottery over the same pool, percentile points"
yield_three_year_lottery_missing_pool_mean_b2_coverage,2017-2022 ex2020 3yr,2%,lottery,84.286409,,,"share of selections with an observed outcome, %"
yield_three_year_lottery_missing_pool_mean_b2_slots,2017-2022 ex2020 3yr,2%,lottery,62.000000,,,award slots at this budget
yield_three_year_lottery_missing_zero_citation_percentile_b2,2017-2022 ex2020 3yr,2%,lottery,0.000000,0.000000,0.000000,"selected minus lottery over the same pool, percentile points"
yield_three_year_lottery_missing_zero_citation_percentile_b2_coverage,2017-2022 ex2020 3yr,2%,lottery,84.286409,,,"share of selections with an observed outcome, %"
yield_three_year_lottery_missing_zero_citation_percentile_b2_slots,2017-2022 ex2020 3yr,2%,lottery,62.000000,,,award slots at this budget
yield_three_year_D2_observed_only_b5,2017-2022 ex2020 3yr,5%,D2,-3.446214,-8.319587,1.440499,"selected minus lottery over the same pool, percentile points"
yield_three_year_D2_observed_only_b5_coverage,2017-2022 ex2020 3yr,5%,D2,76.821192,,,"share of selections with an observed outcome, %"
yield_three_year_D2_observed_only_b5_slots,2017-2022 ex2020 3yr,5%,D2,151.000000,,,award slots at this budget
yield_three_year_D2_missing_percentile_0_b5,2017-2022 ex2020 3yr,5%,D2,-5.575491,-9.824578,-0.797559,"selected minus lottery over the same pool, percentile points"
yield_three_year_D2_missing_percentile_0_b5_coverage,2017-2022 ex2020 3yr,5%,D2,76.821192,,,"share of selections with an observed outcome, %"
yield_three_year_D2_missing_percentile_0_b5_slots,2017-2022 ex2020 3yr,5%,D2,151.000000,,,award slots at this budget
yield_three_year_D2_missing_pool_mean_b5,2017-2022 ex2020 3yr,5%,D2,-2.497226,-6.372112,1.219168,"selected minus lottery over the same pool, percentile points"
yield_three_year_D2_missing_pool_mean_b5_coverage,2017-2022 ex2020 3yr,5%,D2,76.821192,,,"share of selections with an observed outcome, %"
yield_three_year_D2_missing_pool_mean_b5_slots,2017-2022 ex2020 3yr,5%,D2,151.000000,,,award slots at this budget
yield_three_year_D2_missing_zero_citation_percentile_b5,2017-2022 ex2020 3yr,5%,D2,-4.597629,-8.481327,-0.189020,"selected minus lottery over the same pool, percentile points"
yield_three_year_D2_missing_zero_citation_percentile_b5_coverage,2017-2022 ex2020 3yr,5%,D2,76.821192,,,"share of selections with an observed outcome, %"
yield_three_year_D2_missing_zero_citation_percentile_b5_slots,2017-2022 ex2020 3yr,5%,D2,151.000000,,,award slots at this budget
yield_three_year_mean_observed_only_b5,2017-2022 ex2020 3yr,5%,mean,12.345310,7.274951,16.547366,"selected minus lottery over the same pool, percentile points"
yield_three_year_mean_observed_only_b5_coverage,2017-2022 ex2020 3yr,5%,mean,86.754967,,,"share of selections with an observed outcome, %"
yield_three_year_mean_observed_only_b5_slots,2017-2022 ex2020 3yr,5%,mean,151.000000,,,award slots at this budget
yield_three_year_mean_missing_percentile_0_b5,2017-2022 ex2020 3yr,5%,mean,11.865042,6.595966,16.007761,"selected minus lottery over the same pool, percentile points"
yield_three_year_mean_missing_percentile_0_b5_coverage,2017-2022 ex2020 3yr,5%,mean,86.754967,,,"share of selections with an observed outcome, %"
yield_three_year_mean_missing_percentile_0_b5_slots,2017-2022 ex2020 3yr,5%,mean,151.000000,,,award slots at this budget
yield_three_year_mean_missing_pool_mean_b5,2017-2022 ex2020 3yr,5%,mean,10.637764,6.203256,14.228665,"selected minus lottery over the same pool, percentile points"
yield_three_year_mean_missing_pool_mean_b5_coverage,2017-2022 ex2020 3yr,5%,mean,86.754967,,,"share of selections with an observed outcome, %"
yield_three_year_mean_missing_pool_mean_b5_slots,2017-2022 ex2020 3yr,5%,mean,151.000000,,,award slots at this budget
yield_three_year_mean_missing_zero_citation_percentile_b5,2017-2022 ex2020 3yr,5%,mean,11.471794,6.580477,15.430097,"selected minus lottery over the same pool, percentile points"
yield_three_year_mean_missing_zero_citation_percentile_b5_coverage,2017-2022 ex2020 3yr,5%,mean,86.754967,,,"share of selections with an observed outcome, %"
yield_three_year_mean_missing_zero_citation_percentile_b5_slots,2017-2022 ex2020 3yr,5%,mean,151.000000,,,award slots at this budget
yield_three_year_variance_observed_only_b5,2017-2022 ex2020 3yr,5%,variance,1.437992,-3.056908,6.936970,"selected minus lottery over the same pool, percentile points"
yield_three_year_variance_observed_only_b5_coverage,2017-2022 ex2020 3yr,5%,variance,83.443709,,,"share of selections with an observed outcome, %"
yield_three_year_variance_observed_only_b5_slots,2017-2022 ex2020 3yr,5%,variance,151.000000,,,award slots at this budget
yield_three_year_variance_missing_percentile_0_b5,2017-2022 ex2020 3yr,5%,variance,0.993807,-3.390228,6.232172,"selected minus lottery over the same pool, percentile points"
yield_three_year_variance_missing_percentile_0_b5_coverage,2017-2022 ex2020 3yr,5%,variance,83.443709,,,"share of selections with an observed outcome, %"
yield_three_year_variance_missing_percentile_0_b5_slots,2017-2022 ex2020 3yr,5%,variance,151.000000,,,award slots at this budget
yield_three_year_variance_missing_pool_mean_b5,2017-2022 ex2020 3yr,5%,variance,1.142573,-2.648510,5.690014,"selected minus lottery over the same pool, percentile points"
yield_three_year_variance_missing_pool_mean_b5_coverage,2017-2022 ex2020 3yr,5%,variance,83.443709,,,"share of selections with an observed outcome, %"
yield_three_year_variance_missing_pool_mean_b5_slots,2017-2022 ex2020 3yr,5%,variance,151.000000,,,award slots at this budget
yield_three_year_variance_missing_zero_citation_percentile_b5,2017-2022 ex2020 3yr,5%,variance,1.074064,-2.953992,5.950482,"selected minus lottery over the same pool, percentile points"
yield_three_year_variance_missing_zero_citation_percentile_b5_coverage,2017-2022 ex2020 3yr,5%,variance,83.443709,,,"share of selections with an observed outcome, %"
yield_three_year_variance_missing_zero_citation_percentile_b5_slots,2017-2022 ex2020 3yr,5%,variance,151.000000,,,award slots at this budget
yield_three_year_max_observed_only_b5,2017-2022 ex2020 3yr,5%,max,10.119186,5.455359,15.464448,"selected minus lottery over the same pool, percentile points"
yield_three_year_max_observed_only_b5_coverage,2017-2022 ex2020 3yr,5%,max,83.443709,,,"share of selections with an observed outcome, %"
yield_three_year_max_observed_only_b5_slots,2017-2022 ex2020 3yr,5%,max,151.000000,,,award slots at this budget
yield_three_year_max_missing_percentile_0_b5,2017-2022 ex2020 3yr,5%,max,8.237717,3.140021,13.389302,"selected minus lottery over the same pool, percentile points"
yield_three_year_max_missing_percentile_0_b5_coverage,2017-2022 ex2020 3yr,5%,max,83.443709,,,"share of selections with an observed outcome, %"
yield_three_year_max_missing_percentile_0_b5_slots,2017-2022 ex2020 3yr,5%,max,151.000000,,,award slots at this budget
yield_three_year_max_missing_pool_mean_b5,2017-2022 ex2020 3yr,5%,max,8.430835,4.426320,12.921325,"selected minus lottery over the same pool, percentile points"
yield_three_year_max_missing_pool_mean_b5_coverage,2017-2022 ex2020 3yr,5%,max,83.443709,,,"share of selections with an observed outcome, %"
yield_three_year_max_missing_pool_mean_b5_slots,2017-2022 ex2020 3yr,5%,max,151.000000,,,award slots at this budget
yield_three_year_max_missing_zero_citation_percentile_b5,2017-2022 ex2020 3yr,5%,max,8.305622,3.782862,13.127324,"selected minus lottery over the same pool, percentile points"
yield_three_year_max_missing_zero_citation_percentile_b5_coverage,2017-2022 ex2020 3yr,5%,max,83.443709,,,"share of selections with an observed outcome, %"
yield_three_year_max_missing_zero_citation_percentile_b5_slots,2017-2022 ex2020 3yr,5%,max,151.000000,,,award slots at this budget
yield_three_year_max_resid_observed_only_b5,2017-2022 ex2020 3yr,5%,max_resid,1.900213,-3.206422,6.353591,"selected minus lottery over the same pool, percentile points"
yield_three_year_max_resid_observed_only_b5_coverage,2017-2022 ex2020 3yr,5%,max_resid,83.443709,,,"share of selections with an observed outcome, %"
yield_three_year_max_resid_observed_only_b5_slots,2017-2022 ex2020 3yr,5%,max_resid,151.000000,,,award slots at this budget
yield_three_year_max_resid_missing_percentile_0_b5,2017-2022 ex2020 3yr,5%,max_resid,1.379500,-3.314007,5.953106,"selected minus lottery over the same pool, percentile points"
yield_three_year_max_resid_missing_percentile_0_b5_coverage,2017-2022 ex2020 3yr,5%,max_resid,83.443709,,,"share of selections with an observed outcome, %"
yield_three_year_max_resid_missing_percentile_0_b5_slots,2017-2022 ex2020 3yr,5%,max_resid,151.000000,,,award slots at this budget
yield_three_year_max_resid_missing_pool_mean_b5,2017-2022 ex2020 3yr,5%,max_resid,1.528266,-2.738757,5.312417,"selected minus lottery over the same pool, percentile points"
yield_three_year_max_resid_missing_pool_mean_b5_coverage,2017-2022 ex2020 3yr,5%,max_resid,83.443709,,,"share of selections with an observed outcome, %"
yield_three_year_max_resid_missing_pool_mean_b5_slots,2017-2022 ex2020 3yr,5%,max_resid,151.000000,,,award slots at this budget
yield_three_year_max_resid_missing_zero_citation_percentile_b5,2017-2022 ex2020 3yr,5%,max_resid,1.459757,-2.931562,5.683134,"selected minus lottery over the same pool, percentile points"
yield_three_year_max_resid_missing_zero_citation_percentile_b5_coverage,2017-2022 ex2020 3yr,5%,max_resid,83.443709,,,"share of selections with an observed outcome, %"
yield_three_year_max_resid_missing_zero_citation_percentile_b5_slots,2017-2022 ex2020 3yr,5%,max_resid,151.000000,,,award slots at this budget
yield_three_year_lottery_observed_only_b5,2017-2022 ex2020 3yr,5%,lottery,0.000000,0.000000,0.000000,"selected minus lottery over the same pool, percentile points"
yield_three_year_lottery_observed_only_b5_coverage,2017-2022 ex2020 3yr,5%,lottery,83.945167,,,"share of selections with an observed outcome, %"
yield_three_year_lottery_observed_only_b5_slots,2017-2022 ex2020 3yr,5%,lottery,151.000000,,,award slots at this budget
yield_three_year_lottery_missing_percentile_0_b5,2017-2022 ex2020 3yr,5%,lottery,0.000000,0.000000,0.000000,"selected minus lottery over the same pool, percentile points"
yield_three_year_lottery_missing_percentile_0_b5_coverage,2017-2022 ex2020 3yr,5%,lottery,83.945167,,,"share of selections with an observed outcome, %"
yield_three_year_lottery_missing_percentile_0_b5_slots,2017-2022 ex2020 3yr,5%,lottery,151.000000,,,award slots at this budget
yield_three_year_lottery_missing_pool_mean_b5,2017-2022 ex2020 3yr,5%,lottery,0.000000,0.000000,0.000000,"selected minus lottery over the same pool, percentile points"
yield_three_year_lottery_missing_pool_mean_b5_coverage,2017-2022 ex2020 3yr,5%,lottery,83.945167,,,"share of selections with an observed outcome, %"
yield_three_year_lottery_missing_pool_mean_b5_slots,2017-2022 ex2020 3yr,5%,lottery,151.000000,,,award slots at this budget
yield_three_year_lottery_missing_zero_citation_percentile_b5,2017-2022 ex2020 3yr,5%,lottery,0.000000,0.000000,0.000000,"selected minus lottery over the same pool, percentile points"
yield_three_year_lottery_missing_zero_citation_percentile_b5_coverage,2017-2022 ex2020 3yr,5%,lottery,83.945167,,,"share of selections with an observed outcome, %"
yield_three_year_lottery_missing_zero_citation_percentile_b5_slots,2017-2022 ex2020 3yr,5%,lottery,151.000000,,,award slots at this budget
yield_three_year_D2_observed_only_b10,2017-2022 ex2020 3yr,10%,D2,-1.063745,-4.806011,1.910422,"selected minus lottery over the same pool, percentile points"
yield_three_year_D2_observed_only_b10_coverage,2017-2022 ex2020 3yr,10%,D2,80.730897,,,"share of selections with an observed outcome, %"
yield_three_year_D2_observed_only_b10_slots,2017-2022 ex2020 3yr,10%,D2,301.000000,,,award slots at this budget
yield_three_year_D2_missing_percentile_0_b10,2017-2022 ex2020 3yr,10%,D2,-2.161908,-5.412645,0.847719,"selected minus lottery over the same pool, percentile points"
yield_three_year_D2_missing_percentile_0_b10_coverage,2017-2022 ex2020 3yr,10%,D2,80.730897,,,"share of selections with an observed outcome, %"
yield_three_year_D2_missing_percentile_0_b10_slots,2017-2022 ex2020 3yr,10%,D2,301.000000,,,award slots at this budget
yield_three_year_D2_missing_pool_mean_b10,2017-2022 ex2020 3yr,10%,D2,-0.778343,-3.792382,1.606053,"selected minus lottery over the same pool, percentile points"
yield_three_year_D2_missing_pool_mean_b10_coverage,2017-2022 ex2020 3yr,10%,D2,80.730897,,,"share of selections with an observed outcome, %"
yield_three_year_D2_missing_pool_mean_b10_slots,2017-2022 ex2020 3yr,10%,D2,301.000000,,,award slots at this budget
yield_three_year_D2_missing_zero_citation_percentile_b10,2017-2022 ex2020 3yr,10%,D2,-1.715747,-4.796328,0.962988,"selected minus lottery over the same pool, percentile points"
yield_three_year_D2_missing_zero_citation_percentile_b10_coverage,2017-2022 ex2020 3yr,10%,D2,80.730897,,,"share of selections with an observed outcome, %"
yield_three_year_D2_missing_zero_citation_percentile_b10_slots,2017-2022 ex2020 3yr,10%,D2,301.000000,,,award slots at this budget
yield_three_year_mean_observed_only_b10,2017-2022 ex2020 3yr,10%,mean,11.083069,7.900141,14.096210,"selected minus lottery over the same pool, percentile points"
yield_three_year_mean_observed_only_b10_coverage,2017-2022 ex2020 3yr,10%,mean,88.372093,,,"share of selections with an observed outcome, %"
yield_three_year_mean_observed_only_b10_slots,2017-2022 ex2020 3yr,10%,mean,301.000000,,,award slots at this budget
yield_three_year_mean_missing_percentile_0_b10,2017-2022 ex2020 3yr,10%,mean,11.632388,8.348679,14.653959,"selected minus lottery over the same pool, percentile points"
yield_three_year_mean_missing_percentile_0_b10_coverage,2017-2022 ex2020 3yr,10%,mean,88.372093,,,"share of selections with an observed outcome, %"
yield_three_year_mean_missing_percentile_0_b10_slots,2017-2022 ex2020 3yr,10%,mean,301.000000,,,award slots at this budget
yield_three_year_mean_missing_pool_mean_b10,2017-2022 ex2020 3yr,10%,mean,9.675526,6.839966,12.266064,"selected minus lottery over the same pool, percentile points"
yield_three_year_mean_missing_pool_mean_b10_coverage,2017-2022 ex2020 3yr,10%,mean,88.372093,,,"share of selections with an observed outcome, %"
yield_three_year_mean_missing_pool_mean_b10_slots,2017-2022 ex2020 3yr,10%,mean,301.000000,,,award slots at this budget
yield_three_year_mean_missing_zero_citation_percentile_b10,2017-2022 ex2020 3yr,10%,mean,11.010402,7.898778,13.812699,"selected minus lottery over the same pool, percentile points"
yield_three_year_mean_missing_zero_citation_percentile_b10_coverage,2017-2022 ex2020 3yr,10%,mean,88.372093,,,"share of selections with an observed outcome, %"
yield_three_year_mean_missing_zero_citation_percentile_b10_slots,2017-2022 ex2020 3yr,10%,mean,301.000000,,,award slots at this budget
yield_three_year_variance_observed_only_b10,2017-2022 ex2020 3yr,10%,variance,3.575248,0.481938,7.070933,"selected minus lottery over the same pool, percentile points"
yield_three_year_variance_observed_only_b10_coverage,2017-2022 ex2020 3yr,10%,variance,85.382060,,,"share of selections with an observed outcome, %"
yield_three_year_variance_observed_only_b10_slots,2017-2022 ex2020 3yr,10%,variance,301.000000,,,award slots at this budget
yield_three_year_variance_missing_percentile_0_b10,2017-2022 ex2020 3yr,10%,variance,3.661509,0.468720,7.131474,"selected minus lottery over the same pool, percentile points"
yield_three_year_variance_missing_percentile_0_b10_coverage,2017-2022 ex2020 3yr,10%,variance,85.382060,,,"share of selections with an observed outcome, %"
yield_three_year_variance_missing_percentile_0_b10_slots,2017-2022 ex2020 3yr,10%,variance,301.000000,,,award slots at this budget
yield_three_year_variance_missing_pool_mean_b10,2017-2022 ex2020 3yr,10%,variance,2.998165,0.321807,5.990105,"selected minus lottery over the same pool, percentile points"
yield_three_year_variance_missing_pool_mean_b10_coverage,2017-2022 ex2020 3yr,10%,variance,85.382060,,,"share of selections with an observed outcome, %"
yield_three_year_variance_missing_pool_mean_b10_slots,2017-2022 ex2020 3yr,10%,variance,301.000000,,,award slots at this budget
yield_three_year_variance_missing_zero_citation_percentile_b10,2017-2022 ex2020 3yr,10%,variance,3.493971,0.528702,6.756261,"selected minus lottery over the same pool, percentile points"
yield_three_year_variance_missing_zero_citation_percentile_b10_coverage,2017-2022 ex2020 3yr,10%,variance,85.382060,,,"share of selections with an observed outcome, %"
yield_three_year_variance_missing_zero_citation_percentile_b10_slots,2017-2022 ex2020 3yr,10%,variance,301.000000,,,award slots at this budget
yield_three_year_max_observed_only_b10,2017-2022 ex2020 3yr,10%,max,9.019969,6.444530,13.293893,"selected minus lottery over the same pool, percentile points"
yield_three_year_max_observed_only_b10_coverage,2017-2022 ex2020 3yr,10%,max,83.056478,,,"share of selections with an observed outcome, %"
yield_three_year_max_observed_only_b10_slots,2017-2022 ex2020 3yr,10%,max,301.000000,,,award slots at this budget
yield_three_year_max_missing_percentile_0_b10,2017-2022 ex2020 3yr,10%,max,7.144545,4.389050,11.159722,"selected minus lottery over the same pool, percentile points"
yield_three_year_max_missing_percentile_0_b10_coverage,2017-2022 ex2020 3yr,10%,max,83.056478,,,"share of selections with an observed outcome, %"
yield_three_year_max_missing_percentile_0_b10_slots,2017-2022 ex2020 3yr,10%,max,301.000000,,,award slots at this budget
yield_three_year_max_missing_pool_mean_b10,2017-2022 ex2020 3yr,10%,max,7.471280,5.308846,11.027802,"selected minus lottery over the same pool, percentile points"
yield_three_year_max_missing_pool_mean_b10_coverage,2017-2022 ex2020 3yr,10%,max,83.056478,,,"share of selections with an observed outcome, %"
yield_three_year_max_missing_pool_mean_b10_slots,2017-2022 ex2020 3yr,10%,max,301.000000,,,award slots at this budget
yield_three_year_max_missing_zero_citation_percentile_b10,2017-2022 ex2020 3yr,10%,max,7.293150,4.826414,11.137810,"selected minus lottery over the same pool, percentile points"
yield_three_year_max_missing_zero_citation_percentile_b10_coverage,2017-2022 ex2020 3yr,10%,max,83.056478,,,"share of selections with an observed outcome, %"
yield_three_year_max_missing_zero_citation_percentile_b10_slots,2017-2022 ex2020 3yr,10%,max,301.000000,,,award slots at this budget
yield_three_year_max_resid_observed_only_b10,2017-2022 ex2020 3yr,10%,max_resid,-1.571349,-4.429024,2.030743,"selected minus lottery over the same pool, percentile points"
yield_three_year_max_resid_observed_only_b10_coverage,2017-2022 ex2020 3yr,10%,max_resid,83.388704,,,"share of selections with an observed outcome, %"
yield_three_year_max_resid_observed_only_b10_slots,2017-2022 ex2020 3yr,10%,max_resid,301.000000,,,award slots at this budget
yield_three_year_max_resid_missing_percentile_0_b10,2017-2022 ex2020 3yr,10%,max_resid,-1.520878,-4.261320,1.927324,"selected minus lottery over the same pool, percentile points"
yield_three_year_max_resid_missing_percentile_0_b10_coverage,2017-2022 ex2020 3yr,10%,max_resid,83.388704,,,"share of selections with an observed outcome, %"
yield_three_year_max_resid_missing_percentile_0_b10_slots,2017-2022 ex2020 3yr,10%,max_resid,301.000000,,,award slots at this budget
yield_three_year_max_resid_missing_pool_mean_b10,2017-2022 ex2020 3yr,10%,max_resid,-1.302454,-3.746646,1.691087,"selected minus lottery over the same pool, percentile points"
yield_three_year_max_resid_missing_pool_mean_b10_coverage,2017-2022 ex2020 3yr,10%,max_resid,83.388704,,,"share of selections with an observed outcome, %"
yield_three_year_max_resid_missing_pool_mean_b10_slots,2017-2022 ex2020 3yr,10%,max_resid,301.000000,,,award slots at this budget
yield_three_year_max_resid_missing_zero_citation_percentile_b10,2017-2022 ex2020 3yr,10%,max_resid,-1.418241,-3.998289,1.877182,"selected minus lottery over the same pool, percentile points"
yield_three_year_max_resid_missing_zero_citation_percentile_b10_coverage,2017-2022 ex2020 3yr,10%,max_resid,83.388704,,,"share of selections with an observed outcome, %"
yield_three_year_max_resid_missing_zero_citation_percentile_b10_slots,2017-2022 ex2020 3yr,10%,max_resid,301.000000,,,award slots at this budget
yield_three_year_lottery_observed_only_b10,2017-2022 ex2020 3yr,10%,lottery,0.000000,0.000000,0.000000,"selected minus lottery over the same pool, percentile points"
yield_three_year_lottery_observed_only_b10_coverage,2017-2022 ex2020 3yr,10%,lottery,83.900886,,,"share of selections with an observed outcome, %"
yield_three_year_lottery_observed_only_b10_slots,2017-2022 ex2020 3yr,10%,lottery,301.000000,,,award slots at this budget
yield_three_year_lottery_missing_percentile_0_b10,2017-2022 ex2020 3yr,10%,lottery,0.000000,0.000000,0.000000,"selected minus lottery over the same pool, percentile points"
yield_three_year_lottery_missing_percentile_0_b10_coverage,2017-2022 ex2020 3yr,10%,lottery,83.900886,,,"share of selections with an observed outcome, %"
yield_three_year_lottery_missing_percentile_0_b10_slots,2017-2022 ex2020 3yr,10%,lottery,301.000000,,,award slots at this budget
yield_three_year_lottery_missing_pool_mean_b10,2017-2022 ex2020 3yr,10%,lottery,0.000000,0.000000,0.000000,"selected minus lottery over the same pool, percentile points"
yield_three_year_lottery_missing_pool_mean_b10_coverage,2017-2022 ex2020 3yr,10%,lottery,83.900886,,,"share of selections with an observed outcome, %"
yield_three_year_lottery_missing_pool_mean_b10_slots,2017-2022 ex2020 3yr,10%,lottery,301.000000,,,award slots at this budget
yield_three_year_lottery_missing_zero_citation_percentile_b10,2017-2022 ex2020 3yr,10%,lottery,0.000000,0.000000,0.000000,"selected minus lottery over the same pool, percentile points"
yield_three_year_lottery_missing_zero_citation_percentile_b10_coverage,2017-2022 ex2020 3yr,10%,lottery,83.900886,,,"share of selections with an observed outcome, %"
yield_three_year_lottery_missing_zero_citation_percentile_b10_slots,2017-2022 ex2020 3yr,10%,lottery,301.000000,,,award slots at this budget
yield_two_year_through_2022_D2_observed_only_b1,2017-2022 ex2020 2yr,1%,D2,3.068797,-9.179452,11.753393,"selected minus lottery over the same pool, percentile points"
yield_two_year_through_2022_D2_observed_only_b1_coverage,2017-2022 ex2020 2yr,1%,D2,81.250000,,,"share of selections with an observed outcome, %"
yield_two_year_through_2022_D2_observed_only_b1_slots,2017-2022 ex2020 2yr,1%,D2,32.000000,,,award slots at this budget
yield_two_year_through_2022_D2_missing_percentile_0_b1,2017-2022 ex2020 2yr,1%,D2,1.085480,-11.381160,9.975416,"selected minus lottery over the same pool, percentile points"
yield_two_year_through_2022_D2_missing_percentile_0_b1_coverage,2017-2022 ex2020 2yr,1%,D2,81.250000,,,"share of selections with an observed outcome, %"
yield_two_year_through_2022_D2_missing_percentile_0_b1_slots,2017-2022 ex2020 2yr,1%,D2,32.000000,,,award slots at this budget
yield_two_year_through_2022_D2_missing_pool_mean_b1,2017-2022 ex2020 2yr,1%,D2,2.577322,-7.172692,9.607559,"selected minus lottery over the same pool, percentile points"
yield_two_year_through_2022_D2_missing_pool_mean_b1_coverage,2017-2022 ex2020 2yr,1%,D2,81.250000,,,"share of selections with an observed outcome, %"
yield_two_year_through_2022_D2_missing_pool_mean_b1_slots,2017-2022 ex2020 2yr,1%,D2,32.000000,,,award slots at this budget
yield_two_year_through_2022_D2_missing_zero_citation_percentile_b1,2017-2022 ex2020 2yr,1%,D2,1.835450,-9.334109,9.661523,"selected minus lottery over the same pool, percentile points"
yield_two_year_through_2022_D2_missing_zero_citation_percentile_b1_coverage,2017-2022 ex2020 2yr,1%,D2,81.250000,,,"share of selections with an observed outcome, %"
yield_two_year_through_2022_D2_missing_zero_citation_percentile_b1_slots,2017-2022 ex2020 2yr,1%,D2,32.000000,,,award slots at this budget
yield_two_year_through_2022_mean_observed_only_b1,2017-2022 ex2020 2yr,1%,mean,17.343422,6.745889,24.658301,"selected minus lottery over the same pool, percentile points"
yield_two_year_through_2022_mean_observed_only_b1_coverage,2017-2022 ex2020 2yr,1%,mean,93.750000,,,"share of selections with an observed outcome, %"
yield_two_year_through_2022_mean_observed_only_b1_slots,2017-2022 ex2020 2yr,1%,mean,32.000000,,,award slots at this budget
yield_two_year_through_2022_mean_missing_percentile_0_b1,2017-2022 ex2020 2yr,1%,mean,19.990831,7.602506,26.654746,"selected minus lottery over the same pool, percentile points"
yield_two_year_through_2022_mean_missing_percentile_0_b1_coverage,2017-2022 ex2020 2yr,1%,mean,93.750000,,,"share of selections with an observed outcome, %"
yield_two_year_through_2022_mean_missing_percentile_0_b1_slots,2017-2022 ex2020 2yr,1%,mean,32.000000,,,award slots at this budget
yield_two_year_through_2022_mean_missing_pool_mean_b1,2017-2022 ex2020 2yr,1%,mean,16.065664,6.122662,22.342122,"selected minus lottery over the same pool, percentile points"
yield_two_year_through_2022_mean_missing_pool_mean_b1_coverage,2017-2022 ex2020 2yr,1%,mean,93.750000,,,"share of selections with an observed outcome, %"
yield_two_year_through_2022_mean_missing_pool_mean_b1_slots,2017-2022 ex2020 2yr,1%,mean,32.000000,,,award slots at this budget
yield_two_year_through_2022_mean_missing_zero_citation_percentile_b1,2017-2022 ex2020 2yr,1%,mean,18.472519,7.518312,24.761794,"selected minus lottery over the same pool, percentile points"
yield_two_year_through_2022_mean_missing_zero_citation_percentile_b1_coverage,2017-2022 ex2020 2yr,1%,mean,93.750000,,,"share of selections with an observed outcome, %"
yield_two_year_through_2022_mean_missing_zero_citation_percentile_b1_slots,2017-2022 ex2020 2yr,1%,mean,32.000000,,,award slots at this budget
yield_two_year_through_2022_variance_observed_only_b1,2017-2022 ex2020 2yr,1%,variance,-1.270810,-9.832486,10.232364,"selected minus lottery over the same pool, percentile points"
yield_two_year_through_2022_variance_observed_only_b1_coverage,2017-2022 ex2020 2yr,1%,variance,87.500000,,,"share of selections with an observed outcome, %"
yield_two_year_through_2022_variance_observed_only_b1_slots,2017-2022 ex2020 2yr,1%,variance,32.000000,,,award slots at this budget
yield_two_year_through_2022_variance_missing_percentile_0_b1,2017-2022 ex2020 2yr,1%,variance,0.049769,-8.903452,11.282668,"selected minus lottery over the same pool, percentile points"
yield_two_year_through_2022_variance_missing_percentile_0_b1_coverage,2017-2022 ex2020 2yr,1%,variance,87.500000,,,"share of selections with an observed outcome, %"
yield_two_year_through_2022_variance_missing_percentile_0_b1_slots,2017-2022 ex2020 2yr,1%,variance,32.000000,,,award slots at this budget
yield_two_year_through_2022_variance_missing_pool_mean_b1,2017-2022 ex2020 2yr,1%,variance,-1.166893,-8.807334,8.994541,"selected minus lottery over the same pool, percentile points"
yield_two_year_through_2022_variance_missing_pool_mean_b1_coverage,2017-2022 ex2020 2yr,1%,variance,87.500000,,,"share of selections with an observed outcome, %"
yield_two_year_through_2022_variance_missing_pool_mean_b1_slots,2017-2022 ex2020 2yr,1%,variance,32.000000,,,award slots at this budget
yield_two_year_through_2022_variance_missing_zero_citation_percentile_b1,2017-2022 ex2020 2yr,1%,variance,-0.334402,-8.333967,10.193401,"selected minus lottery over the same pool, percentile points"
yield_two_year_through_2022_variance_missing_zero_citation_percentile_b1_coverage,2017-2022 ex2020 2yr,1%,variance,87.500000,,,"share of selections with an observed outcome, %"
yield_two_year_through_2022_variance_missing_zero_citation_percentile_b1_slots,2017-2022 ex2020 2yr,1%,variance,32.000000,,,award slots at this budget
yield_two_year_through_2022_max_observed_only_b1,2017-2022 ex2020 2yr,1%,max,13.136915,1.019110,23.096200,"selected minus lottery over the same pool, percentile points"
yield_two_year_through_2022_max_observed_only_b1_coverage,2017-2022 ex2020 2yr,1%,max,75.000000,,,"share of selections with an observed outcome, %"
yield_two_year_through_2022_max_observed_only_b1_slots,2017-2022 ex2020 2yr,1%,max,32.000000,,,award slots at this budget
yield_two_year_through_2022_max_missing_percentile_0_b1,2017-2022 ex2020 2yr,1%,max,5.875123,-3.899874,18.300216,"selected minus lottery over the same pool, percentile points"
yield_two_year_through_2022_max_missing_percentile_0_b1_coverage,2017-2022 ex2020 2yr,1%,max,75.000000,,,"share of selections with an observed outcome, %"
yield_two_year_through_2022_max_missing_percentile_0_b1_slots,2017-2022 ex2020 2yr,1%,max,32.000000,,,award slots at this budget
yield_two_year_through_2022_max_missing_pool_mean_b1,2017-2022 ex2020 2yr,1%,max,10.081359,0.961244,18.515623,"selected minus lottery over the same pool, percentile points"
yield_two_year_through_2022_max_missing_pool_mean_b1_coverage,2017-2022 ex2020 2yr,1%,max,75.000000,,,"share of selections with an observed outcome, %"
yield_two_year_through_2022_max_missing_pool_mean_b1_slots,2017-2022 ex2020 2yr,1%,max,32.000000,,,award slots at this budget
yield_two_year_through_2022_max_missing_zero_citation_percentile_b1,2017-2022 ex2020 2yr,1%,max,7.454450,-1.865467,18.205554,"selected minus lottery over the same pool, percentile points"
yield_two_year_through_2022_max_missing_zero_citation_percentile_b1_coverage,2017-2022 ex2020 2yr,1%,max,75.000000,,,"share of selections with an observed outcome, %"
yield_two_year_through_2022_max_missing_zero_citation_percentile_b1_slots,2017-2022 ex2020 2yr,1%,max,32.000000,,,award slots at this budget
yield_two_year_through_2022_max_resid_observed_only_b1,2017-2022 ex2020 2yr,1%,max_resid,-4.489071,-12.490469,9.162594,"selected minus lottery over the same pool, percentile points"
yield_two_year_through_2022_max_resid_observed_only_b1_coverage,2017-2022 ex2020 2yr,1%,max_resid,75.000000,,,"share of selections with an observed outcome, %"
yield_two_year_through_2022_max_resid_observed_only_b1_slots,2017-2022 ex2020 2yr,1%,max_resid,32.000000,,,award slots at this budget
yield_two_year_through_2022_max_resid_missing_percentile_0_b1,2017-2022 ex2020 2yr,1%,max_resid,-7.344366,-14.781956,6.446082,"selected minus lottery over the same pool, percentile points"
yield_two_year_through_2022_max_resid_missing_percentile_0_b1_coverage,2017-2022 ex2020 2yr,1%,max_resid,75.000000,,,"share of selections with an observed outcome, %"
yield_two_year_through_2022_max_resid_missing_percentile_0_b1_slots,2017-2022 ex2020 2yr,1%,max_resid,32.000000,,,award slots at this budget
yield_two_year_through_2022_max_resid_missing_pool_mean_b1,2017-2022 ex2020 2yr,1%,max_resid,-3.187645,-9.512377,7.468439,"selected minus lottery over the same pool, percentile points"
yield_two_year_through_2022_max_resid_missing_pool_mean_b1_coverage,2017-2022 ex2020 2yr,1%,max_resid,75.000000,,,"share of selections with an observed outcome, %"
yield_two_year_through_2022_max_resid_missing_pool_mean_b1_slots,2017-2022 ex2020 2yr,1%,max_resid,32.000000,,,award slots at this budget
yield_two_year_through_2022_max_resid_missing_zero_citation_percentile_b1,2017-2022 ex2020 2yr,1%,max_resid,-5.703640,-12.109519,6.593828,"selected minus lottery over the same pool, percentile points"
yield_two_year_through_2022_max_resid_missing_zero_citation_percentile_b1_coverage,2017-2022 ex2020 2yr,1%,max_resid,75.000000,,,"share of selections with an observed outcome, %"
yield_two_year_through_2022_max_resid_missing_zero_citation_percentile_b1_slots,2017-2022 ex2020 2yr,1%,max_resid,32.000000,,,award slots at this budget
yield_two_year_through_2022_lottery_observed_only_b1,2017-2022 ex2020 2yr,1%,lottery,0.000000,0.000000,0.000000,"selected minus lottery over the same pool, percentile points"
yield_two_year_through_2022_lottery_observed_only_b1_coverage,2017-2022 ex2020 2yr,1%,lottery,84.674397,,,"share of selections with an observed outcome, %"
yield_two_year_through_2022_lottery_observed_only_b1_slots,2017-2022 ex2020 2yr,1%,lottery,32.000000,,,award slots at this budget
yield_two_year_through_2022_lottery_missing_percentile_0_b1,2017-2022 ex2020 2yr,1%,lottery,0.000000,0.000000,0.000000,"selected minus lottery over the same pool, percentile points"
yield_two_year_through_2022_lottery_missing_percentile_0_b1_coverage,2017-2022 ex2020 2yr,1%,lottery,84.674397,,,"share of selections with an observed outcome, %"
yield_two_year_through_2022_lottery_missing_percentile_0_b1_slots,2017-2022 ex2020 2yr,1%,lottery,32.000000,,,award slots at this budget
yield_two_year_through_2022_lottery_missing_pool_mean_b1,2017-2022 ex2020 2yr,1%,lottery,0.000000,0.000000,0.000000,"selected minus lottery over the same pool, percentile points"
yield_two_year_through_2022_lottery_missing_pool_mean_b1_coverage,2017-2022 ex2020 2yr,1%,lottery,84.674397,,,"share of selections with an observed outcome, %"
yield_two_year_through_2022_lottery_missing_pool_mean_b1_slots,2017-2022 ex2020 2yr,1%,lottery,32.000000,,,award slots at this budget
yield_two_year_through_2022_lottery_missing_zero_citation_percentile_b1,2017-2022 ex2020 2yr,1%,lottery,0.000000,0.000000,0.000000,"selected minus lottery over the same pool, percentile points"
yield_two_year_through_2022_lottery_missing_zero_citation_percentile_b1_coverage,2017-2022 ex2020 2yr,1%,lottery,84.674397,,,"share of selections with an observed outcome, %"
yield_two_year_through_2022_lottery_missing_zero_citation_percentile_b1_slots,2017-2022 ex2020 2yr,1%,lottery,32.000000,,,award slots at this budget
yield_two_year_through_2022_D2_observed_only_b2,2017-2022 ex2020 2yr,2%,D2,1.697896,-6.588038,8.503897,"selected minus lottery over the same pool, percentile points"
yield_two_year_through_2022_D2_observed_only_b2_coverage,2017-2022 ex2020 2yr,2%,D2,80.645161,,,"share of selections with an observed outcome, %"
yield_two_year_through_2022_D2_observed_only_b2_slots,2017-2022 ex2020 2yr,2%,D2,62.000000,,,award slots at this budget
yield_two_year_through_2022_D2_missing_percentile_0_b2,2017-2022 ex2020 2yr,2%,D2,-0.131938,-7.908384,6.958533,"selected minus lottery over the same pool, percentile points"
yield_two_year_through_2022_D2_missing_percentile_0_b2_coverage,2017-2022 ex2020 2yr,2%,D2,80.645161,,,"share of selections with an observed outcome, %"
yield_two_year_through_2022_D2_missing_percentile_0_b2_slots,2017-2022 ex2020 2yr,2%,D2,62.000000,,,award slots at this budget
yield_two_year_through_2022_D2_missing_pool_mean_b2,2017-2022 ex2020 2yr,2%,D2,1.425697,-5.068514,6.810747,"selected minus lottery over the same pool, percentile points"
yield_two_year_through_2022_D2_missing_pool_mean_b2_coverage,2017-2022 ex2020 2yr,2%,D2,80.645161,,,"share of selections with an observed outcome, %"
yield_two_year_through_2022_D2_missing_pool_mean_b2_slots,2017-2022 ex2020 2yr,2%,D2,62.000000,,,award slots at this budget
yield_two_year_through_2022_D2_missing_zero_citation_percentile_b2,2017-2022 ex2020 2yr,2%,D2,0.530064,-6.536917,6.781273,"selected minus lottery over the same pool, percentile points"
yield_two_year_through_2022_D2_missing_zero_citation_percentile_b2_coverage,2017-2022 ex2020 2yr,2%,D2,80.645161,,,"share of selections with an observed outcome, %"
yield_two_year_through_2022_D2_missing_zero_citation_percentile_b2_slots,2017-2022 ex2020 2yr,2%,D2,62.000000,,,award slots at this budget
yield_two_year_through_2022_mean_observed_only_b2,2017-2022 ex2020 2yr,2%,mean,11.006641,5.734549,20.088877,"selected minus lottery over the same pool, percentile points"
yield_two_year_through_2022_mean_observed_only_b2_coverage,2017-2022 ex2020 2yr,2%,mean,83.870968,,,"share of selections with an observed outcome, %"
yield_two_year_through_2022_mean_observed_only_b2_slots,2017-2022 ex2020 2yr,2%,mean,62.000000,,,award slots at this budget
yield_two_year_through_2022_mean_missing_percentile_0_b2,2017-2022 ex2020 2yr,2%,mean,9.060099,4.188695,19.081301,"selected minus lottery over the same pool, percentile points"
yield_two_year_through_2022_mean_missing_percentile_0_b2_coverage,2017-2022 ex2020 2yr,2%,mean,83.870968,,,"share of selections with an observed outcome, %"
yield_two_year_through_2022_mean_missing_percentile_0_b2_slots,2017-2022 ex2020 2yr,2%,mean,62.000000,,,award slots at this budget
yield_two_year_through_2022_mean_missing_pool_mean_b2,2017-2022 ex2020 2yr,2%,mean,9.318979,4.963706,17.189798,"selected minus lottery over the same pool, percentile points"
yield_two_year_through_2022_mean_missing_pool_mean_b2_coverage,2017-2022 ex2020 2yr,2%,mean,83.870968,,,"share of selections with an observed outcome, %"
yield_two_year_through_2022_mean_missing_pool_mean_b2_slots,2017-2022 ex2020 2yr,2%,mean,62.000000,,,award slots at this budget
yield_two_year_through_2022_mean_missing_zero_citation_percentile_b2,2017-2022 ex2020 2yr,2%,mean,9.167284,4.793665,18.304201,"selected minus lottery over the same pool, percentile points"
yield_two_year_through_2022_mean_missing_zero_citation_percentile_b2_coverage,2017-2022 ex2020 2yr,2%,mean,83.870968,,,"share of selections with an observed outcome, %"
yield_two_year_through_2022_mean_missing_zero_citation_percentile_b2_slots,2017-2022 ex2020 2yr,2%,mean,62.000000,,,award slots at this budget
yield_two_year_through_2022_variance_observed_only_b2,2017-2022 ex2020 2yr,2%,variance,-0.099856,-7.714270,7.827166,"selected minus lottery over the same pool, percentile points"
yield_two_year_through_2022_variance_observed_only_b2_coverage,2017-2022 ex2020 2yr,2%,variance,88.709677,,,"share of selections with an observed outcome, %"
yield_two_year_through_2022_variance_observed_only_b2_slots,2017-2022 ex2020 2yr,2%,variance,62.000000,,,award slots at this budget
yield_two_year_through_2022_variance_missing_percentile_0_b2,2017-2022 ex2020 2yr,2%,variance,1.735037,-6.561921,8.502649,"selected minus lottery over the same pool, percentile points"
yield_two_year_through_2022_variance_missing_percentile_0_b2_coverage,2017-2022 ex2020 2yr,2%,variance,88.709677,,,"share of selections with an observed outcome, %"
yield_two_year_through_2022_variance_missing_percentile_0_b2_slots,2017-2022 ex2020 2yr,2%,variance,62.000000,,,award slots at this budget
yield_two_year_through_2022_variance_missing_pool_mean_b2,2017-2022 ex2020 2yr,2%,variance,-0.240506,-6.883790,6.694295,"selected minus lottery over the same pool, percentile points"
yield_two_year_through_2022_variance_missing_pool_mean_b2_coverage,2017-2022 ex2020 2yr,2%,variance,88.709677,,,"share of selections with an observed outcome, %"
yield_two_year_through_2022_variance_missing_pool_mean_b2_slots,2017-2022 ex2020 2yr,2%,variance,62.000000,,,award slots at this budget
yield_two_year_through_2022_variance_missing_zero_citation_percentile_b2,2017-2022 ex2020 2yr,2%,variance,0.981167,-6.374834,7.423425,"selected minus lottery over the same pool, percentile points"
yield_two_year_through_2022_variance_missing_zero_citation_percentile_b2_coverage,2017-2022 ex2020 2yr,2%,variance,88.709677,,,"share of selections with an observed outcome, %"
yield_two_year_through_2022_variance_missing_zero_citation_percentile_b2_slots,2017-2022 ex2020 2yr,2%,variance,62.000000,,,award slots at this budget
yield_two_year_through_2022_max_observed_only_b2,2017-2022 ex2020 2yr,2%,max,12.682221,3.819351,19.694085,"selected minus lottery over the same pool, percentile points"
yield_two_year_through_2022_max_observed_only_b2_coverage,2017-2022 ex2020 2yr,2%,max,79.032258,,,"share of selections with an observed outcome, %"
yield_two_year_through_2022_max_observed_only_b2_slots,2017-2022 ex2020 2yr,2%,max,62.000000,,,award slots at this budget
yield_two_year_through_2022_max_missing_percentile_0_b2,2017-2022 ex2020 2yr,2%,max,7.856871,0.252906,15.144376,"selected minus lottery over the same pool, percentile points"
yield_two_year_through_2022_max_missing_percentile_0_b2_coverage,2017-2022 ex2020 2yr,2%,max,79.032258,,,"share of selections with an observed outcome, %"
yield_two_year_through_2022_max_missing_percentile_0_b2_slots,2017-2022 ex2020 2yr,2%,max,62.000000,,,award slots at this budget
yield_two_year_through_2022_max_missing_pool_mean_b2,2017-2022 ex2020 2yr,2%,max,10.151808,3.172983,15.811183,"selected minus lottery over the same pool, percentile points"
yield_two_year_through_2022_max_missing_pool_mean_b2_coverage,2017-2022 ex2020 2yr,2%,max,79.032258,,,"share of selections with an observed outcome, %"
yield_two_year_through_2022_max_missing_pool_mean_b2_slots,2017-2022 ex2020 2yr,2%,max,62.000000,,,award slots at this budget
yield_two_year_through_2022_max_missing_zero_citation_percentile_b2,2017-2022 ex2020 2yr,2%,max,8.764019,1.548356,15.234429,"selected minus lottery over the same pool, percentile points"
yield_two_year_through_2022_max_missing_zero_citation_percentile_b2_coverage,2017-2022 ex2020 2yr,2%,max,79.032258,,,"share of selections with an observed outcome, %"
yield_two_year_through_2022_max_missing_zero_citation_percentile_b2_slots,2017-2022 ex2020 2yr,2%,max,62.000000,,,award slots at this budget
yield_two_year_through_2022_max_resid_observed_only_b2,2017-2022 ex2020 2yr,2%,max_resid,1.835233,-5.595828,9.551487,"selected minus lottery over the same pool, percentile points"
yield_two_year_through_2022_max_resid_observed_only_b2_coverage,2017-2022 ex2020 2yr,2%,max_resid,82.258065,,,"share of selections with an observed outcome, %"
yield_two_year_through_2022_max_resid_observed_only_b2_slots,2017-2022 ex2020 2yr,2%,max_resid,62.000000,,,award slots at this budget
yield_two_year_through_2022_max_resid_missing_percentile_0_b2,2017-2022 ex2020 2yr,2%,max_resid,0.673384,-6.555772,8.269315,"selected minus lottery over the same pool, percentile points"
yield_two_year_through_2022_max_resid_missing_percentile_0_b2_coverage,2017-2022 ex2020 2yr,2%,max_resid,82.258065,,,"share of selections with an observed outcome, %"
yield_two_year_through_2022_max_resid_missing_percentile_0_b2_slots,2017-2022 ex2020 2yr,2%,max_resid,62.000000,,,award slots at this budget
yield_two_year_through_2022_max_resid_missing_pool_mean_b2,2017-2022 ex2020 2yr,2%,max_resid,1.445644,-4.462768,7.913721,"selected minus lottery over the same pool, percentile points"
yield_two_year_through_2022_max_resid_missing_pool_mean_b2_coverage,2017-2022 ex2020 2yr,2%,max_resid,82.258065,,,"share of selections with an observed outcome, %"
yield_two_year_through_2022_max_resid_missing_pool_mean_b2_slots,2017-2022 ex2020 2yr,2%,max_resid,62.000000,,,award slots at this budget
yield_two_year_through_2022_max_resid_missing_zero_citation_percentile_b2,2017-2022 ex2020 2yr,2%,max_resid,0.996312,-5.462931,8.072988,"selected minus lottery over the same pool, percentile points"
yield_two_year_through_2022_max_resid_missing_zero_citation_percentile_b2_coverage,2017-2022 ex2020 2yr,2%,max_resid,82.258065,,,"share of selections with an observed outcome, %"
yield_two_year_through_2022_max_resid_missing_zero_citation_percentile_b2_slots,2017-2022 ex2020 2yr,2%,max_resid,62.000000,,,award slots at this budget
yield_two_year_through_2022_lottery_observed_only_b2,2017-2022 ex2020 2yr,2%,lottery,0.000000,0.000000,0.000000,"selected minus lottery over the same pool, percentile points"
yield_two_year_through_2022_lottery_observed_only_b2_coverage,2017-2022 ex2020 2yr,2%,lottery,84.286409,,,"share of selections with an observed outcome, %"
yield_two_year_through_2022_lottery_observed_only_b2_slots,2017-2022 ex2020 2yr,2%,lottery,62.000000,,,award slots at this budget
yield_two_year_through_2022_lottery_missing_percentile_0_b2,2017-2022 ex2020 2yr,2%,lottery,0.000000,0.000000,0.000000,"selected minus lottery over the same pool, percentile points"
yield_two_year_through_2022_lottery_missing_percentile_0_b2_coverage,2017-2022 ex2020 2yr,2%,lottery,84.286409,,,"share of selections with an observed outcome, %"
yield_two_year_through_2022_lottery_missing_percentile_0_b2_slots,2017-2022 ex2020 2yr,2%,lottery,62.000000,,,award slots at this budget
yield_two_year_through_2022_lottery_missing_pool_mean_b2,2017-2022 ex2020 2yr,2%,lottery,0.000000,0.000000,0.000000,"selected minus lottery over the same pool, percentile points"
yield_two_year_through_2022_lottery_missing_pool_mean_b2_coverage,2017-2022 ex2020 2yr,2%,lottery,84.286409,,,"share of selections with an observed outcome, %"
yield_two_year_through_2022_lottery_missing_pool_mean_b2_slots,2017-2022 ex2020 2yr,2%,lottery,62.000000,,,award slots at this budget
yield_two_year_through_2022_lottery_missing_zero_citation_percentile_b2,2017-2022 ex2020 2yr,2%,lottery,0.000000,0.000000,0.000000,"selected minus lottery over the same pool, percentile points"
yield_two_year_through_2022_lottery_missing_zero_citation_percentile_b2_coverage,2017-2022 ex2020 2yr,2%,lottery,84.286409,,,"share of selections with an observed outcome, %"
yield_two_year_through_2022_lottery_missing_zero_citation_percentile_b2_slots,2017-2022 ex2020 2yr,2%,lottery,62.000000,,,award slots at this budget
yield_two_year_through_2022_D2_observed_only_b5,2017-2022 ex2020 2yr,5%,D2,-2.516941,-7.217098,2.322193,"selected minus lottery over the same pool, percentile points"
yield_two_year_through_2022_D2_observed_only_b5_coverage,2017-2022 ex2020 2yr,5%,D2,76.821192,,,"share of selections with an observed outcome, %"
yield_two_year_through_2022_D2_observed_only_b5_slots,2017-2022 ex2020 2yr,5%,D2,151.000000,,,award slots at this budget
yield_two_year_through_2022_D2_missing_percentile_0_b5,2017-2022 ex2020 2yr,5%,D2,-4.871806,-9.107744,-0.198940,"selected minus lottery over the same pool, percentile points"
yield_two_year_through_2022_D2_missing_percentile_0_b5_coverage,2017-2022 ex2020 2yr,5%,D2,76.821192,,,"share of selections with an observed outcome, %"
yield_two_year_through_2022_D2_missing_percentile_0_b5_slots,2017-2022 ex2020 2yr,5%,D2,151.000000,,,award slots at this budget
yield_two_year_through_2022_D2_missing_pool_mean_b5,2017-2022 ex2020 2yr,5%,D2,-1.795242,-5.441089,1.927824,"selected minus lottery over the same pool, percentile points"
yield_two_year_through_2022_D2_missing_pool_mean_b5_coverage,2017-2022 ex2020 2yr,5%,D2,76.821192,,,"share of selections with an observed outcome, %"
yield_two_year_through_2022_D2_missing_pool_mean_b5_slots,2017-2022 ex2020 2yr,5%,D2,151.000000,,,award slots at this budget
yield_two_year_through_2022_D2_missing_zero_citation_percentile_b5,2017-2022 ex2020 2yr,5%,D2,-3.689413,-7.488938,0.541643,"selected minus lottery over the same pool, percentile points"
yield_two_year_through_2022_D2_missing_zero_citation_percentile_b5_coverage,2017-2022 ex2020 2yr,5%,D2,76.821192,,,"share of selections with an observed outcome, %"
yield_two_year_through_2022_D2_missing_zero_citation_percentile_b5_slots,2017-2022 ex2020 2yr,5%,D2,151.000000,,,award slots at this budget
yield_two_year_through_2022_mean_observed_only_b5,2017-2022 ex2020 2yr,5%,mean,11.891366,6.955109,16.179688,"selected minus lottery over the same pool, percentile points"
yield_two_year_through_2022_mean_observed_only_b5_coverage,2017-2022 ex2020 2yr,5%,mean,86.754967,,,"share of selections with an observed outcome, %"
yield_two_year_through_2022_mean_observed_only_b5_slots,2017-2022 ex2020 2yr,5%,mean,151.000000,,,award slots at this budget
yield_two_year_through_2022_mean_missing_percentile_0_b5,2017-2022 ex2020 2yr,5%,mean,11.475244,6.524597,15.655817,"selected minus lottery over the same pool, percentile points"
yield_two_year_through_2022_mean_missing_percentile_0_b5_coverage,2017-2022 ex2020 2yr,5%,mean,86.754967,,,"share of selections with an observed outcome, %"
yield_two_year_through_2022_mean_missing_percentile_0_b5_slots,2017-2022 ex2020 2yr,5%,mean,151.000000,,,award slots at this budget
yield_two_year_through_2022_mean_missing_pool_mean_b5,2017-2022 ex2020 2yr,5%,mean,10.249650,5.888828,13.933205,"selected minus lottery over the same pool, percentile points"
yield_two_year_through_2022_mean_missing_pool_mean_b5_coverage,2017-2022 ex2020 2yr,5%,mean,86.754967,,,"share of selections with an observed outcome, %"
yield_two_year_through_2022_mean_missing_pool_mean_b5_slots,2017-2022 ex2020 2yr,5%,mean,151.000000,,,award slots at this budget
yield_two_year_through_2022_mean_missing_zero_citation_percentile_b5,2017-2022 ex2020 2yr,5%,mean,10.977703,6.314634,14.903146,"selected minus lottery over the same pool, percentile points"
yield_two_year_through_2022_mean_missing_zero_citation_percentile_b5_coverage,2017-2022 ex2020 2yr,5%,mean,86.754967,,,"share of selections with an observed outcome, %"
yield_two_year_through_2022_mean_missing_zero_citation_percentile_b5_slots,2017-2022 ex2020 2yr,5%,mean,151.000000,,,award slots at this budget
yield_two_year_through_2022_variance_observed_only_b5,2017-2022 ex2020 2yr,5%,variance,1.963107,-2.643176,7.218816,"selected minus lottery over the same pool, percentile points"
yield_two_year_through_2022_variance_observed_only_b5_coverage,2017-2022 ex2020 2yr,5%,variance,83.443709,,,"share of selections with an observed outcome, %"
yield_two_year_through_2022_variance_observed_only_b5_slots,2017-2022 ex2020 2yr,5%,variance,151.000000,,,award slots at this budget
yield_two_year_through_2022_variance_missing_percentile_0_b5,2017-2022 ex2020 2yr,5%,variance,1.431264,-3.088419,6.651702,"selected minus lottery over the same pool, percentile points"
yield_two_year_through_2022_variance_missing_percentile_0_b5_coverage,2017-2022 ex2020 2yr,5%,variance,83.443709,,,"share of selections with an observed outcome, %"
yield_two_year_through_2022_variance_missing_percentile_0_b5_slots,2017-2022 ex2020 2yr,5%,variance,151.000000,,,award slots at this budget
yield_two_year_through_2022_variance_missing_pool_mean_b5,2017-2022 ex2020 2yr,5%,variance,1.585424,-2.214567,6.009777,"selected minus lottery over the same pool, percentile points"
yield_two_year_through_2022_variance_missing_pool_mean_b5_coverage,2017-2022 ex2020 2yr,5%,variance,83.443709,,,"share of selections with an observed outcome, %"
yield_two_year_through_2022_variance_missing_pool_mean_b5_slots,2017-2022 ex2020 2yr,5%,variance,151.000000,,,award slots at this budget
yield_two_year_through_2022_variance_missing_zero_citation_percentile_b5,2017-2022 ex2020 2yr,5%,variance,1.476978,-2.727005,6.370632,"selected minus lottery over the same pool, percentile points"
yield_two_year_through_2022_variance_missing_zero_citation_percentile_b5_coverage,2017-2022 ex2020 2yr,5%,variance,83.443709,,,"share of selections with an observed outcome, %"
yield_two_year_through_2022_variance_missing_zero_citation_percentile_b5_slots,2017-2022 ex2020 2yr,5%,variance,151.000000,,,award slots at this budget
yield_two_year_through_2022_max_observed_only_b5,2017-2022 ex2020 2yr,5%,max,9.894830,5.310432,15.251232,"selected minus lottery over the same pool, percentile points"
yield_two_year_through_2022_max_observed_only_b5_coverage,2017-2022 ex2020 2yr,5%,max,83.443709,,,"share of selections with an observed outcome, %"
yield_two_year_through_2022_max_observed_only_b5_slots,2017-2022 ex2020 2yr,5%,max,151.000000,,,award slots at this budget
yield_two_year_through_2022_max_missing_percentile_0_b5,2017-2022 ex2020 2yr,5%,max,8.049788,3.113040,13.042866,"selected minus lottery over the same pool, percentile points"
yield_two_year_through_2022_max_missing_percentile_0_b5_coverage,2017-2022 ex2020 2yr,5%,max,83.443709,,,"share of selections with an observed outcome, %"
yield_two_year_through_2022_max_missing_percentile_0_b5_slots,2017-2022 ex2020 2yr,5%,max,151.000000,,,award slots at this budget
yield_two_year_through_2022_max_missing_pool_mean_b5,2017-2022 ex2020 2yr,5%,max,8.244672,4.384372,12.663685,"selected minus lottery over the same pool, percentile points"
yield_two_year_through_2022_max_missing_pool_mean_b5_coverage,2017-2022 ex2020 2yr,5%,max,83.443709,,,"share of selections with an observed outcome, %"
yield_two_year_through_2022_max_missing_pool_mean_b5_slots,2017-2022 ex2020 2yr,5%,max,151.000000,,,award slots at this budget
yield_two_year_through_2022_max_missing_zero_citation_percentile_b5,2017-2022 ex2020 2yr,5%,max,8.108044,3.679461,12.704763,"selected minus lottery over the same pool, percentile points"
yield_two_year_through_2022_max_missing_zero_citation_percentile_b5_coverage,2017-2022 ex2020 2yr,5%,max,83.443709,,,"share of selections with an observed outcome, %"
yield_two_year_through_2022_max_missing_zero_citation_percentile_b5_slots,2017-2022 ex2020 2yr,5%,max,151.000000,,,award slots at this budget
yield_two_year_through_2022_max_resid_observed_only_b5,2017-2022 ex2020 2yr,5%,max_resid,2.804748,-2.499333,7.014607,"selected minus lottery over the same pool, percentile points"
yield_two_year_through_2022_max_resid_observed_only_b5_coverage,2017-2022 ex2020 2yr,5%,max_resid,83.443709,,,"share of selections with an observed outcome, %"
yield_two_year_through_2022_max_resid_observed_only_b5_slots,2017-2022 ex2020 2yr,5%,max_resid,151.000000,,,award slots at this budget
yield_two_year_through_2022_max_resid_missing_percentile_0_b5,2017-2022 ex2020 2yr,5%,max_resid,2.133561,-2.658878,6.581627,"selected minus lottery over the same pool, percentile points"
yield_two_year_through_2022_max_resid_missing_percentile_0_b5_coverage,2017-2022 ex2020 2yr,5%,max_resid,83.443709,,,"share of selections with an observed outcome, %"
yield_two_year_through_2022_max_resid_missing_percentile_0_b5_slots,2017-2022 ex2020 2yr,5%,max_resid,151.000000,,,award slots at this budget
yield_two_year_through_2022_max_resid_missing_pool_mean_b5,2017-2022 ex2020 2yr,5%,max_resid,2.287721,-2.153397,5.883233,"selected minus lottery over the same pool, percentile points"
yield_two_year_through_2022_max_resid_missing_pool_mean_b5_coverage,2017-2022 ex2020 2yr,5%,max_resid,83.443709,,,"share of selections with an observed outcome, %"
yield_two_year_through_2022_max_resid_missing_pool_mean_b5_slots,2017-2022 ex2020 2yr,5%,max_resid,151.000000,,,award slots at this budget
yield_two_year_through_2022_max_resid_missing_zero_citation_percentile_b5,2017-2022 ex2020 2yr,5%,max_resid,2.179275,-2.363486,6.134335,"selected minus lottery over the same pool, percentile points"
yield_two_year_through_2022_max_resid_missing_zero_citation_percentile_b5_coverage,2017-2022 ex2020 2yr,5%,max_resid,83.443709,,,"share of selections with an observed outcome, %"
yield_two_year_through_2022_max_resid_missing_zero_citation_percentile_b5_slots,2017-2022 ex2020 2yr,5%,max_resid,151.000000,,,award slots at this budget
yield_two_year_through_2022_lottery_observed_only_b5,2017-2022 ex2020 2yr,5%,lottery,0.000000,0.000000,0.000000,"selected minus lottery over the same pool, percentile points"
yield_two_year_through_2022_lottery_observed_only_b5_coverage,2017-2022 ex2020 2yr,5%,lottery,83.945167,,,"share of selections with an observed outcome, %"
yield_two_year_through_2022_lottery_observed_only_b5_slots,2017-2022 ex2020 2yr,5%,lottery,151.000000,,,award slots at this budget
yield_two_year_through_2022_lottery_missing_percentile_0_b5,2017-2022 ex2020 2yr,5%,lottery,0.000000,0.000000,0.000000,"selected minus lottery over the same pool, percentile points"
yield_two_year_through_2022_lottery_missing_percentile_0_b5_coverage,2017-2022 ex2020 2yr,5%,lottery,83.945167,,,"share of selections with an observed outcome, %"
yield_two_year_through_2022_lottery_missing_percentile_0_b5_slots,2017-2022 ex2020 2yr,5%,lottery,151.000000,,,award slots at this budget
yield_two_year_through_2022_lottery_missing_pool_mean_b5,2017-2022 ex2020 2yr,5%,lottery,0.000000,0.000000,0.000000,"selected minus lottery over the same pool, percentile points"
yield_two_year_through_2022_lottery_missing_pool_mean_b5_coverage,2017-2022 ex2020 2yr,5%,lottery,83.945167,,,"share of selections with an observed outcome, %"
yield_two_year_through_2022_lottery_missing_pool_mean_b5_slots,2017-2022 ex2020 2yr,5%,lottery,151.000000,,,award slots at this budget
yield_two_year_through_2022_lottery_missing_zero_citation_percentile_b5,2017-2022 ex2020 2yr,5%,lottery,0.000000,0.000000,0.000000,"selected minus lottery over the same pool, percentile points"
yield_two_year_through_2022_lottery_missing_zero_citation_percentile_b5_coverage,2017-2022 ex2020 2yr,5%,lottery,83.945167,,,"share of selections with an observed outcome, %"
yield_two_year_through_2022_lottery_missing_zero_citation_percentile_b5_slots,2017-2022 ex2020 2yr,5%,lottery,151.000000,,,award slots at this budget
yield_two_year_through_2022_D2_observed_only_b10,2017-2022 ex2020 2yr,10%,D2,-0.219413,-3.847066,2.739003,"selected minus lottery over the same pool, percentile points"
yield_two_year_through_2022_D2_observed_only_b10_coverage,2017-2022 ex2020 2yr,10%,D2,80.730897,,,"share of selections with an observed outcome, %"
yield_two_year_through_2022_D2_observed_only_b10_slots,2017-2022 ex2020 2yr,10%,D2,301.000000,,,award slots at this budget
yield_two_year_through_2022_D2_missing_percentile_0_b10,2017-2022 ex2020 2yr,10%,D2,-1.484791,-4.591043,1.521386,"selected minus lottery over the same pool, percentile points"
yield_two_year_through_2022_D2_missing_percentile_0_b10_coverage,2017-2022 ex2020 2yr,10%,D2,80.730897,,,"share of selections with an observed outcome, %"
yield_two_year_through_2022_D2_missing_percentile_0_b10_slots,2017-2022 ex2020 2yr,10%,D2,301.000000,,,award slots at this budget
yield_two_year_through_2022_D2_missing_pool_mean_b10,2017-2022 ex2020 2yr,10%,D2,-0.102929,-2.971684,2.286183,"selected minus lottery over the same pool, percentile points"
yield_two_year_through_2022_D2_missing_pool_mean_b10_coverage,2017-2022 ex2020 2yr,10%,D2,80.730897,,,"share of selections with an observed outcome, %"
yield_two_year_through_2022_D2_missing_pool_mean_b10_slots,2017-2022 ex2020 2yr,10%,D2,301.000000,,,award slots at this budget
yield_two_year_through_2022_D2_missing_zero_citation_percentile_b10,2017-2022 ex2020 2yr,10%,D2,-0.949607,-3.916770,1.711091,"selected minus lottery over the same pool, percentile points"
yield_two_year_through_2022_D2_missing_zero_citation_percentile_b10_coverage,2017-2022 ex2020 2yr,10%,D2,80.730897,,,"share of selections with an observed outcome, %"
yield_two_year_through_2022_D2_missing_zero_citation_percentile_b10_slots,2017-2022 ex2020 2yr,10%,D2,301.000000,,,award slots at this budget
yield_two_year_through_2022_mean_observed_only_b10,2017-2022 ex2020 2yr,10%,mean,10.780727,7.654649,13.872816,"selected minus lottery over the same pool, percentile points"
yield_two_year_through_2022_mean_observed_only_b10_coverage,2017-2022 ex2020 2yr,10%,mean,88.372093,,,"share of selections with an observed outcome, %"
yield_two_year_through_2022_mean_observed_only_b10_slots,2017-2022 ex2020 2yr,10%,mean,301.000000,,,award slots at this budget
yield_two_year_through_2022_mean_missing_percentile_0_b10,2017-2022 ex2020 2yr,10%,mean,11.371579,8.066847,14.379824,"selected minus lottery over the same pool, percentile points"
yield_two_year_through_2022_mean_missing_percentile_0_b10_coverage,2017-2022 ex2020 2yr,10%,mean,88.372093,,,"share of selections with an observed outcome, %"
yield_two_year_through_2022_mean_missing_percentile_0_b10_slots,2017-2022 ex2020 2yr,10%,mean,301.000000,,,award slots at this budget
yield_two_year_through_2022_mean_missing_pool_mean_b10,2017-2022 ex2020 2yr,10%,mean,9.417496,6.611495,12.134942,"selected minus lottery over the same pool, percentile points"
yield_two_year_through_2022_mean_missing_pool_mean_b10_coverage,2017-2022 ex2020 2yr,10%,mean,88.372093,,,"share of selections with an observed outcome, %"
yield_two_year_through_2022_mean_missing_pool_mean_b10_slots,2017-2022 ex2020 2yr,10%,mean,301.000000,,,award slots at this budget
yield_two_year_through_2022_mean_missing_zero_citation_percentile_b10,2017-2022 ex2020 2yr,10%,mean,10.597583,7.613216,13.367690,"selected minus lottery over the same pool, percentile points"
yield_two_year_through_2022_mean_missing_zero_citation_percentile_b10_coverage,2017-2022 ex2020 2yr,10%,mean,88.372093,,,"share of selections with an observed outcome, %"
yield_two_year_through_2022_mean_missing_zero_citation_percentile_b10_slots,2017-2022 ex2020 2yr,10%,mean,301.000000,,,award slots at this budget
yield_two_year_through_2022_variance_observed_only_b10,2017-2022 ex2020 2yr,10%,variance,3.994637,0.969822,7.565557,"selected minus lottery over the same pool, percentile points"
yield_two_year_through_2022_variance_observed_only_b10_coverage,2017-2022 ex2020 2yr,10%,variance,85.382060,,,"share of selections with an observed outcome, %"
yield_two_year_through_2022_variance_observed_only_b10_slots,2017-2022 ex2020 2yr,10%,variance,301.000000,,,award slots at this budget
yield_two_year_through_2022_variance_missing_percentile_0_b10,2017-2022 ex2020 2yr,10%,variance,4.021704,0.892495,7.543128,"selected minus lottery over the same pool, percentile points"
yield_two_year_through_2022_variance_missing_percentile_0_b10_coverage,2017-2022 ex2020 2yr,10%,variance,85.382060,,,"share of selections with an observed outcome, %"
yield_two_year_through_2022_variance_missing_percentile_0_b10_slots,2017-2022 ex2020 2yr,10%,variance,301.000000,,,award slots at this budget
yield_two_year_through_2022_variance_missing_pool_mean_b10,2017-2022 ex2020 2yr,10%,variance,3.360990,0.770255,6.381951,"selected minus lottery over the same pool, percentile points"
yield_two_year_through_2022_variance_missing_pool_mean_b10_coverage,2017-2022 ex2020 2yr,10%,variance,85.382060,,,"share of selections with an observed outcome, %"
yield_two_year_through_2022_variance_missing_pool_mean_b10_slots,2017-2022 ex2020 2yr,10%,variance,301.000000,,,award slots at this budget
yield_two_year_through_2022_variance_missing_zero_citation_percentile_b10,2017-2022 ex2020 2yr,10%,variance,3.777917,0.940800,7.013078,"selected minus lottery over the same pool, percentile points"
yield_two_year_through_2022_variance_missing_zero_citation_percentile_b10_coverage,2017-2022 ex2020 2yr,10%,variance,85.382060,,,"share of selections with an observed outcome, %"
yield_two_year_through_2022_variance_missing_zero_citation_percentile_b10_slots,2017-2022 ex2020 2yr,10%,variance,301.000000,,,award slots at this budget
yield_two_year_through_2022_max_observed_only_b10,2017-2022 ex2020 2yr,10%,max,8.671975,6.103561,13.153939,"selected minus lottery over the same pool, percentile points"
yield_two_year_through_2022_max_observed_only_b10_coverage,2017-2022 ex2020 2yr,10%,max,83.056478,,,"share of selections with an observed outcome, %"
yield_two_year_through_2022_max_observed_only_b10_slots,2017-2022 ex2020 2yr,10%,max,301.000000,,,award slots at this budget
yield_two_year_through_2022_max_missing_percentile_0_b10,2017-2022 ex2020 2yr,10%,max,6.854309,4.183144,11.078682,"selected minus lottery over the same pool, percentile points"
yield_two_year_through_2022_max_missing_percentile_0_b10_coverage,2017-2022 ex2020 2yr,10%,max,83.056478,,,"share of selections with an observed outcome, %"
yield_two_year_through_2022_max_missing_percentile_0_b10_slots,2017-2022 ex2020 2yr,10%,max,301.000000,,,award slots at this budget
yield_two_year_through_2022_max_missing_pool_mean_b10,2017-2022 ex2020 2yr,10%,max,7.184238,5.074552,10.903184,"selected minus lottery over the same pool, percentile points"
yield_two_year_through_2022_max_missing_pool_mean_b10_coverage,2017-2022 ex2020 2yr,10%,max,83.056478,,,"share of selections with an observed outcome, %"
yield_two_year_through_2022_max_missing_pool_mean_b10_slots,2017-2022 ex2020 2yr,10%,max,301.000000,,,award slots at this budget
yield_two_year_through_2022_max_missing_zero_citation_percentile_b10,2017-2022 ex2020 2yr,10%,max,6.990570,4.615491,10.975172,"selected minus lottery over the same pool, percentile points"
yield_two_year_through_2022_max_missing_zero_citation_percentile_b10_coverage,2017-2022 ex2020 2yr,10%,max,83.056478,,,"share of selections with an observed outcome, %"
yield_two_year_through_2022_max_missing_zero_citation_percentile_b10_slots,2017-2022 ex2020 2yr,10%,max,301.000000,,,award slots at this budget
yield_two_year_through_2022_max_resid_observed_only_b10,2017-2022 ex2020 2yr,10%,max_resid,-0.708375,-3.558342,2.874003,"selected minus lottery over the same pool, percentile points"
yield_two_year_through_2022_max_resid_observed_only_b10_coverage,2017-2022 ex2020 2yr,10%,max_resid,83.388704,,,"share of selections with an observed outcome, %"
yield_two_year_through_2022_max_resid_observed_only_b10_slots,2017-2022 ex2020 2yr,10%,max_resid,301.000000,,,award slots at this budget
yield_two_year_through_2022_max_resid_missing_percentile_0_b10,2017-2022 ex2020 2yr,10%,max_resid,-0.801986,-3.568946,2.630985,"selected minus lottery over the same pool, percentile points"
yield_two_year_through_2022_max_resid_missing_percentile_0_b10_coverage,2017-2022 ex2020 2yr,10%,max_resid,83.388704,,,"share of selections with an observed outcome, %"
yield_two_year_through_2022_max_resid_missing_percentile_0_b10_slots,2017-2022 ex2020 2yr,10%,max_resid,301.000000,,,award slots at this budget
yield_two_year_through_2022_max_resid_missing_pool_mean_b10,2017-2022 ex2020 2yr,10%,max_resid,-0.583067,-2.933104,2.407355,"selected minus lottery over the same pool, percentile points"
yield_two_year_through_2022_max_resid_missing_pool_mean_b10_coverage,2017-2022 ex2020 2yr,10%,max_resid,83.388704,,,"share of selections with an observed outcome, %"
yield_two_year_through_2022_max_resid_missing_pool_mean_b10_slots,2017-2022 ex2020 2yr,10%,max_resid,301.000000,,,award slots at this budget
yield_two_year_through_2022_max_resid_missing_zero_citation_percentile_b10,2017-2022 ex2020 2yr,10%,max_resid,-0.703636,-3.211797,2.512315,"selected minus lottery over the same pool, percentile points"
yield_two_year_through_2022_max_resid_missing_zero_citation_percentile_b10_coverage,2017-2022 ex2020 2yr,10%,max_resid,83.388704,,,"share of selections with an observed outcome, %"
yield_two_year_through_2022_max_resid_missing_zero_citation_percentile_b10_slots,2017-2022 ex2020 2yr,10%,max_resid,301.000000,,,award slots at this budget
yield_two_year_through_2022_lottery_observed_only_b10,2017-2022 ex2020 2yr,10%,lottery,0.000000,0.000000,0.000000,"selected minus lottery over the same pool, percentile points"
yield_two_year_through_2022_lottery_observed_only_b10_coverage,2017-2022 ex2020 2yr,10%,lottery,83.900886,,,"share of selections with an observed outcome, %"
yield_two_year_through_2022_lottery_observed_only_b10_slots,2017-2022 ex2020 2yr,10%,lottery,301.000000,,,award slots at this budget
yield_two_year_through_2022_lottery_missing_percentile_0_b10,2017-2022 ex2020 2yr,10%,lottery,0.000000,0.000000,0.000000,"selected minus lottery over the same pool, percentile points"
yield_two_year_through_2022_lottery_missing_percentile_0_b10_coverage,2017-2022 ex2020 2yr,10%,lottery,83.900886,,,"share of selections with an observed outcome, %"
yield_two_year_through_2022_lottery_missing_percentile_0_b10_slots,2017-2022 ex2020 2yr,10%,lottery,301.000000,,,award slots at this budget
yield_two_year_through_2022_lottery_missing_pool_mean_b10,2017-2022 ex2020 2yr,10%,lottery,0.000000,0.000000,0.000000,"selected minus lottery over the same pool, percentile points"
yield_two_year_through_2022_lottery_missing_pool_mean_b10_coverage,2017-2022 ex2020 2yr,10%,lottery,83.900886,,,"share of selections with an observed outcome, %"
yield_two_year_through_2022_lottery_missing_pool_mean_b10_slots,2017-2022 ex2020 2yr,10%,lottery,301.000000,,,award slots at this budget
yield_two_year_through_2022_lottery_missing_zero_citation_percentile_b10,2017-2022 ex2020 2yr,10%,lottery,0.000000,0.000000,0.000000,"selected minus lottery over the same pool, percentile points"
yield_two_year_through_2022_lottery_missing_zero_citation_percentile_b10_coverage,2017-2022 ex2020 2yr,10%,lottery,83.900886,,,"share of selections with an observed outcome, %"
yield_two_year_through_2022_lottery_missing_zero_citation_percentile_b10_slots,2017-2022 ex2020 2yr,10%,lottery,301.000000,,,award slots at this budget
yield_two_year_through_2023_D2_observed_only_b1,2017-2023 ex2020 2yr,1%,D2,5.607620,-6.206043,13.070326,"selected minus lottery over the same pool, percentile points"
yield_two_year_through_2023_D2_observed_only_b1_coverage,2017-2023 ex2020 2yr,1%,D2,68.750000,,,"share of selections with an observed outcome, %"
yield_two_year_through_2023_D2_observed_only_b1_slots,2017-2023 ex2020 2yr,1%,D2,48.000000,,,award slots at this budget
yield_two_year_through_2023_D2_missing_percentile_0_b1,2017-2023 ex2020 2yr,1%,D2,1.360507,-9.317685,9.003306,"selected minus lottery over the same pool, percentile points"
yield_two_year_through_2023_D2_missing_percentile_0_b1_coverage,2017-2023 ex2020 2yr,1%,D2,68.750000,,,"share of selections with an observed outcome, %"
yield_two_year_through_2023_D2_missing_percentile_0_b1_slots,2017-2023 ex2020 2yr,1%,D2,48.000000,,,award slots at this budget
yield_two_year_through_2023_D2_missing_pool_mean_b1,2017-2023 ex2020 2yr,1%,D2,3.936022,-3.928133,9.274523,"selected minus lottery over the same pool, percentile points"
yield_two_year_through_2023_D2_missing_pool_mean_b1_coverage,2017-2023 ex2020 2yr,1%,D2,68.750000,,,"share of selections with an observed outcome, %"
yield_two_year_through_2023_D2_missing_pool_mean_b1_slots,2017-2023 ex2020 2yr,1%,D2,48.000000,,,award slots at this budget
yield_two_year_through_2023_D2_missing_zero_citation_percentile_b1,2017-2023 ex2020 2yr,1%,D2,2.433400,-6.793975,8.822674,"selected minus lottery over the same pool, percentile points"
yield_two_year_through_2023_D2_missing_zero_citation_percentile_b1_coverage,2017-2023 ex2020 2yr,1%,D2,68.750000,,,"share of selections with an observed outcome, %"
yield_two_year_through_2023_D2_missing_zero_citation_percentile_b1_slots,2017-2023 ex2020 2yr,1%,D2,48.000000,,,award slots at this budget
yield_two_year_through_2023_mean_observed_only_b1,2017-2023 ex2020 2yr,1%,mean,12.274011,3.194143,18.847289,"selected minus lottery over the same pool, percentile points"
yield_two_year_through_2023_mean_observed_only_b1_coverage,2017-2023 ex2020 2yr,1%,mean,81.250000,,,"share of selections with an observed outcome, %"
yield_two_year_through_2023_mean_observed_only_b1_slots,2017-2023 ex2020 2yr,1%,mean,48.000000,,,award slots at this budget
yield_two_year_through_2023_mean_missing_percentile_0_b1,2017-2023 ex2020 2yr,1%,mean,12.650741,2.575840,18.909547,"selected minus lottery over the same pool, percentile points"
yield_two_year_through_2023_mean_missing_percentile_0_b1_coverage,2017-2023 ex2020 2yr,1%,mean,81.250000,,,"share of selections with an observed outcome, %"
yield_two_year_through_2023_mean_missing_percentile_0_b1_slots,2017-2023 ex2020 2yr,1%,mean,48.000000,,,award slots at this budget
yield_two_year_through_2023_mean_missing_pool_mean_b1,2017-2023 ex2020 2yr,1%,mean,9.856195,2.403734,14.837860,"selected minus lottery over the same pool, percentile points"
yield_two_year_through_2023_mean_missing_pool_mean_b1_coverage,2017-2023 ex2020 2yr,1%,mean,81.250000,,,"share of selections with an observed outcome, %"
yield_two_year_through_2023_mean_missing_pool_mean_b1_slots,2017-2023 ex2020 2yr,1%,mean,48.000000,,,award slots at this budget
yield_two_year_through_2023_mean_missing_zero_citation_percentile_b1,2017-2023 ex2020 2yr,1%,mean,11.574113,3.039705,17.083931,"selected minus lottery over the same pool, percentile points"
yield_two_year_through_2023_mean_missing_zero_citation_percentile_b1_coverage,2017-2023 ex2020 2yr,1%,mean,81.250000,,,"share of selections with an observed outcome, %"
yield_two_year_through_2023_mean_missing_zero_citation_percentile_b1_slots,2017-2023 ex2020 2yr,1%,mean,48.000000,,,award slots at this budget
yield_two_year_through_2023_variance_observed_only_b1,2017-2023 ex2020 2yr,1%,variance,-1.102650,-9.124858,8.418437,"selected minus lottery over the same pool, percentile points"
yield_two_year_through_2023_variance_observed_only_b1_coverage,2017-2023 ex2020 2yr,1%,variance,75.000000,,,"share of selections with an observed outcome, %"
yield_two_year_through_2023_variance_observed_only_b1_slots,2017-2023 ex2020 2yr,1%,variance,48.000000,,,award slots at this budget
yield_two_year_through_2023_variance_missing_percentile_0_b1,2017-2023 ex2020 2yr,1%,variance,-0.735300,-8.145253,8.674819,"selected minus lottery over the same pool, percentile points"
yield_two_year_through_2023_variance_missing_percentile_0_b1_coverage,2017-2023 ex2020 2yr,1%,variance,75.000000,,,"share of selections with an observed outcome, %"
yield_two_year_through_2023_variance_missing_percentile_0_b1_slots,2017-2023 ex2020 2yr,1%,variance,48.000000,,,award slots at this budget
yield_two_year_through_2023_variance_missing_pool_mean_b1,2017-2023 ex2020 2yr,1%,variance,-0.844816,-7.034716,6.302371,"selected minus lottery over the same pool, percentile points"
yield_two_year_through_2023_variance_missing_pool_mean_b1_coverage,2017-2023 ex2020 2yr,1%,variance,75.000000,,,"share of selections with an observed outcome, %"
yield_two_year_through_2023_variance_missing_pool_mean_b1_slots,2017-2023 ex2020 2yr,1%,variance,48.000000,,,award slots at this budget
yield_two_year_through_2023_variance_missing_zero_citation_percentile_b1,2017-2023 ex2020 2yr,1%,variance,-0.737168,-7.309919,7.406686,"selected minus lottery over the same pool, percentile points"
yield_two_year_through_2023_variance_missing_zero_citation_percentile_b1_coverage,2017-2023 ex2020 2yr,1%,variance,75.000000,,,"share of selections with an observed outcome, %"
yield_two_year_through_2023_variance_missing_zero_citation_percentile_b1_slots,2017-2023 ex2020 2yr,1%,variance,48.000000,,,award slots at this budget
yield_two_year_through_2023_max_observed_only_b1,2017-2023 ex2020 2yr,1%,max,10.595396,0.695390,19.815553,"selected minus lottery over the same pool, percentile points"
yield_two_year_through_2023_max_observed_only_b1_coverage,2017-2023 ex2020 2yr,1%,max,68.750000,,,"share of selections with an observed outcome, %"
yield_two_year_through_2023_max_observed_only_b1_slots,2017-2023 ex2020 2yr,1%,max,48.000000,,,award slots at this budget
yield_two_year_through_2023_max_missing_percentile_0_b1,2017-2023 ex2020 2yr,1%,max,4.789603,-3.200836,14.618586,"selected minus lottery over the same pool, percentile points"
yield_two_year_through_2023_max_missing_percentile_0_b1_coverage,2017-2023 ex2020 2yr,1%,max,68.750000,,,"share of selections with an observed outcome, %"
yield_two_year_through_2023_max_missing_percentile_0_b1_slots,2017-2023 ex2020 2yr,1%,max,48.000000,,,award slots at this budget
yield_two_year_through_2023_max_missing_pool_mean_b1,2017-2023 ex2020 2yr,1%,max,7.415991,0.646585,14.058445,"selected minus lottery over the same pool, percentile points"
yield_two_year_through_2023_max_missing_pool_mean_b1_coverage,2017-2023 ex2020 2yr,1%,max,68.750000,,,"share of selections with an observed outcome, %"
yield_two_year_through_2023_max_missing_pool_mean_b1_slots,2017-2023 ex2020 2yr,1%,max,48.000000,,,award slots at this budget
yield_two_year_through_2023_max_missing_zero_citation_percentile_b1,2017-2023 ex2020 2yr,1%,max,5.778067,-1.612930,14.300456,"selected minus lottery over the same pool, percentile points"
yield_two_year_through_2023_max_missing_zero_citation_percentile_b1_coverage,2017-2023 ex2020 2yr,1%,max,68.750000,,,"share of selections with an observed outcome, %"
yield_two_year_through_2023_max_missing_zero_citation_percentile_b1_slots,2017-2023 ex2020 2yr,1%,max,48.000000,,,award slots at this budget
yield_two_year_through_2023_max_resid_observed_only_b1,2017-2023 ex2020 2yr,1%,max_resid,-1.881360,-9.205890,9.979328,"selected minus lottery over the same pool, percentile points"
yield_two_year_through_2023_max_resid_observed_only_b1_coverage,2017-2023 ex2020 2yr,1%,max_resid,64.583333,,,"share of selections with an observed outcome, %"
yield_two_year_through_2023_max_resid_observed_only_b1_slots,2017-2023 ex2020 2yr,1%,max_resid,48.000000,,,award slots at this budget
yield_two_year_through_2023_max_resid_missing_percentile_0_b1,2017-2023 ex2020 2yr,1%,max_resid,-5.434056,-11.686822,5.926645,"selected minus lottery over the same pool, percentile points"
yield_two_year_through_2023_max_resid_missing_percentile_0_b1_coverage,2017-2023 ex2020 2yr,1%,max_resid,64.583333,,,"share of selections with an observed outcome, %"
yield_two_year_through_2023_max_resid_missing_percentile_0_b1_slots,2017-2023 ex2020 2yr,1%,max_resid,48.000000,,,award slots at this budget
yield_two_year_through_2023_max_resid_missing_pool_mean_b1,2017-2023 ex2020 2yr,1%,max_resid,-1.081956,-5.920765,6.833973,"selected minus lottery over the same pool, percentile points"
yield_two_year_through_2023_max_resid_missing_pool_mean_b1_coverage,2017-2023 ex2020 2yr,1%,max_resid,64.583333,,,"share of selections with an observed outcome, %"
yield_two_year_through_2023_max_resid_missing_pool_mean_b1_slots,2017-2023 ex2020 2yr,1%,max_resid,48.000000,,,award slots at this budget
yield_two_year_through_2023_max_resid_missing_zero_citation_percentile_b1,2017-2023 ex2020 2yr,1%,max_resid,-3.767326,-8.921114,6.143294,"selected minus lottery over the same pool, percentile points"
yield_two_year_through_2023_max_resid_missing_zero_citation_percentile_b1_coverage,2017-2023 ex2020 2yr,1%,max_resid,64.583333,,,"share of selections with an observed outcome, %"
yield_two_year_through_2023_max_resid_missing_zero_citation_percentile_b1_slots,2017-2023 ex2020 2yr,1%,max_resid,48.000000,,,award slots at this budget
yield_two_year_through_2023_lottery_observed_only_b1,2017-2023 ex2020 2yr,1%,lottery,0.000000,0.000000,0.000000,"selected minus lottery over the same pool, percentile points"
yield_two_year_through_2023_lottery_observed_only_b1_coverage,2017-2023 ex2020 2yr,1%,lottery,74.778439,,,"share of selections with an observed outcome, %"
yield_two_year_through_2023_lottery_observed_only_b1_slots,2017-2023 ex2020 2yr,1%,lottery,48.000000,,,award slots at this budget
yield_two_year_through_2023_lottery_missing_percentile_0_b1,2017-2023 ex2020 2yr,1%,lottery,0.000000,0.000000,0.000000,"selected minus lottery over the same pool, percentile points"
yield_two_year_through_2023_lottery_missing_percentile_0_b1_coverage,2017-2023 ex2020 2yr,1%,lottery,74.778439,,,"share of selections with an observed outcome, %"
yield_two_year_through_2023_lottery_missing_percentile_0_b1_slots,2017-2023 ex2020 2yr,1%,lottery,48.000000,,,award slots at this budget
yield_two_year_through_2023_lottery_missing_pool_mean_b1,2017-2023 ex2020 2yr,1%,lottery,0.000000,0.000000,0.000000,"selected minus lottery over the same pool, percentile points"
yield_two_year_through_2023_lottery_missing_pool_mean_b1_coverage,2017-2023 ex2020 2yr,1%,lottery,74.778439,,,"share of selections with an observed outcome, %"
yield_two_year_through_2023_lottery_missing_pool_mean_b1_slots,2017-2023 ex2020 2yr,1%,lottery,48.000000,,,award slots at this budget
yield_two_year_through_2023_lottery_missing_zero_citation_percentile_b1,2017-2023 ex2020 2yr,1%,lottery,0.000000,0.000000,0.000000,"selected minus lottery over the same pool, percentile points"
yield_two_year_through_2023_lottery_missing_zero_citation_percentile_b1_coverage,2017-2023 ex2020 2yr,1%,lottery,74.778439,,,"share of selections with an observed outcome, %"
yield_two_year_through_2023_lottery_missing_zero_citation_percentile_b1_slots,2017-2023 ex2020 2yr,1%,lottery,48.000000,,,award slots at this budget
yield_two_year_through_2023_D2_observed_only_b2,2017-2023 ex2020 2yr,2%,D2,2.472042,-4.319876,8.979965,"selected minus lottery over the same pool, percentile points"
yield_two_year_through_2023_D2_observed_only_b2_coverage,2017-2023 ex2020 2yr,2%,D2,73.404255,,,"share of selections with an observed outcome, %"
yield_two_year_through_2023_D2_observed_only_b2_slots,2017-2023 ex2020 2yr,2%,D2,94.000000,,,award slots at this budget
yield_two_year_through_2023_D2_missing_percentile_0_b2,2017-2023 ex2020 2yr,2%,D2,1.438105,-4.929366,7.292580,"selected minus lottery over the same pool, percentile points"
yield_two_year_through_2023_D2_missing_percentile_0_b2_coverage,2017-2023 ex2020 2yr,2%,D2,73.404255,,,"share of selections with an observed outcome, %"
yield_two_year_through_2023_D2_missing_percentile_0_b2_slots,2017-2023 ex2020 2yr,2%,D2,94.000000,,,award slots at this budget
yield_two_year_through_2023_D2_missing_pool_mean_b2,2017-2023 ex2020 2yr,2%,D2,1.834895,-3.192419,6.598471,"selected minus lottery over the same pool, percentile points"
yield_two_year_through_2023_D2_missing_pool_mean_b2_coverage,2017-2023 ex2020 2yr,2%,D2,73.404255,,,"share of selections with an observed outcome, %"
yield_two_year_through_2023_D2_missing_pool_mean_b2_slots,2017-2023 ex2020 2yr,2%,D2,94.000000,,,award slots at this budget
yield_two_year_through_2023_D2_missing_zero_citation_percentile_b2,2017-2023 ex2020 2yr,2%,D2,1.646230,-3.901912,6.978933,"selected minus lottery over the same pool, percentile points"
yield_two_year_through_2023_D2_missing_zero_citation_percentile_b2_coverage,2017-2023 ex2020 2yr,2%,D2,73.404255,,,"share of selections with an observed outcome, %"
yield_two_year_through_2023_D2_missing_zero_citation_percentile_b2_slots,2017-2023 ex2020 2yr,2%,D2,94.000000,,,award slots at this budget
yield_two_year_through_2023_mean_observed_only_b2,2017-2023 ex2020 2yr,2%,mean,8.998148,3.983195,16.441258,"selected minus lottery over the same pool, percentile points"
yield_two_year_through_2023_mean_observed_only_b2_coverage,2017-2023 ex2020 2yr,2%,mean,77.659574,,,"share of selections with an observed outcome, %"
yield_two_year_through_2023_mean_observed_only_b2_slots,2017-2023 ex2020 2yr,2%,mean,94.000000,,,award slots at this budget
yield_two_year_through_2023_mean_missing_percentile_0_b2,2017-2023 ex2020 2yr,2%,mean,8.376342,4.203477,15.790966,"selected minus lottery over the same pool, percentile points"
yield_two_year_through_2023_mean_missing_percentile_0_b2_coverage,2017-2023 ex2020 2yr,2%,mean,77.659574,,,"share of selections with an observed outcome, %"
yield_two_year_through_2023_mean_missing_percentile_0_b2_slots,2017-2023 ex2020 2yr,2%,mean,94.000000,,,award slots at this budget
yield_two_year_through_2023_mean_missing_pool_mean_b2,2017-2023 ex2020 2yr,2%,mean,7.018436,3.210373,12.768255,"selected minus lottery over the same pool, percentile points"
yield_two_year_through_2023_mean_missing_pool_mean_b2_coverage,2017-2023 ex2020 2yr,2%,mean,77.659574,,,"share of selections with an observed outcome, %"
yield_two_year_through_2023_mean_missing_pool_mean_b2_slots,2017-2023 ex2020 2yr,2%,mean,94.000000,,,award slots at this budget
yield_two_year_through_2023_mean_missing_zero_citation_percentile_b2,2017-2023 ex2020 2yr,2%,mean,7.893077,4.187616,14.510024,"selected minus lottery over the same pool, percentile points"
yield_two_year_through_2023_mean_missing_zero_citation_percentile_b2_coverage,2017-2023 ex2020 2yr,2%,mean,77.659574,,,"share of selections with an observed outcome, %"
yield_two_year_through_2023_mean_missing_zero_citation_percentile_b2_slots,2017-2023 ex2020 2yr,2%,mean,94.000000,,,award slots at this budget
yield_two_year_through_2023_variance_observed_only_b2,2017-2023 ex2020 2yr,2%,variance,0.067433,-6.855714,6.148330,"selected minus lottery over the same pool, percentile points"
yield_two_year_through_2023_variance_observed_only_b2_coverage,2017-2023 ex2020 2yr,2%,variance,74.468085,,,"share of selections with an observed outcome, %"
yield_two_year_through_2023_variance_observed_only_b2_slots,2017-2023 ex2020 2yr,2%,variance,94.000000,,,award slots at this budget
yield_two_year_through_2023_variance_missing_percentile_0_b2,2017-2023 ex2020 2yr,2%,variance,0.114961,-6.508684,5.724454,"selected minus lottery over the same pool, percentile points"
yield_two_year_through_2023_variance_missing_percentile_0_b2_coverage,2017-2023 ex2020 2yr,2%,variance,74.468085,,,"share of selections with an observed outcome, %"
yield_two_year_through_2023_variance_missing_percentile_0_b2_slots,2017-2023 ex2020 2yr,2%,variance,94.000000,,,award slots at this budget
yield_two_year_through_2023_variance_missing_pool_mean_b2,2017-2023 ex2020 2yr,2%,variance,-0.022502,-5.047374,4.503622,"selected minus lottery over the same pool, percentile points"
yield_two_year_through_2023_variance_missing_pool_mean_b2_coverage,2017-2023 ex2020 2yr,2%,variance,74.468085,,,"share of selections with an observed outcome, %"
yield_two_year_through_2023_variance_missing_pool_mean_b2_slots,2017-2023 ex2020 2yr,2%,variance,94.000000,,,award slots at this budget
yield_two_year_through_2023_variance_missing_zero_citation_percentile_b2,2017-2023 ex2020 2yr,2%,variance,0.040106,-5.736272,5.201004,"selected minus lottery over the same pool, percentile points"
yield_two_year_through_2023_variance_missing_zero_citation_percentile_b2_coverage,2017-2023 ex2020 2yr,2%,variance,74.468085,,,"share of selections with an observed outcome, %"
yield_two_year_through_2023_variance_missing_zero_citation_percentile_b2_slots,2017-2023 ex2020 2yr,2%,variance,94.000000,,,award slots at this budget
yield_two_year_through_2023_max_observed_only_b2,2017-2023 ex2020 2yr,2%,max,8.718450,1.966221,15.049181,"selected minus lottery over the same pool, percentile points"
yield_two_year_through_2023_max_observed_only_b2_coverage,2017-2023 ex2020 2yr,2%,max,73.404255,,,"share of selections with an observed outcome, %"
yield_two_year_through_2023_max_observed_only_b2_slots,2017-2023 ex2020 2yr,2%,max,94.000000,,,award slots at this budget
yield_two_year_through_2023_max_missing_percentile_0_b2,2017-2023 ex2020 2yr,2%,max,6.023234,-0.524159,12.085604,"selected minus lottery over the same pool, percentile points"
yield_two_year_through_2023_max_missing_percentile_0_b2_coverage,2017-2023 ex2020 2yr,2%,max,73.404255,,,"share of selections with an observed outcome, %"
yield_two_year_through_2023_max_missing_percentile_0_b2_slots,2017-2023 ex2020 2yr,2%,max,94.000000,,,award slots at this budget
yield_two_year_through_2023_max_missing_pool_mean_b2,2017-2023 ex2020 2yr,2%,max,6.457295,1.458513,11.176962,"selected minus lottery over the same pool, percentile points"
yield_two_year_through_2023_max_missing_pool_mean_b2_coverage,2017-2023 ex2020 2yr,2%,max,73.404255,,,"share of selections with an observed outcome, %"
yield_two_year_through_2023_max_missing_pool_mean_b2_slots,2017-2023 ex2020 2yr,2%,max,94.000000,,,award slots at this budget
yield_two_year_through_2023_max_missing_zero_citation_percentile_b2,2017-2023 ex2020 2yr,2%,max,6.230328,0.298890,11.539901,"selected minus lottery over the same pool, percentile points"
yield_two_year_through_2023_max_missing_zero_citation_percentile_b2_coverage,2017-2023 ex2020 2yr,2%,max,73.404255,,,"share of selections with an observed outcome, %"
yield_two_year_through_2023_max_missing_zero_citation_percentile_b2_slots,2017-2023 ex2020 2yr,2%,max,94.000000,,,award slots at this budget
yield_two_year_through_2023_max_resid_observed_only_b2,2017-2023 ex2020 2yr,2%,max_resid,3.844225,-3.984234,9.684361,"selected minus lottery over the same pool, percentile points"
yield_two_year_through_2023_max_resid_observed_only_b2_coverage,2017-2023 ex2020 2yr,2%,max_resid,71.276596,,,"share of selections with an observed outcome, %"
yield_two_year_through_2023_max_resid_observed_only_b2_slots,2017-2023 ex2020 2yr,2%,max_resid,94.000000,,,award slots at this budget
yield_two_year_through_2023_max_resid_missing_percentile_0_b2,2017-2023 ex2020 2yr,2%,max_resid,1.481104,-5.334382,7.621455,"selected minus lottery over the same pool, percentile points"
yield_two_year_through_2023_max_resid_missing_percentile_0_b2_coverage,2017-2023 ex2020 2yr,2%,max_resid,71.276596,,,"share of selections with an observed outcome, %"
yield_two_year_through_2023_max_resid_missing_percentile_0_b2_slots,2017-2023 ex2020 2yr,2%,max_resid,94.000000,,,award slots at this budget
yield_two_year_through_2023_max_resid_missing_pool_mean_b2,2017-2023 ex2020 2yr,2%,max_resid,2.706987,-2.777318,7.050036,"selected minus lottery over the same pool, percentile points"
yield_two_year_through_2023_max_resid_missing_pool_mean_b2_coverage,2017-2023 ex2020 2yr,2%,max_resid,71.276596,,,"share of selections with an observed outcome, %"
yield_two_year_through_2023_max_resid_missing_pool_mean_b2_slots,2017-2023 ex2020 2yr,2%,max_resid,94.000000,,,award slots at this budget
yield_two_year_through_2023_max_resid_missing_zero_citation_percentile_b2,2017-2023 ex2020 2yr,2%,max_resid,1.953755,-4.195629,7.192943,"selected minus lottery over the same pool, percentile points"
yield_two_year_through_2023_max_resid_missing_zero_citation_percentile_b2_coverage,2017-2023 ex2020 2yr,2%,max_resid,71.276596,,,"share of selections with an observed outcome, %"
yield_two_year_through_2023_max_resid_missing_zero_citation_percentile_b2_slots,2017-2023 ex2020 2yr,2%,max_resid,94.000000,,,award slots at this budget
yield_two_year_through_2023_lottery_observed_only_b2,2017-2023 ex2020 2yr,2%,lottery,0.000000,0.000000,0.000000,"selected minus lottery over the same pool, percentile points"
yield_two_year_through_2023_lottery_observed_only_b2_coverage,2017-2023 ex2020 2yr,2%,lottery,74.311980,,,"share of selections with an observed outcome, %"
yield_two_year_through_2023_lottery_observed_only_b2_slots,2017-2023 ex2020 2yr,2%,lottery,94.000000,,,award slots at this budget
yield_two_year_through_2023_lottery_missing_percentile_0_b2,2017-2023 ex2020 2yr,2%,lottery,0.000000,0.000000,0.000000,"selected minus lottery over the same pool, percentile points"
yield_two_year_through_2023_lottery_missing_percentile_0_b2_coverage,2017-2023 ex2020 2yr,2%,lottery,74.311980,,,"share of selections with an observed outcome, %"
yield_two_year_through_2023_lottery_missing_percentile_0_b2_slots,2017-2023 ex2020 2yr,2%,lottery,94.000000,,,award slots at this budget
yield_two_year_through_2023_lottery_missing_pool_mean_b2,2017-2023 ex2020 2yr,2%,lottery,0.000000,0.000000,0.000000,"selected minus lottery over the same pool, percentile points"
yield_two_year_through_2023_lottery_missing_pool_mean_b2_coverage,2017-2023 ex2020 2yr,2%,lottery,74.311980,,,"share of selections with an observed outcome, %"
yield_two_year_through_2023_lottery_missing_pool_mean_b2_slots,2017-2023 ex2020 2yr,2%,lottery,94.000000,,,award slots at this budget
yield_two_year_through_2023_lottery_missing_zero_citation_percentile_b2,2017-2023 ex2020 2yr,2%,lottery,0.000000,0.000000,0.000000,"selected minus lottery over the same pool, percentile points"
yield_two_year_through_2023_lottery_missing_zero_citation_percentile_b2_coverage,2017-2023 ex2020 2yr,2%,lottery,74.311980,,,"share of selections with an observed outcome, %"
yield_two_year_through_2023_lottery_missing_zero_citation_percentile_b2_slots,2017-2023 ex2020 2yr,2%,lottery,94.000000,,,award slots at this budget
yield_two_year_through_2023_D2_observed_only_b5,2017-2023 ex2020 2yr,5%,D2,-2.065660,-6.384267,1.757471,"selected minus lottery over the same pool, percentile points"
yield_two_year_through_2023_D2_observed_only_b5_coverage,2017-2023 ex2020 2yr,5%,D2,68.695652,,,"share of selections with an observed outcome, %"
yield_two_year_through_2023_D2_observed_only_b5_slots,2017-2023 ex2020 2yr,5%,D2,230.000000,,,award slots at this budget
yield_two_year_through_2023_D2_missing_percentile_0_b5,2017-2023 ex2020 2yr,5%,D2,-3.619218,-7.059184,0.195427,"selected minus lottery over the same pool, percentile points"
yield_two_year_through_2023_D2_missing_percentile_0_b5_coverage,2017-2023 ex2020 2yr,5%,D2,68.695652,,,"share of selections with an observed outcome, %"
yield_two_year_through_2023_D2_missing_percentile_0_b5_slots,2017-2023 ex2020 2yr,5%,D2,230.000000,,,award slots at this budget
yield_two_year_through_2023_D2_missing_pool_mean_b5,2017-2023 ex2020 2yr,5%,D2,-1.335239,-4.397688,1.301697,"selected minus lottery over the same pool, percentile points"
yield_two_year_through_2023_D2_missing_pool_mean_b5_coverage,2017-2023 ex2020 2yr,5%,D2,68.695652,,,"share of selections with an observed outcome, %"
yield_two_year_through_2023_D2_missing_pool_mean_b5_slots,2017-2023 ex2020 2yr,5%,D2,230.000000,,,award slots at this budget
yield_two_year_through_2023_D2_missing_zero_citation_percentile_b5,2017-2023 ex2020 2yr,5%,D2,-2.747228,-5.851486,0.539048,"selected minus lottery over the same pool, percentile points"
yield_two_year_through_2023_D2_missing_zero_citation_percentile_b5_coverage,2017-2023 ex2020 2yr,5%,D2,68.695652,,,"share of selections with an observed outcome, %"
yield_two_year_through_2023_D2_missing_zero_citation_percentile_b5_slots,2017-2023 ex2020 2yr,5%,D2,230.000000,,,award slots at this budget
yield_two_year_through_2023_mean_observed_only_b5,2017-2023 ex2020 2yr,5%,mean,8.592625,4.602498,12.370524,"selected minus lottery over the same pool, percentile points"
yield_two_year_through_2023_mean_observed_only_b5_coverage,2017-2023 ex2020 2yr,5%,mean,80.000000,,,"share of selections with an observed outcome, %"
yield_two_year_through_2023_mean_observed_only_b5_slots,2017-2023 ex2020 2yr,5%,mean,230.000000,,,award slots at this budget
yield_two_year_through_2023_mean_missing_percentile_0_b5,2017-2023 ex2020 2yr,5%,mean,9.364175,5.535056,12.870101,"selected minus lottery over the same pool, percentile points"
yield_two_year_through_2023_mean_missing_percentile_0_b5_coverage,2017-2023 ex2020 2yr,5%,mean,80.000000,,,"share of selections with an observed outcome, %"
yield_two_year_through_2023_mean_missing_percentile_0_b5_slots,2017-2023 ex2020 2yr,5%,mean,230.000000,,,award slots at this budget
yield_two_year_through_2023_mean_missing_pool_mean_b5,2017-2023 ex2020 2yr,5%,mean,6.804988,3.585423,9.767784,"selected minus lottery over the same pool, percentile points"
yield_two_year_through_2023_mean_missing_pool_mean_b5_coverage,2017-2023 ex2020 2yr,5%,mean,80.000000,,,"share of selections with an observed outcome, %"
yield_two_year_through_2023_mean_missing_pool_mean_b5_slots,2017-2023 ex2020 2yr,5%,mean,230.000000,,,award slots at this budget
yield_two_year_through_2023_mean_missing_zero_citation_percentile_b5,2017-2023 ex2020 2yr,5%,mean,8.401704,4.902642,11.572186,"selected minus lottery over the same pool, percentile points"
yield_two_year_through_2023_mean_missing_zero_citation_percentile_b5_coverage,2017-2023 ex2020 2yr,5%,mean,80.000000,,,"share of selections with an observed outcome, %"
yield_two_year_through_2023_mean_missing_zero_citation_percentile_b5_slots,2017-2023 ex2020 2yr,5%,mean,230.000000,,,award slots at this budget
yield_two_year_through_2023_variance_observed_only_b5,2017-2023 ex2020 2yr,5%,variance,1.906825,-2.133389,6.325200,"selected minus lottery over the same pool, percentile points"
yield_two_year_through_2023_variance_observed_only_b5_coverage,2017-2023 ex2020 2yr,5%,variance,73.478261,,,"share of selections with an observed outcome, %"
yield_two_year_through_2023_variance_observed_only_b5_slots,2017-2023 ex2020 2yr,5%,variance,230.000000,,,award slots at this budget
yield_two_year_through_2023_variance_missing_percentile_0_b5,2017-2023 ex2020 2yr,5%,variance,1.185249,-2.613592,5.109991,"selected minus lottery over the same pool, percentile points"
yield_two_year_through_2023_variance_missing_percentile_0_b5_coverage,2017-2023 ex2020 2yr,5%,variance,73.478261,,,"share of selections with an observed outcome, %"
yield_two_year_through_2023_variance_missing_percentile_0_b5_slots,2017-2023 ex2020 2yr,5%,variance,230.000000,,,award slots at this budget
yield_two_year_through_2023_variance_missing_pool_mean_b5,2017-2023 ex2020 2yr,5%,variance,1.367088,-1.585983,4.583249,"selected minus lottery over the same pool, percentile points"
yield_two_year_through_2023_variance_missing_pool_mean_b5_coverage,2017-2023 ex2020 2yr,5%,variance,73.478261,,,"share of selections with an observed outcome, %"
yield_two_year_through_2023_variance_missing_pool_mean_b5_slots,2017-2023 ex2020 2yr,5%,variance,230.000000,,,award slots at this budget
yield_two_year_through_2023_variance_missing_zero_citation_percentile_b5,2017-2023 ex2020 2yr,5%,variance,1.244480,-2.092878,4.721717,"selected minus lottery over the same pool, percentile points"
yield_two_year_through_2023_variance_missing_zero_citation_percentile_b5_coverage,2017-2023 ex2020 2yr,5%,variance,73.478261,,,"share of selections with an observed outcome, %"
yield_two_year_through_2023_variance_missing_zero_citation_percentile_b5_slots,2017-2023 ex2020 2yr,5%,variance,230.000000,,,award slots at this budget
yield_two_year_through_2023_max_observed_only_b5,2017-2023 ex2020 2yr,5%,max,7.488081,3.449954,11.620905,"selected minus lottery over the same pool, percentile points"
yield_two_year_through_2023_max_observed_only_b5_coverage,2017-2023 ex2020 2yr,5%,max,76.521739,,,"share of selections with an observed outcome, %"
yield_two_year_through_2023_max_observed_only_b5_slots,2017-2023 ex2020 2yr,5%,max,230.000000,,,award slots at this budget
yield_two_year_through_2023_max_missing_percentile_0_b5,2017-2023 ex2020 2yr,5%,max,6.776924,2.924555,10.904121,"selected minus lottery over the same pool, percentile points"
yield_two_year_through_2023_max_missing_percentile_0_b5_coverage,2017-2023 ex2020 2yr,5%,max,76.521739,,,"share of selections with an observed outcome, %"
yield_two_year_through_2023_max_missing_percentile_0_b5_slots,2017-2023 ex2020 2yr,5%,max,230.000000,,,award slots at this budget
yield_two_year_through_2023_max_missing_pool_mean_b5,2017-2023 ex2020 2yr,5%,max,5.700867,2.586742,8.893608,"selected minus lottery over the same pool, percentile points"
yield_two_year_through_2023_max_missing_pool_mean_b5_coverage,2017-2023 ex2020 2yr,5%,max,76.521739,,,"share of selections with an observed outcome, %"
yield_two_year_through_2023_max_missing_pool_mean_b5_slots,2017-2023 ex2020 2yr,5%,max,230.000000,,,award slots at this budget
yield_two_year_through_2023_max_missing_zero_citation_percentile_b5,2017-2023 ex2020 2yr,5%,max,6.378859,3.018126,9.980963,"selected minus lottery over the same pool, percentile points"
yield_two_year_through_2023_max_missing_zero_citation_percentile_b5_coverage,2017-2023 ex2020 2yr,5%,max,76.521739,,,"share of selections with an observed outcome, %"
yield_two_year_through_2023_max_missing_zero_citation_percentile_b5_slots,2017-2023 ex2020 2yr,5%,max,230.000000,,,award slots at this budget
yield_two_year_through_2023_max_resid_observed_only_b5,2017-2023 ex2020 2yr,5%,max_resid,1.124529,-3.224333,4.913974,"selected minus lottery over the same pool, percentile points"
yield_two_year_through_2023_max_resid_observed_only_b5_coverage,2017-2023 ex2020 2yr,5%,max_resid,74.347826,,,"share of selections with an observed outcome, %"
yield_two_year_through_2023_max_resid_observed_only_b5_slots,2017-2023 ex2020 2yr,5%,max_resid,230.000000,,,award slots at this budget
yield_two_year_through_2023_max_resid_missing_percentile_0_b5,2017-2023 ex2020 2yr,5%,max_resid,0.981001,-3.018045,4.521775,"selected minus lottery over the same pool, percentile points"
yield_two_year_through_2023_max_resid_missing_percentile_0_b5_coverage,2017-2023 ex2020 2yr,5%,max_resid,74.347826,,,"share of selections with an observed outcome, %"
yield_two_year_through_2023_max_resid_missing_percentile_0_b5_slots,2017-2023 ex2020 2yr,5%,max_resid,230.000000,,,award slots at this budget
yield_two_year_through_2023_max_resid_missing_pool_mean_b5,2017-2023 ex2020 2yr,5%,max_resid,0.795802,-2.448191,3.646075,"selected minus lottery over the same pool, percentile points"
yield_two_year_through_2023_max_resid_missing_pool_mean_b5_coverage,2017-2023 ex2020 2yr,5%,max_resid,74.347826,,,"share of selections with an observed outcome, %"
yield_two_year_through_2023_max_resid_missing_pool_mean_b5_slots,2017-2023 ex2020 2yr,5%,max_resid,230.000000,,,award slots at this budget
yield_two_year_through_2023_max_resid_missing_zero_citation_percentile_b5,2017-2023 ex2020 2yr,5%,max_resid,0.907223,-2.555286,4.055480,"selected minus lottery over the same pool, percentile points"
yield_two_year_through_2023_max_resid_missing_zero_citation_percentile_b5_coverage,2017-2023 ex2020 2yr,5%,max_resid,74.347826,,,"share of selections with an observed outcome, %"
yield_two_year_through_2023_max_resid_missing_zero_citation_percentile_b5_slots,2017-2023 ex2020 2yr,5%,max_resid,230.000000,,,award slots at this budget
yield_two_year_through_2023_lottery_observed_only_b5,2017-2023 ex2020 2yr,5%,lottery,0.000000,0.000000,0.000000,"selected minus lottery over the same pool, percentile points"
yield_two_year_through_2023_lottery_observed_only_b5_coverage,2017-2023 ex2020 2yr,5%,lottery,73.998502,,,"share of selections with an observed outcome, %"
yield_two_year_through_2023_lottery_observed_only_b5_slots,2017-2023 ex2020 2yr,5%,lottery,230.000000,,,award slots at this budget
yield_two_year_through_2023_lottery_missing_percentile_0_b5,2017-2023 ex2020 2yr,5%,lottery,0.000000,0.000000,0.000000,"selected minus lottery over the same pool, percentile points"
yield_two_year_through_2023_lottery_missing_percentile_0_b5_coverage,2017-2023 ex2020 2yr,5%,lottery,73.998502,,,"share of selections with an observed outcome, %"
yield_two_year_through_2023_lottery_missing_percentile_0_b5_slots,2017-2023 ex2020 2yr,5%,lottery,230.000000,,,award slots at this budget
yield_two_year_through_2023_lottery_missing_pool_mean_b5,2017-2023 ex2020 2yr,5%,lottery,0.000000,0.000000,0.000000,"selected minus lottery over the same pool, percentile points"
yield_two_year_through_2023_lottery_missing_pool_mean_b5_coverage,2017-2023 ex2020 2yr,5%,lottery,73.998502,,,"share of selections with an observed outcome, %"
yield_two_year_through_2023_lottery_missing_pool_mean_b5_slots,2017-2023 ex2020 2yr,5%,lottery,230.000000,,,award slots at this budget
yield_two_year_through_2023_lottery_missing_zero_citation_percentile_b5,2017-2023 ex2020 2yr,5%,lottery,0.000000,0.000000,0.000000,"selected minus lottery over the same pool, percentile points"
yield_two_year_through_2023_lottery_missing_zero_citation_percentile_b5_coverage,2017-2023 ex2020 2yr,5%,lottery,73.998502,,,"share of selections with an observed outcome, %"
yield_two_year_through_2023_lottery_missing_zero_citation_percentile_b5_slots,2017-2023 ex2020 2yr,5%,lottery,230.000000,,,award slots at this budget
yield_two_year_through_2023_D2_observed_only_b10,2017-2023 ex2020 2yr,10%,D2,-0.647806,-3.643276,1.883616,"selected minus lottery over the same pool, percentile points"
yield_two_year_through_2023_D2_observed_only_b10_coverage,2017-2023 ex2020 2yr,10%,D2,72.766885,,,"share of selections with an observed outcome, %"
yield_two_year_through_2023_D2_observed_only_b10_slots,2017-2023 ex2020 2yr,10%,D2,459.000000,,,award slots at this budget
yield_two_year_through_2023_D2_missing_percentile_0_b10,2017-2023 ex2020 2yr,10%,D2,-0.961423,-3.773053,1.354253,"selected minus lottery over the same pool, percentile points"
yield_two_year_through_2023_D2_missing_percentile_0_b10_coverage,2017-2023 ex2020 2yr,10%,D2,72.766885,,,"share of selections with an observed outcome, %"
yield_two_year_through_2023_D2_missing_percentile_0_b10_slots,2017-2023 ex2020 2yr,10%,D2,459.000000,,,award slots at this budget
yield_two_year_through_2023_D2_missing_pool_mean_b10,2017-2023 ex2020 2yr,10%,D2,-0.434226,-2.560329,1.412246,"selected minus lottery over the same pool, percentile points"
yield_two_year_through_2023_D2_missing_pool_mean_b10_coverage,2017-2023 ex2020 2yr,10%,D2,72.766885,,,"share of selections with an observed outcome, %"
yield_two_year_through_2023_D2_missing_pool_mean_b10_slots,2017-2023 ex2020 2yr,10%,D2,459.000000,,,award slots at this budget
yield_two_year_through_2023_D2_missing_zero_citation_percentile_b10,2017-2023 ex2020 2yr,10%,D2,-0.747804,-3.207456,1.324158,"selected minus lottery over the same pool, percentile points"
yield_two_year_through_2023_D2_missing_zero_citation_percentile_b10_coverage,2017-2023 ex2020 2yr,10%,D2,72.766885,,,"share of selections with an observed outcome, %"
yield_two_year_through_2023_D2_missing_zero_citation_percentile_b10_slots,2017-2023 ex2020 2yr,10%,D2,459.000000,,,award slots at this budget
yield_two_year_through_2023_mean_observed_only_b10,2017-2023 ex2020 2yr,10%,mean,8.118358,5.376755,10.719915,"selected minus lottery over the same pool, percentile points"
yield_two_year_through_2023_mean_observed_only_b10_coverage,2017-2023 ex2020 2yr,10%,mean,81.917211,,,"share of selections with an observed outcome, %"
yield_two_year_through_2023_mean_observed_only_b10_slots,2017-2023 ex2020 2yr,10%,mean,459.000000,,,award slots at this budget
yield_two_year_through_2023_mean_missing_percentile_0_b10,2017-2023 ex2020 2yr,10%,mean,9.957356,7.197035,12.359313,"selected minus lottery over the same pool, percentile points"
yield_two_year_through_2023_mean_missing_percentile_0_b10_coverage,2017-2023 ex2020 2yr,10%,mean,81.917211,,,"share of selections with an observed outcome, %"
yield_two_year_through_2023_mean_missing_percentile_0_b10_slots,2017-2023 ex2020 2yr,10%,mean,459.000000,,,award slots at this budget
yield_two_year_through_2023_mean_missing_pool_mean_b10,2017-2023 ex2020 2yr,10%,mean,6.549702,4.276742,8.652860,"selected minus lottery over the same pool, percentile points"
yield_two_year_through_2023_mean_missing_pool_mean_b10_coverage,2017-2023 ex2020 2yr,10%,mean,81.917211,,,"share of selections with an observed outcome, %"
yield_two_year_through_2023_mean_missing_pool_mean_b10_slots,2017-2023 ex2020 2yr,10%,mean,459.000000,,,award slots at this budget
yield_two_year_through_2023_mean_missing_zero_citation_percentile_b10,2017-2023 ex2020 2yr,10%,mean,8.679281,6.191419,10.941578,"selected minus lottery over the same pool, percentile points"
yield_two_year_through_2023_mean_missing_zero_citation_percentile_b10_coverage,2017-2023 ex2020 2yr,10%,mean,81.917211,,,"share of selections with an observed outcome, %"
yield_two_year_through_2023_mean_missing_zero_citation_percentile_b10_slots,2017-2023 ex2020 2yr,10%,mean,459.000000,,,award slots at this budget
yield_two_year_through_2023_variance_observed_only_b10,2017-2023 ex2020 2yr,10%,variance,3.822912,1.154673,6.773441,"selected minus lottery over the same pool, percentile points"
yield_two_year_through_2023_variance_observed_only_b10_coverage,2017-2023 ex2020 2yr,10%,variance,76.906318,,,"share of selections with an observed outcome, %"
yield_two_year_through_2023_variance_observed_only_b10_slots,2017-2023 ex2020 2yr,10%,variance,459.000000,,,award slots at this budget
yield_two_year_through_2023_variance_missing_percentile_0_b10,2017-2023 ex2020 2yr,10%,variance,4.167743,1.446393,6.827333,"selected minus lottery over the same pool, percentile points"
yield_two_year_through_2023_variance_missing_percentile_0_b10_coverage,2017-2023 ex2020 2yr,10%,variance,76.906318,,,"share of selections with an observed outcome, %"
yield_two_year_through_2023_variance_missing_percentile_0_b10_slots,2017-2023 ex2020 2yr,10%,variance,459.000000,,,award slots at this budget
yield_two_year_through_2023_variance_missing_pool_mean_b10,2017-2023 ex2020 2yr,10%,variance,2.895676,0.845008,5.159177,"selected minus lottery over the same pool, percentile points"
yield_two_year_through_2023_variance_missing_pool_mean_b10_coverage,2017-2023 ex2020 2yr,10%,variance,76.906318,,,"share of selections with an observed outcome, %"
yield_two_year_through_2023_variance_missing_pool_mean_b10_slots,2017-2023 ex2020 2yr,10%,variance,459.000000,,,award slots at this budget
yield_two_year_through_2023_variance_missing_zero_citation_percentile_b10,2017-2023 ex2020 2yr,10%,variance,3.703910,1.331568,6.125924,"selected minus lottery over the same pool, percentile points"
yield_two_year_through_2023_variance_missing_zero_citation_percentile_b10_coverage,2017-2023 ex2020 2yr,10%,variance,76.906318,,,"share of selections with an observed outcome, %"
yield_two_year_through_2023_variance_missing_zero_citation_percentile_b10_slots,2017-2023 ex2020 2yr,10%,variance,459.000000,,,award slots at this budget
yield_two_year_through_2023_max_observed_only_b10,2017-2023 ex2020 2yr,10%,max,6.674590,4.619745,10.225221,"selected minus lottery over the same pool, percentile points"
yield_two_year_through_2023_max_observed_only_b10_coverage,2017-2023 ex2020 2yr,10%,max,76.034858,,,"share of selections with an observed outcome, %"
yield_two_year_through_2023_max_observed_only_b10_slots,2017-2023 ex2020 2yr,10%,max,459.000000,,,award slots at this budget
yield_two_year_through_2023_max_missing_percentile_0_b10,2017-2023 ex2020 2yr,10%,max,5.941072,3.725767,9.065243,"selected minus lottery over the same pool, percentile points"
yield_two_year_through_2023_max_missing_percentile_0_b10_coverage,2017-2023 ex2020 2yr,10%,max,76.034858,,,"share of selections with an observed outcome, %"
yield_two_year_through_2023_max_missing_percentile_0_b10_slots,2017-2023 ex2020 2yr,10%,max,459.000000,,,award slots at this budget
yield_two_year_through_2023_max_missing_pool_mean_b10,2017-2023 ex2020 2yr,10%,max,5.042765,3.474357,7.697460,"selected minus lottery over the same pool, percentile points"
yield_two_year_through_2023_max_missing_pool_mean_b10_coverage,2017-2023 ex2020 2yr,10%,max,76.034858,,,"share of selections with an observed outcome, %"
yield_two_year_through_2023_max_missing_pool_mean_b10_slots,2017-2023 ex2020 2yr,10%,max,459.000000,,,award slots at this budget
yield_two_year_through_2023_max_missing_zero_citation_percentile_b10,2017-2023 ex2020 2yr,10%,max,5.626490,3.687213,8.452036,"selected minus lottery over the same pool, percentile points"
yield_two_year_through_2023_max_missing_zero_citation_percentile_b10_coverage,2017-2023 ex2020 2yr,10%,max,76.034858,,,"share of selections with an observed outcome, %"
yield_two_year_through_2023_max_missing_zero_citation_percentile_b10_slots,2017-2023 ex2020 2yr,10%,max,459.000000,,,award slots at this budget
yield_two_year_through_2023_max_resid_observed_only_b10,2017-2023 ex2020 2yr,10%,max_resid,-0.740891,-3.179373,2.256644,"selected minus lottery over the same pool, percentile points"
yield_two_year_through_2023_max_resid_observed_only_b10_coverage,2017-2023 ex2020 2yr,10%,max_resid,75.163399,,,"share of selections with an observed outcome, %"
yield_two_year_through_2023_max_resid_observed_only_b10_slots,2017-2023 ex2020 2yr,10%,max_resid,459.000000,,,award slots at this budget
yield_two_year_through_2023_max_resid_missing_percentile_0_b10,2017-2023 ex2020 2yr,10%,max_resid,-0.052446,-2.372336,2.719406,"selected minus lottery over the same pool, percentile points"
yield_two_year_through_2023_max_resid_missing_percentile_0_b10_coverage,2017-2023 ex2020 2yr,10%,max_resid,75.163399,,,"share of selections with an observed outcome, %"
yield_two_year_through_2023_max_resid_missing_percentile_0_b10_slots,2017-2023 ex2020 2yr,10%,max_resid,459.000000,,,award slots at this budget
yield_two_year_through_2023_max_resid_missing_pool_mean_b10,2017-2023 ex2020 2yr,10%,max_resid,-0.563754,-2.403108,1.686671,"selected minus lottery over the same pool, percentile points"
yield_two_year_through_2023_max_resid_missing_pool_mean_b10_coverage,2017-2023 ex2020 2yr,10%,max_resid,75.163399,,,"share of selections with an observed outcome, %"
yield_two_year_through_2023_max_resid_missing_pool_mean_b10_slots,2017-2023 ex2020 2yr,10%,max_resid,459.000000,,,award slots at this budget
yield_two_year_through_2023_max_resid_missing_zero_citation_percentile_b10,2017-2023 ex2020 2yr,10%,max_resid,-0.225266,-2.319630,2.268130,"selected minus lottery over the same pool, percentile points"
yield_two_year_through_2023_max_resid_missing_zero_citation_percentile_b10_coverage,2017-2023 ex2020 2yr,10%,max_resid,75.163399,,,"share of selections with an observed outcome, %"
yield_two_year_through_2023_max_resid_missing_zero_citation_percentile_b10_slots,2017-2023 ex2020 2yr,10%,max_resid,459.000000,,,award slots at this budget
yield_two_year_through_2023_lottery_observed_only_b10,2017-2023 ex2020 2yr,10%,lottery,0.000000,0.000000,0.000000,"selected minus lottery over the same pool, percentile points"
yield_two_year_through_2023_lottery_observed_only_b10_coverage,2017-2023 ex2020 2yr,10%,lottery,73.947794,,,"share of selections with an observed outcome, %"
yield_two_year_through_2023_lottery_observed_only_b10_slots,2017-2023 ex2020 2yr,10%,lottery,459.000000,,,award slots at this budget
yield_two_year_through_2023_lottery_missing_percentile_0_b10,2017-2023 ex2020 2yr,10%,lottery,0.000000,0.000000,0.000000,"selected minus lottery over the same pool, percentile points"
yield_two_year_through_2023_lottery_missing_percentile_0_b10_coverage,2017-2023 ex2020 2yr,10%,lottery,73.947794,,,"share of selections with an observed outcome, %"
yield_two_year_through_2023_lottery_missing_percentile_0_b10_slots,2017-2023 ex2020 2yr,10%,lottery,459.000000,,,award slots at this budget
yield_two_year_through_2023_lottery_missing_pool_mean_b10,2017-2023 ex2020 2yr,10%,lottery,0.000000,0.000000,0.000000,"selected minus lottery over the same pool, percentile points"
yield_two_year_through_2023_lottery_missing_pool_mean_b10_coverage,2017-2023 ex2020 2yr,10%,lottery,73.947794,,,"share of selections with an observed outcome, %"
yield_two_year_through_2023_lottery_missing_pool_mean_b10_slots,2017-2023 ex2020 2yr,10%,lottery,459.000000,,,award slots at this budget
yield_two_year_through_2023_lottery_missing_zero_citation_percentile_b10,2017-2023 ex2020 2yr,10%,lottery,0.000000,0.000000,0.000000,"selected minus lottery over the same pool, percentile points"
yield_two_year_through_2023_lottery_missing_zero_citation_percentile_b10_coverage,2017-2023 ex2020 2yr,10%,lottery,73.947794,,,"share of selections with an observed outcome, %"
yield_two_year_through_2023_lottery_missing_zero_citation_percentile_b10_slots,2017-2023 ex2020 2yr,10%,lottery,459.000000,,,award slots at this budget
yield_pool_withdrawn_1_D2_observed_only_b1,2017-2024 ex2020 2yr incl withdrawn,1%,D2,2.202670,-6.342256,9.885229,"selected minus lottery over the same pool, percentile points"
yield_pool_withdrawn_1_D2_observed_only_b1_coverage,2017-2024 ex2020 2yr incl withdrawn,1%,D2,63.380282,,,"share of selections with an observed outcome, %"
yield_pool_withdrawn_1_D2_observed_only_b1_slots,2017-2024 ex2020 2yr incl withdrawn,1%,D2,71.000000,,,award slots at this budget
yield_pool_withdrawn_1_D2_missing_percentile_0_b1,2017-2024 ex2020 2yr incl withdrawn,1%,D2,-0.735385,-8.426629,6.249550,"selected minus lottery over the same pool, percentile points"
yield_pool_withdrawn_1_D2_missing_percentile_0_b1_coverage,2017-2024 ex2020 2yr incl withdrawn,1%,D2,63.380282,,,"share of selections with an observed outcome, %"
yield_pool_withdrawn_1_D2_missing_percentile_0_b1_slots,2017-2024 ex2020 2yr incl withdrawn,1%,D2,71.000000,,,award slots at this budget
yield_pool_withdrawn_1_D2_missing_pool_mean_b1,2017-2024 ex2020 2yr incl withdrawn,1%,D2,1.520486,-4.050838,6.413158,"selected minus lottery over the same pool, percentile points"
yield_pool_withdrawn_1_D2_missing_pool_mean_b1_coverage,2017-2024 ex2020 2yr incl withdrawn,1%,D2,63.380282,,,"share of selections with an observed outcome, %"
yield_pool_withdrawn_1_D2_missing_pool_mean_b1_slots,2017-2024 ex2020 2yr incl withdrawn,1%,D2,71.000000,,,award slots at this budget
yield_pool_withdrawn_1_D2_missing_zero_citation_percentile_b1,2017-2024 ex2020 2yr incl withdrawn,1%,D2,0.264455,-5.948338,6.104955,"selected minus lottery over the same pool, percentile points"
yield_pool_withdrawn_1_D2_missing_zero_citation_percentile_b1_coverage,2017-2024 ex2020 2yr incl withdrawn,1%,D2,63.380282,,,"share of selections with an observed outcome, %"
yield_pool_withdrawn_1_D2_missing_zero_citation_percentile_b1_slots,2017-2024 ex2020 2yr incl withdrawn,1%,D2,71.000000,,,award slots at this budget
yield_pool_withdrawn_1_mean_observed_only_b1,2017-2024 ex2020 2yr incl withdrawn,1%,mean,5.122257,-0.386937,13.156422,"selected minus lottery over the same pool, percentile points"
yield_pool_withdrawn_1_mean_observed_only_b1_coverage,2017-2024 ex2020 2yr incl withdrawn,1%,mean,77.464789,,,"share of selections with an observed outcome, %"
yield_pool_withdrawn_1_mean_observed_only_b1_slots,2017-2024 ex2020 2yr incl withdrawn,1%,mean,71.000000,,,award slots at this budget
yield_pool_withdrawn_1_mean_missing_percentile_0_b1,2017-2024 ex2020 2yr incl withdrawn,1%,mean,7.947236,2.173711,16.181391,"selected minus lottery over the same pool, percentile points"
yield_pool_withdrawn_1_mean_missing_percentile_0_b1_coverage,2017-2024 ex2020 2yr incl withdrawn,1%,mean,77.464789,,,"share of selections with an observed outcome, %"
yield_pool_withdrawn_1_mean_missing_percentile_0_b1_slots,2017-2024 ex2020 2yr incl withdrawn,1%,mean,71.000000,,,award slots at this budget
yield_pool_withdrawn_1_mean_missing_pool_mean_b1,2017-2024 ex2020 2yr incl withdrawn,1%,mean,3.719031,-0.498023,10.012244,"selected minus lottery over the same pool, percentile points"
yield_pool_withdrawn_1_mean_missing_pool_mean_b1_coverage,2017-2024 ex2020 2yr incl withdrawn,1%,mean,77.464789,,,"share of selections with an observed outcome, %"
yield_pool_withdrawn_1_mean_missing_pool_mean_b1_slots,2017-2024 ex2020 2yr incl withdrawn,1%,mean,71.000000,,,award slots at this budget
yield_pool_withdrawn_1_mean_missing_zero_citation_percentile_b1,2017-2024 ex2020 2yr incl withdrawn,1%,mean,6.166106,1.306592,13.237799,"selected minus lottery over the same pool, percentile points"
yield_pool_withdrawn_1_mean_missing_zero_citation_percentile_b1_coverage,2017-2024 ex2020 2yr incl withdrawn,1%,mean,77.464789,,,"share of selections with an observed outcome, %"
yield_pool_withdrawn_1_mean_missing_zero_citation_percentile_b1_slots,2017-2024 ex2020 2yr incl withdrawn,1%,mean,71.000000,,,award slots at this budget
yield_pool_withdrawn_1_variance_observed_only_b1,2017-2024 ex2020 2yr incl withdrawn,1%,variance,2.670738,-5.110712,10.561088,"selected minus lottery over the same pool, percentile points"
yield_pool_withdrawn_1_variance_observed_only_b1_coverage,2017-2024 ex2020 2yr incl withdrawn,1%,variance,76.056338,,,"share of selections with an observed outcome, %"
yield_pool_withdrawn_1_variance_observed_only_b1_slots,2017-2024 ex2020 2yr incl withdrawn,1%,variance,71.000000,,,award slots at this budget
yield_pool_withdrawn_1_variance_missing_percentile_0_b1,2017-2024 ex2020 2yr incl withdrawn,1%,variance,5.399482,-3.258505,12.436905,"selected minus lottery over the same pool, percentile points"
yield_pool_withdrawn_1_variance_missing_percentile_0_b1_coverage,2017-2024 ex2020 2yr incl withdrawn,1%,variance,76.056338,,,"share of selections with an observed outcome, %"
yield_pool_withdrawn_1_variance_missing_percentile_0_b1_slots,2017-2024 ex2020 2yr incl withdrawn,1%,variance,71.000000,,,award slots at this budget
yield_pool_withdrawn_1_variance_missing_pool_mean_b1,2017-2024 ex2020 2yr incl withdrawn,1%,variance,1.808817,-3.878984,7.717158,"selected minus lottery over the same pool, percentile points"
yield_pool_withdrawn_1_variance_missing_pool_mean_b1_coverage,2017-2024 ex2020 2yr incl withdrawn,1%,variance,76.056338,,,"share of selections with an observed outcome, %"
yield_pool_withdrawn_1_variance_missing_pool_mean_b1_slots,2017-2024 ex2020 2yr incl withdrawn,1%,variance,71.000000,,,award slots at this budget
yield_pool_withdrawn_1_variance_missing_zero_citation_percentile_b1,2017-2024 ex2020 2yr incl withdrawn,1%,variance,3.965441,-3.169186,10.211571,"selected minus lottery over the same pool, percentile points"
yield_pool_withdrawn_1_variance_missing_zero_citation_percentile_b1_coverage,2017-2024 ex2020 2yr incl withdrawn,1%,variance,76.056338,,,"share of selections with an observed outcome, %"
yield_pool_withdrawn_1_variance_missing_zero_citation_percentile_b1_slots,2017-2024 ex2020 2yr incl withdrawn,1%,variance,71.000000,,,award slots at this budget
yield_pool_withdrawn_1_max_observed_only_b1,2017-2024 ex2020 2yr incl withdrawn,1%,max,9.595888,2.397882,17.209211,"selected minus lottery over the same pool, percentile points"
yield_pool_withdrawn_1_max_observed_only_b1_coverage,2017-2024 ex2020 2yr incl withdrawn,1%,max,73.239437,,,"share of selections with an observed outcome, %"
yield_pool_withdrawn_1_max_observed_only_b1_slots,2017-2024 ex2020 2yr incl withdrawn,1%,max,71.000000,,,award slots at this budget
yield_pool_withdrawn_1_max_missing_percentile_0_b1,2017-2024 ex2020 2yr incl withdrawn,1%,max,9.174044,2.237086,17.756449,"selected minus lottery over the same pool, percentile points"
yield_pool_withdrawn_1_max_missing_percentile_0_b1_coverage,2017-2024 ex2020 2yr incl withdrawn,1%,max,73.239437,,,"share of selections with an observed outcome, %"
yield_pool_withdrawn_1_max_missing_percentile_0_b1_slots,2017-2024 ex2020 2yr incl withdrawn,1%,max,71.000000,,,award slots at this budget
yield_pool_withdrawn_1_max_missing_pool_mean_b1,2017-2024 ex2020 2yr incl withdrawn,1%,max,6.684111,1.400855,12.607692,"selected minus lottery over the same pool, percentile points"
yield_pool_withdrawn_1_max_missing_pool_mean_b1_coverage,2017-2024 ex2020 2yr incl withdrawn,1%,max,73.239437,,,"share of selections with an observed outcome, %"
yield_pool_withdrawn_1_max_missing_pool_mean_b1_slots,2017-2024 ex2020 2yr incl withdrawn,1%,max,71.000000,,,award slots at this budget
yield_pool_withdrawn_1_max_missing_zero_citation_percentile_b1,2017-2024 ex2020 2yr incl withdrawn,1%,max,8.012437,2.023370,15.529617,"selected minus lottery over the same pool, percentile points"
yield_pool_withdrawn_1_max_missing_zero_citation_percentile_b1_coverage,2017-2024 ex2020 2yr incl withdrawn,1%,max,73.239437,,,"share of selections with an observed outcome, %"
yield_pool_withdrawn_1_max_missing_zero_citation_percentile_b1_slots,2017-2024 ex2020 2yr incl withdrawn,1%,max,71.000000,,,award slots at this budget
yield_pool_withdrawn_1_max_resid_observed_only_b1,2017-2024 ex2020 2yr incl withdrawn,1%,max_resid,3.684118,-6.122065,11.833254,"selected minus lottery over the same pool, percentile points"
yield_pool_withdrawn_1_max_resid_observed_only_b1_coverage,2017-2024 ex2020 2yr incl withdrawn,1%,max_resid,61.971831,,,"share of selections with an observed outcome, %"
yield_pool_withdrawn_1_max_resid_observed_only_b1_slots,2017-2024 ex2020 2yr incl withdrawn,1%,max_resid,71.000000,,,award slots at this budget
yield_pool_withdrawn_1_max_resid_missing_percentile_0_b1,2017-2024 ex2020 2yr incl withdrawn,1%,max_resid,-0.459401,-7.699864,7.933733,"selected minus lottery over the same pool, percentile points"
yield_pool_withdrawn_1_max_resid_missing_percentile_0_b1_coverage,2017-2024 ex2020 2yr incl withdrawn,1%,max_resid,61.971831,,,"share of selections with an observed outcome, %"
yield_pool_withdrawn_1_max_resid_missing_percentile_0_b1_slots,2017-2024 ex2020 2yr incl withdrawn,1%,max_resid,71.000000,,,award slots at this budget
yield_pool_withdrawn_1_max_resid_missing_pool_mean_b1,2017-2024 ex2020 2yr incl withdrawn,1%,max_resid,2.323860,-3.851927,7.696400,"selected minus lottery over the same pool, percentile points"
yield_pool_withdrawn_1_max_resid_missing_pool_mean_b1_coverage,2017-2024 ex2020 2yr incl withdrawn,1%,max_resid,61.971831,,,"share of selections with an observed outcome, %"
yield_pool_withdrawn_1_max_resid_missing_pool_mean_b1_slots,2017-2024 ex2020 2yr incl withdrawn,1%,max_resid,71.000000,,,award slots at this budget
yield_pool_withdrawn_1_max_resid_missing_zero_citation_percentile_b1,2017-2024 ex2020 2yr incl withdrawn,1%,max_resid,0.648799,-5.569207,7.445727,"selected minus lottery over the same pool, percentile points"
yield_pool_withdrawn_1_max_resid_missing_zero_citation_percentile_b1_coverage,2017-2024 ex2020 2yr incl withdrawn,1%,max_resid,61.971831,,,"share of selections with an observed outcome, %"
yield_pool_withdrawn_1_max_resid_missing_zero_citation_percentile_b1_slots,2017-2024 ex2020 2yr incl withdrawn,1%,max_resid,71.000000,,,award slots at this budget
yield_pool_withdrawn_1_lottery_observed_only_b1,2017-2024 ex2020 2yr incl withdrawn,1%,lottery,0.000000,0.000000,0.000000,"selected minus lottery over the same pool, percentile points"
yield_pool_withdrawn_1_lottery_observed_only_b1_coverage,2017-2024 ex2020 2yr incl withdrawn,1%,lottery,68.293002,,,"share of selections with an observed outcome, %"
yield_pool_withdrawn_1_lottery_observed_only_b1_slots,2017-2024 ex2020 2yr incl withdrawn,1%,lottery,71.000000,,,award slots at this budget
yield_pool_withdrawn_1_lottery_missing_percentile_0_b1,2017-2024 ex2020 2yr incl withdrawn,1%,lottery,0.000000,0.000000,0.000000,"selected minus lottery over the same pool, percentile points"
yield_pool_withdrawn_1_lottery_missing_percentile_0_b1_coverage,2017-2024 ex2020 2yr incl withdrawn,1%,lottery,68.293002,,,"share of selections with an observed outcome, %"
yield_pool_withdrawn_1_lottery_missing_percentile_0_b1_slots,2017-2024 ex2020 2yr incl withdrawn,1%,lottery,71.000000,,,award slots at this budget
yield_pool_withdrawn_1_lottery_missing_pool_mean_b1,2017-2024 ex2020 2yr incl withdrawn,1%,lottery,0.000000,0.000000,0.000000,"selected minus lottery over the same pool, percentile points"
yield_pool_withdrawn_1_lottery_missing_pool_mean_b1_coverage,2017-2024 ex2020 2yr incl withdrawn,1%,lottery,68.293002,,,"share of selections with an observed outcome, %"
yield_pool_withdrawn_1_lottery_missing_pool_mean_b1_slots,2017-2024 ex2020 2yr incl withdrawn,1%,lottery,71.000000,,,award slots at this budget
yield_pool_withdrawn_1_lottery_missing_zero_citation_percentile_b1,2017-2024 ex2020 2yr incl withdrawn,1%,lottery,0.000000,0.000000,0.000000,"selected minus lottery over the same pool, percentile points"
yield_pool_withdrawn_1_lottery_missing_zero_citation_percentile_b1_coverage,2017-2024 ex2020 2yr incl withdrawn,1%,lottery,68.293002,,,"share of selections with an observed outcome, %"
yield_pool_withdrawn_1_lottery_missing_zero_citation_percentile_b1_slots,2017-2024 ex2020 2yr incl withdrawn,1%,lottery,71.000000,,,award slots at this budget
yield_pool_withdrawn_1_D2_observed_only_b2,2017-2024 ex2020 2yr incl withdrawn,2%,D2,1.071211,-4.394525,7.135155,"selected minus lottery over the same pool, percentile points"
yield_pool_withdrawn_1_D2_observed_only_b2_coverage,2017-2024 ex2020 2yr incl withdrawn,2%,D2,63.571429,,,"share of selections with an observed outcome, %"
yield_pool_withdrawn_1_D2_observed_only_b2_slots,2017-2024 ex2020 2yr incl withdrawn,2%,D2,140.000000,,,award slots at this budget
yield_pool_withdrawn_1_D2_missing_percentile_0_b2,2017-2024 ex2020 2yr incl withdrawn,2%,D2,-1.205239,-6.171643,4.368772,"selected minus lottery over the same pool, percentile points"
yield_pool_withdrawn_1_D2_missing_percentile_0_b2_coverage,2017-2024 ex2020 2yr incl withdrawn,2%,D2,63.571429,,,"share of selections with an observed outcome, %"
yield_pool_withdrawn_1_D2_missing_percentile_0_b2_slots,2017-2024 ex2020 2yr incl withdrawn,2%,D2,140.000000,,,award slots at this budget
yield_pool_withdrawn_1_D2_missing_pool_mean_b2,2017-2024 ex2020 2yr incl withdrawn,2%,D2,0.789141,-2.641443,4.615520,"selected minus lottery over the same pool, percentile points"
yield_pool_withdrawn_1_D2_missing_pool_mean_b2_coverage,2017-2024 ex2020 2yr incl withdrawn,2%,D2,63.571429,,,"share of selections with an observed outcome, %"
yield_pool_withdrawn_1_D2_missing_pool_mean_b2_slots,2017-2024 ex2020 2yr incl withdrawn,2%,D2,140.000000,,,award slots at this budget
yield_pool_withdrawn_1_D2_missing_zero_citation_percentile_b2,2017-2024 ex2020 2yr incl withdrawn,2%,D2,-0.360853,-4.392562,4.358275,"selected minus lottery over the same pool, percentile points"
yield_pool_withdrawn_1_D2_missing_zero_citation_percentile_b2_coverage,2017-2024 ex2020 2yr incl withdrawn,2%,D2,63.571429,,,"share of selections with an observed outcome, %"
yield_pool_withdrawn_1_D2_missing_zero_citation_percentile_b2_slots,2017-2024 ex2020 2yr incl withdrawn,2%,D2,140.000000,,,award slots at this budget
yield_pool_withdrawn_1_mean_observed_only_b2,2017-2024 ex2020 2yr incl withdrawn,2%,mean,6.856347,1.740160,12.082374,"selected minus lottery over the same pool, percentile points"
yield_pool_withdrawn_1_mean_observed_only_b2_coverage,2017-2024 ex2020 2yr incl withdrawn,2%,mean,77.142857,,,"share of selections with an observed outcome, %"
yield_pool_withdrawn_1_mean_observed_only_b2_slots,2017-2024 ex2020 2yr incl withdrawn,2%,mean,140.000000,,,award slots at this budget
yield_pool_withdrawn_1_mean_missing_percentile_0_b2,2017-2024 ex2020 2yr incl withdrawn,2%,mean,9.306145,4.040897,14.521072,"selected minus lottery over the same pool, percentile points"
yield_pool_withdrawn_1_mean_missing_percentile_0_b2_coverage,2017-2024 ex2020 2yr incl withdrawn,2%,mean,77.142857,,,"share of selections with an observed outcome, %"
yield_pool_withdrawn_1_mean_missing_percentile_0_b2_slots,2017-2024 ex2020 2yr incl withdrawn,2%,mean,140.000000,,,award slots at this budget
yield_pool_withdrawn_1_mean_missing_pool_mean_b2,2017-2024 ex2020 2yr incl withdrawn,2%,mean,4.977985,1.036720,9.109897,"selected minus lottery over the same pool, percentile points"
yield_pool_withdrawn_1_mean_missing_pool_mean_b2_coverage,2017-2024 ex2020 2yr incl withdrawn,2%,mean,77.142857,,,"share of selections with an observed outcome, %"
yield_pool_withdrawn_1_mean_missing_pool_mean_b2_slots,2017-2024 ex2020 2yr incl withdrawn,2%,mean,140.000000,,,award slots at this budget
yield_pool_withdrawn_1_mean_missing_zero_citation_percentile_b2,2017-2024 ex2020 2yr incl withdrawn,2%,mean,7.509333,2.958878,12.143435,"selected minus lottery over the same pool, percentile points"
yield_pool_withdrawn_1_mean_missing_zero_citation_percentile_b2_coverage,2017-2024 ex2020 2yr incl withdrawn,2%,mean,77.142857,,,"share of selections with an observed outcome, %"
yield_pool_withdrawn_1_mean_missing_zero_citation_percentile_b2_slots,2017-2024 ex2020 2yr incl withdrawn,2%,mean,140.000000,,,award slots at this budget
yield_pool_withdrawn_1_variance_observed_only_b2,2017-2024 ex2020 2yr incl withdrawn,2%,variance,1.610172,-4.307318,7.262106,"selected minus lottery over the same pool, percentile points"
yield_pool_withdrawn_1_variance_observed_only_b2_coverage,2017-2024 ex2020 2yr incl withdrawn,2%,variance,68.571429,,,"share of selections with an observed outcome, %"
yield_pool_withdrawn_1_variance_observed_only_b2_slots,2017-2024 ex2020 2yr incl withdrawn,2%,variance,140.000000,,,award slots at this budget
yield_pool_withdrawn_1_variance_missing_percentile_0_b2,2017-2024 ex2020 2yr incl withdrawn,2%,variance,1.392752,-3.792052,6.856824,"selected minus lottery over the same pool, percentile points"
yield_pool_withdrawn_1_variance_missing_percentile_0_b2_coverage,2017-2024 ex2020 2yr incl withdrawn,2%,variance,68.571429,,,"share of selections with an observed outcome, %"
yield_pool_withdrawn_1_variance_missing_percentile_0_b2_slots,2017-2024 ex2020 2yr incl withdrawn,2%,variance,140.000000,,,award slots at this budget
yield_pool_withdrawn_1_variance_missing_pool_mean_b2,2017-2024 ex2020 2yr incl withdrawn,2%,variance,1.058699,-3.066991,4.942197,"selected minus lottery over the same pool, percentile points"
yield_pool_withdrawn_1_variance_missing_pool_mean_b2_coverage,2017-2024 ex2020 2yr incl withdrawn,2%,variance,68.571429,,,"share of selections with an observed outcome, %"
yield_pool_withdrawn_1_variance_missing_pool_mean_b2_slots,2017-2024 ex2020 2yr incl withdrawn,2%,variance,140.000000,,,award slots at this budget
yield_pool_withdrawn_1_variance_missing_zero_citation_percentile_b2,2017-2024 ex2020 2yr incl withdrawn,2%,variance,1.221327,-3.338343,5.872409,"selected minus lottery over the same pool, percentile points"
yield_pool_withdrawn_1_variance_missing_zero_citation_percentile_b2_coverage,2017-2024 ex2020 2yr incl withdrawn,2%,variance,68.571429,,,"share of selections with an observed outcome, %"
yield_pool_withdrawn_1_variance_missing_zero_citation_percentile_b2_slots,2017-2024 ex2020 2yr incl withdrawn,2%,variance,140.000000,,,award slots at this budget
yield_pool_withdrawn_1_max_observed_only_b2,2017-2024 ex2020 2yr incl withdrawn,2%,max,8.638587,2.950814,14.113785,"selected minus lottery over the same pool, percentile points"
yield_pool_withdrawn_1_max_observed_only_b2_coverage,2017-2024 ex2020 2yr incl withdrawn,2%,max,74.285714,,,"share of selections with an observed outcome, %"
yield_pool_withdrawn_1_max_observed_only_b2_slots,2017-2024 ex2020 2yr incl withdrawn,2%,max,140.000000,,,award slots at this budget
yield_pool_withdrawn_1_max_missing_percentile_0_b2,2017-2024 ex2020 2yr incl withdrawn,2%,max,9.191422,3.531408,14.520386,"selected minus lottery over the same pool, percentile points"
yield_pool_withdrawn_1_max_missing_percentile_0_b2_coverage,2017-2024 ex2020 2yr incl withdrawn,2%,max,74.285714,,,"share of selections with an observed outcome, %"
yield_pool_withdrawn_1_max_missing_percentile_0_b2_slots,2017-2024 ex2020 2yr incl withdrawn,2%,max,140.000000,,,award slots at this budget
yield_pool_withdrawn_1_max_missing_pool_mean_b2,2017-2024 ex2020 2yr incl withdrawn,2%,max,6.103071,1.882258,10.247654,"selected minus lottery over the same pool, percentile points"
yield_pool_withdrawn_1_max_missing_pool_mean_b2_coverage,2017-2024 ex2020 2yr incl withdrawn,2%,max,74.285714,,,"share of selections with an observed outcome, %"
yield_pool_withdrawn_1_max_missing_pool_mean_b2_slots,2017-2024 ex2020 2yr incl withdrawn,2%,max,140.000000,,,award slots at this budget
yield_pool_withdrawn_1_max_missing_zero_citation_percentile_b2,2017-2024 ex2020 2yr incl withdrawn,2%,max,7.870843,2.913725,12.537678,"selected minus lottery over the same pool, percentile points"
yield_pool_withdrawn_1_max_missing_zero_citation_percentile_b2_coverage,2017-2024 ex2020 2yr incl withdrawn,2%,max,74.285714,,,"share of selections with an observed outcome, %"
yield_pool_withdrawn_1_max_missing_zero_citation_percentile_b2_slots,2017-2024 ex2020 2yr incl withdrawn,2%,max,140.000000,,,award slots at this budget
yield_pool_withdrawn_1_max_resid_observed_only_b2,2017-2024 ex2020 2yr incl withdrawn,2%,max_resid,2.996155,-2.837196,8.854724,"selected minus lottery over the same pool, percentile points"
yield_pool_withdrawn_1_max_resid_observed_only_b2_coverage,2017-2024 ex2020 2yr incl withdrawn,2%,max_resid,65.000000,,,"share of selections with an observed outcome, %"
yield_pool_withdrawn_1_max_resid_observed_only_b2_slots,2017-2024 ex2020 2yr incl withdrawn,2%,max_resid,140.000000,,,award slots at this budget
yield_pool_withdrawn_1_max_resid_missing_percentile_0_b2,2017-2024 ex2020 2yr incl withdrawn,2%,max_resid,0.682665,-4.357279,6.758760,"selected minus lottery over the same pool, percentile points"
yield_pool_withdrawn_1_max_resid_missing_percentile_0_b2_coverage,2017-2024 ex2020 2yr incl withdrawn,2%,max_resid,65.000000,,,"share of selections with an observed outcome, %"
yield_pool_withdrawn_1_max_resid_missing_percentile_0_b2_slots,2017-2024 ex2020 2yr incl withdrawn,2%,max_resid,140.000000,,,award slots at this budget
yield_pool_withdrawn_1_max_resid_missing_pool_mean_b2,2017-2024 ex2020 2yr incl withdrawn,2%,max_resid,1.899317,-1.855301,5.881140,"selected minus lottery over the same pool, percentile points"
yield_pool_withdrawn_1_max_resid_missing_pool_mean_b2_coverage,2017-2024 ex2020 2yr incl withdrawn,2%,max_resid,65.000000,,,"share of selections with an observed outcome, %"
yield_pool_withdrawn_1_max_resid_missing_pool_mean_b2_slots,2017-2024 ex2020 2yr incl withdrawn,2%,max_resid,140.000000,,,award slots at this budget
yield_pool_withdrawn_1_max_resid_missing_zero_citation_percentile_b2,2017-2024 ex2020 2yr incl withdrawn,2%,max_resid,1.136756,-3.162547,6.276057,"selected minus lottery over the same pool, percentile points"
yield_pool_withdrawn_1_max_resid_missing_zero_citation_percentile_b2_coverage,2017-2024 ex2020 2yr incl withdrawn,2%,max_resid,65.000000,,,"share of selections with an observed outcome, %"
yield_pool_withdrawn_1_max_resid_missing_zero_citation_percentile_b2_slots,2017-2024 ex2020 2yr incl withdrawn,2%,max_resid,140.000000,,,award slots at this budget
yield_pool_withdrawn_1_lottery_observed_only_b2,2017-2024 ex2020 2yr incl withdrawn,2%,lottery,0.000000,0.000000,0.000000,"selected minus lottery over the same pool, percentile points"
yield_pool_withdrawn_1_lottery_observed_only_b2_coverage,2017-2024 ex2020 2yr incl withdrawn,2%,lottery,67.907858,,,"share of selections with an observed outcome, %"
yield_pool_withdrawn_1_lottery_observed_only_b2_slots,2017-2024 ex2020 2yr incl withdrawn,2%,lottery,140.000000,,,award slots at this budget
yield_pool_withdrawn_1_lottery_missing_percentile_0_b2,2017-2024 ex2020 2yr incl withdrawn,2%,lottery,0.000000,0.000000,0.000000,"selected minus lottery over the same pool, percentile points"
yield_pool_withdrawn_1_lottery_missing_percentile_0_b2_coverage,2017-2024 ex2020 2yr incl withdrawn,2%,lottery,67.907858,,,"share of selections with an observed outcome, %"
yield_pool_withdrawn_1_lottery_missing_percentile_0_b2_slots,2017-2024 ex2020 2yr incl withdrawn,2%,lottery,140.000000,,,award slots at this budget
yield_pool_withdrawn_1_lottery_missing_pool_mean_b2,2017-2024 ex2020 2yr incl withdrawn,2%,lottery,0.000000,0.000000,0.000000,"selected minus lottery over the same pool, percentile points"
yield_pool_withdrawn_1_lottery_missing_pool_mean_b2_coverage,2017-2024 ex2020 2yr incl withdrawn,2%,lottery,67.907858,,,"share of selections with an observed outcome, %"
yield_pool_withdrawn_1_lottery_missing_pool_mean_b2_slots,2017-2024 ex2020 2yr incl withdrawn,2%,lottery,140.000000,,,award slots at this budget
yield_pool_withdrawn_1_lottery_missing_zero_citation_percentile_b2,2017-2024 ex2020 2yr incl withdrawn,2%,lottery,0.000000,0.000000,0.000000,"selected minus lottery over the same pool, percentile points"
yield_pool_withdrawn_1_lottery_missing_zero_citation_percentile_b2_coverage,2017-2024 ex2020 2yr incl withdrawn,2%,lottery,67.907858,,,"share of selections with an observed outcome, %"
yield_pool_withdrawn_1_lottery_missing_zero_citation_percentile_b2_slots,2017-2024 ex2020 2yr incl withdrawn,2%,lottery,140.000000,,,award slots at this budget
yield_pool_withdrawn_1_D2_observed_only_b5,2017-2024 ex2020 2yr incl withdrawn,5%,D2,-1.606904,-4.272966,2.983146,"selected minus lottery over the same pool, percentile points"
yield_pool_withdrawn_1_D2_observed_only_b5_coverage,2017-2024 ex2020 2yr incl withdrawn,5%,D2,65.116279,,,"share of selections with an observed outcome, %"
yield_pool_withdrawn_1_D2_observed_only_b5_slots,2017-2024 ex2020 2yr incl withdrawn,5%,D2,344.000000,,,award slots at this budget
yield_pool_withdrawn_1_D2_missing_percentile_0_b5,2017-2024 ex2020 2yr incl withdrawn,5%,D2,-2.148049,-4.647305,1.723670,"selected minus lottery over the same pool, percentile points"
yield_pool_withdrawn_1_D2_missing_percentile_0_b5_coverage,2017-2024 ex2020 2yr incl withdrawn,5%,D2,65.116279,,,"share of selections with an observed outcome, %"
yield_pool_withdrawn_1_D2_missing_percentile_0_b5_slots,2017-2024 ex2020 2yr incl withdrawn,5%,D2,344.000000,,,award slots at this budget
yield_pool_withdrawn_1_D2_missing_pool_mean_b5,2017-2024 ex2020 2yr incl withdrawn,5%,D2,-1.074709,-2.730955,1.859516,"selected minus lottery over the same pool, percentile points"
yield_pool_withdrawn_1_D2_missing_pool_mean_b5_coverage,2017-2024 ex2020 2yr incl withdrawn,5%,D2,65.116279,,,"share of selections with an observed outcome, %"
yield_pool_withdrawn_1_D2_missing_pool_mean_b5_slots,2017-2024 ex2020 2yr incl withdrawn,5%,D2,344.000000,,,award slots at this budget
yield_pool_withdrawn_1_D2_missing_zero_citation_percentile_b5,2017-2024 ex2020 2yr incl withdrawn,5%,D2,-1.725774,-3.780355,1.676787,"selected minus lottery over the same pool, percentile points"
yield_pool_withdrawn_1_D2_missing_zero_citation_percentile_b5_coverage,2017-2024 ex2020 2yr incl withdrawn,5%,D2,65.116279,,,"share of selections with an observed outcome, %"
yield_pool_withdrawn_1_D2_missing_zero_citation_percentile_b5_slots,2017-2024 ex2020 2yr incl withdrawn,5%,D2,344.000000,,,award slots at this budget
yield_pool_withdrawn_1_mean_observed_only_b5,2017-2024 ex2020 2yr incl withdrawn,5%,mean,5.760430,2.412785,9.178431,"selected minus lottery over the same pool, percentile points"
yield_pool_withdrawn_1_mean_observed_only_b5_coverage,2017-2024 ex2020 2yr incl withdrawn,5%,mean,75.290698,,,"share of selections with an observed outcome, %"
yield_pool_withdrawn_1_mean_observed_only_b5_slots,2017-2024 ex2020 2yr incl withdrawn,5%,mean,344.000000,,,award slots at this budget
yield_pool_withdrawn_1_mean_missing_percentile_0_b5,2017-2024 ex2020 2yr incl withdrawn,5%,mean,7.665409,4.590074,11.177870,"selected minus lottery over the same pool, percentile points"
yield_pool_withdrawn_1_mean_missing_percentile_0_b5_coverage,2017-2024 ex2020 2yr incl withdrawn,5%,mean,75.290698,,,"share of selections with an observed outcome, %"
yield_pool_withdrawn_1_mean_missing_percentile_0_b5_slots,2017-2024 ex2020 2yr incl withdrawn,5%,mean,344.000000,,,award slots at this budget
yield_pool_withdrawn_1_mean_missing_pool_mean_b5,2017-2024 ex2020 2yr incl withdrawn,5%,mean,4.109658,1.605189,6.728099,"selected minus lottery over the same pool, percentile points"
yield_pool_withdrawn_1_mean_missing_pool_mean_b5_coverage,2017-2024 ex2020 2yr incl withdrawn,5%,mean,75.290698,,,"share of selections with an observed outcome, %"
yield_pool_withdrawn_1_mean_missing_pool_mean_b5_slots,2017-2024 ex2020 2yr incl withdrawn,5%,mean,344.000000,,,award slots at this budget
yield_pool_withdrawn_1_mean_missing_zero_citation_percentile_b5,2017-2024 ex2020 2yr incl withdrawn,5%,mean,6.212462,3.508785,9.195574,"selected minus lottery over the same pool, percentile points"
yield_pool_withdrawn_1_mean_missing_zero_citation_percentile_b5_coverage,2017-2024 ex2020 2yr incl withdrawn,5%,mean,75.290698,,,"share of selections with an observed outcome, %"
yield_pool_withdrawn_1_mean_missing_zero_citation_percentile_b5_slots,2017-2024 ex2020 2yr incl withdrawn,5%,mean,344.000000,,,award slots at this budget
yield_pool_withdrawn_1_variance_observed_only_b5,2017-2024 ex2020 2yr incl withdrawn,5%,variance,0.825046,-1.850406,4.928918,"selected minus lottery over the same pool, percentile points"
yield_pool_withdrawn_1_variance_observed_only_b5_coverage,2017-2024 ex2020 2yr incl withdrawn,5%,variance,68.313953,,,"share of selections with an observed outcome, %"
yield_pool_withdrawn_1_variance_observed_only_b5_slots,2017-2024 ex2020 2yr incl withdrawn,5%,variance,344.000000,,,award slots at this budget
yield_pool_withdrawn_1_variance_missing_percentile_0_b5,2017-2024 ex2020 2yr incl withdrawn,5%,variance,0.854225,-1.784470,4.869246,"selected minus lottery over the same pool, percentile points"
yield_pool_withdrawn_1_variance_missing_percentile_0_b5_coverage,2017-2024 ex2020 2yr incl withdrawn,5%,variance,68.313953,,,"share of selections with an observed outcome, %"
yield_pool_withdrawn_1_variance_missing_percentile_0_b5_slots,2017-2024 ex2020 2yr incl withdrawn,5%,variance,344.000000,,,award slots at this budget
yield_pool_withdrawn_1_variance_missing_pool_mean_b5,2017-2024 ex2020 2yr incl withdrawn,5%,variance,0.457846,-1.341494,3.274218,"selected minus lottery over the same pool, percentile points"
yield_pool_withdrawn_1_variance_missing_pool_mean_b5_coverage,2017-2024 ex2020 2yr incl withdrawn,5%,variance,68.313953,,,"share of selections with an observed outcome, %"
yield_pool_withdrawn_1_variance_missing_pool_mean_b5_slots,2017-2024 ex2020 2yr incl withdrawn,5%,variance,344.000000,,,award slots at this budget
yield_pool_withdrawn_1_variance_missing_zero_citation_percentile_b5,2017-2024 ex2020 2yr incl withdrawn,5%,variance,0.650318,-1.513436,4.040585,"selected minus lottery over the same pool, percentile points"
yield_pool_withdrawn_1_variance_missing_zero_citation_percentile_b5_coverage,2017-2024 ex2020 2yr incl withdrawn,5%,variance,68.313953,,,"share of selections with an observed outcome, %"
yield_pool_withdrawn_1_variance_missing_zero_citation_percentile_b5_slots,2017-2024 ex2020 2yr incl withdrawn,5%,variance,344.000000,,,award slots at this budget
yield_pool_withdrawn_1_max_observed_only_b5,2017-2024 ex2020 2yr incl withdrawn,5%,max,6.003650,2.915940,9.862457,"selected minus lottery over the same pool, percentile points"
yield_pool_withdrawn_1_max_observed_only_b5_coverage,2017-2024 ex2020 2yr incl withdrawn,5%,max,76.162791,,,"share of selections with an observed outcome, %"
yield_pool_withdrawn_1_max_observed_only_b5_slots,2017-2024 ex2020 2yr incl withdrawn,5%,max,344.000000,,,award slots at this budget
yield_pool_withdrawn_1_max_missing_percentile_0_b5,2017-2024 ex2020 2yr incl withdrawn,5%,max,8.280606,4.875458,11.739707,"selected minus lottery over the same pool, percentile points"
yield_pool_withdrawn_1_max_missing_percentile_0_b5_coverage,2017-2024 ex2020 2yr incl withdrawn,5%,max,76.162791,,,"share of selections with an observed outcome, %"
yield_pool_withdrawn_1_max_missing_percentile_0_b5_slots,2017-2024 ex2020 2yr incl withdrawn,5%,max,344.000000,,,award slots at this budget
yield_pool_withdrawn_1_max_missing_pool_mean_b5,2017-2024 ex2020 2yr incl withdrawn,5%,max,4.279838,1.927865,7.165760,"selected minus lottery over the same pool, percentile points"
yield_pool_withdrawn_1_max_missing_pool_mean_b5_coverage,2017-2024 ex2020 2yr incl withdrawn,5%,max,76.162791,,,"share of selections with an observed outcome, %"
yield_pool_withdrawn_1_max_missing_pool_mean_b5_slots,2017-2024 ex2020 2yr incl withdrawn,5%,max,344.000000,,,award slots at this budget
yield_pool_withdrawn_1_max_missing_zero_citation_percentile_b5,2017-2024 ex2020 2yr incl withdrawn,5%,max,6.656954,3.780655,9.825076,"selected minus lottery over the same pool, percentile points"
yield_pool_withdrawn_1_max_missing_zero_citation_percentile_b5_coverage,2017-2024 ex2020 2yr incl withdrawn,5%,max,76.162791,,,"share of selections with an observed outcome, %"
yield_pool_withdrawn_1_max_missing_zero_citation_percentile_b5_slots,2017-2024 ex2020 2yr incl withdrawn,5%,max,344.000000,,,award slots at this budget
yield_pool_withdrawn_1_max_resid_observed_only_b5,2017-2024 ex2020 2yr incl withdrawn,5%,max_resid,0.210097,-3.028179,4.107575,"selected minus lottery over the same pool, percentile points"
yield_pool_withdrawn_1_max_resid_observed_only_b5_coverage,2017-2024 ex2020 2yr incl withdrawn,5%,max_resid,69.186047,,,"share of selections with an observed outcome, %"
yield_pool_withdrawn_1_max_resid_observed_only_b5_slots,2017-2024 ex2020 2yr incl withdrawn,5%,max_resid,344.000000,,,award slots at this budget
yield_pool_withdrawn_1_max_resid_missing_percentile_0_b5,2017-2024 ex2020 2yr incl withdrawn,5%,max_resid,0.815679,-2.128536,4.288535,"selected minus lottery over the same pool, percentile points"
yield_pool_withdrawn_1_max_resid_missing_percentile_0_b5_coverage,2017-2024 ex2020 2yr incl withdrawn,5%,max_resid,69.186047,,,"share of selections with an observed outcome, %"
yield_pool_withdrawn_1_max_resid_missing_percentile_0_b5_slots,2017-2024 ex2020 2yr incl withdrawn,5%,max_resid,344.000000,,,award slots at this budget
yield_pool_withdrawn_1_max_resid_missing_pool_mean_b5,2017-2024 ex2020 2yr incl withdrawn,5%,max_resid,0.048221,-2.212337,2.736921,"selected minus lottery over the same pool, percentile points"
yield_pool_withdrawn_1_max_resid_missing_pool_mean_b5_coverage,2017-2024 ex2020 2yr incl withdrawn,5%,max_resid,69.186047,,,"share of selections with an observed outcome, %"
yield_pool_withdrawn_1_max_resid_missing_pool_mean_b5_slots,2017-2024 ex2020 2yr incl withdrawn,5%,max_resid,344.000000,,,award slots at this budget
yield_pool_withdrawn_1_max_resid_missing_zero_citation_percentile_b5,2017-2024 ex2020 2yr incl withdrawn,5%,max_resid,0.490900,-2.065354,3.552384,"selected minus lottery over the same pool, percentile points"
yield_pool_withdrawn_1_max_resid_missing_zero_citation_percentile_b5_coverage,2017-2024 ex2020 2yr incl withdrawn,5%,max_resid,69.186047,,,"share of selections with an observed outcome, %"
yield_pool_withdrawn_1_max_resid_missing_zero_citation_percentile_b5_slots,2017-2024 ex2020 2yr incl withdrawn,5%,max_resid,344.000000,,,award slots at this budget
yield_pool_withdrawn_1_lottery_observed_only_b5,2017-2024 ex2020 2yr incl withdrawn,5%,lottery,0.000000,0.000000,0.000000,"selected minus lottery over the same pool, percentile points"
yield_pool_withdrawn_1_lottery_observed_only_b5_coverage,2017-2024 ex2020 2yr incl withdrawn,5%,lottery,67.646527,,,"share of selections with an observed outcome, %"
yield_pool_withdrawn_1_lottery_observed_only_b5_slots,2017-2024 ex2020 2yr incl withdrawn,5%,lottery,344.000000,,,award slots at this budget
yield_pool_withdrawn_1_lottery_missing_percentile_0_b5,2017-2024 ex2020 2yr incl withdrawn,5%,lottery,0.000000,0.000000,0.000000,"selected minus lottery over the same pool, percentile points"
yield_pool_withdrawn_1_lottery_missing_percentile_0_b5_coverage,2017-2024 ex2020 2yr incl withdrawn,5%,lottery,67.646527,,,"share of selections with an observed outcome, %"
yield_pool_withdrawn_1_lottery_missing_percentile_0_b5_slots,2017-2024 ex2020 2yr incl withdrawn,5%,lottery,344.000000,,,award slots at this budget
yield_pool_withdrawn_1_lottery_missing_pool_mean_b5,2017-2024 ex2020 2yr incl withdrawn,5%,lottery,0.000000,0.000000,0.000000,"selected minus lottery over the same pool, percentile points"
yield_pool_withdrawn_1_lottery_missing_pool_mean_b5_coverage,2017-2024 ex2020 2yr incl withdrawn,5%,lottery,67.646527,,,"share of selections with an observed outcome, %"
yield_pool_withdrawn_1_lottery_missing_pool_mean_b5_slots,2017-2024 ex2020 2yr incl withdrawn,5%,lottery,344.000000,,,award slots at this budget
yield_pool_withdrawn_1_lottery_missing_zero_citation_percentile_b5,2017-2024 ex2020 2yr incl withdrawn,5%,lottery,0.000000,0.000000,0.000000,"selected minus lottery over the same pool, percentile points"
yield_pool_withdrawn_1_lottery_missing_zero_citation_percentile_b5_coverage,2017-2024 ex2020 2yr incl withdrawn,5%,lottery,67.646527,,,"share of selections with an observed outcome, %"
yield_pool_withdrawn_1_lottery_missing_zero_citation_percentile_b5_slots,2017-2024 ex2020 2yr incl withdrawn,5%,lottery,344.000000,,,award slots at this budget
yield_pool_withdrawn_1_D2_observed_only_b10,2017-2024 ex2020 2yr incl withdrawn,10%,D2,0.983919,-1.554682,3.139238,"selected minus lottery over the same pool, percentile points"
yield_pool_withdrawn_1_D2_observed_only_b10_coverage,2017-2024 ex2020 2yr incl withdrawn,10%,D2,68.950437,,,"share of selections with an observed outcome, %"
yield_pool_withdrawn_1_D2_observed_only_b10_slots,2017-2024 ex2020 2yr incl withdrawn,10%,D2,686.000000,,,award slots at this budget
yield_pool_withdrawn_1_D2_missing_percentile_0_b10,2017-2024 ex2020 2yr incl withdrawn,10%,D2,1.257327,-0.931269,3.408895,"selected minus lottery over the same pool, percentile points"
yield_pool_withdrawn_1_D2_missing_percentile_0_b10_coverage,2017-2024 ex2020 2yr incl withdrawn,10%,D2,68.950437,,,"share of selections with an observed outcome, %"
yield_pool_withdrawn_1_D2_missing_percentile_0_b10_slots,2017-2024 ex2020 2yr incl withdrawn,10%,D2,686.000000,,,award slots at this budget
yield_pool_withdrawn_1_D2_missing_pool_mean_b10,2017-2024 ex2020 2yr incl withdrawn,10%,D2,0.601876,-1.159383,2.111151,"selected minus lottery over the same pool, percentile points"
yield_pool_withdrawn_1_D2_missing_pool_mean_b10_coverage,2017-2024 ex2020 2yr incl withdrawn,10%,D2,68.950437,,,"share of selections with an observed outcome, %"
yield_pool_withdrawn_1_D2_missing_pool_mean_b10_slots,2017-2024 ex2020 2yr incl withdrawn,10%,D2,686.000000,,,award slots at this budget
yield_pool_withdrawn_1_D2_missing_zero_citation_percentile_b10,2017-2024 ex2020 2yr incl withdrawn,10%,D2,0.994897,-1.010869,2.796392,"selected minus lottery over the same pool, percentile points"
yield_pool_withdrawn_1_D2_missing_zero_citation_percentile_b10_coverage,2017-2024 ex2020 2yr incl withdrawn,10%,D2,68.950437,,,"share of selections with an observed outcome, %"
yield_pool_withdrawn_1_D2_missing_zero_citation_percentile_b10_slots,2017-2024 ex2020 2yr incl withdrawn,10%,D2,686.000000,,,award slots at this budget
yield_pool_withdrawn_1_mean_observed_only_b10,2017-2024 ex2020 2yr incl withdrawn,10%,mean,5.514146,3.249344,7.840347,"selected minus lottery over the same pool, percentile points"
yield_pool_withdrawn_1_mean_observed_only_b10_coverage,2017-2024 ex2020 2yr incl withdrawn,10%,mean,77.988338,,,"share of selections with an observed outcome, %"
yield_pool_withdrawn_1_mean_observed_only_b10_slots,2017-2024 ex2020 2yr incl withdrawn,10%,mean,686.000000,,,award slots at this budget
yield_pool_withdrawn_1_mean_missing_percentile_0_b10,2017-2024 ex2020 2yr incl withdrawn,10%,mean,8.814883,6.389528,11.140729,"selected minus lottery over the same pool, percentile points"
yield_pool_withdrawn_1_mean_missing_percentile_0_b10_coverage,2017-2024 ex2020 2yr incl withdrawn,10%,mean,77.988338,,,"share of selections with an observed outcome, %"
yield_pool_withdrawn_1_mean_missing_percentile_0_b10_slots,2017-2024 ex2020 2yr incl withdrawn,10%,mean,686.000000,,,award slots at this budget
yield_pool_withdrawn_1_mean_missing_pool_mean_b10,2017-2024 ex2020 2yr incl withdrawn,10%,mean,4.030077,2.259900,5.878924,"selected minus lottery over the same pool, percentile points"
yield_pool_withdrawn_1_mean_missing_pool_mean_b10_coverage,2017-2024 ex2020 2yr incl withdrawn,10%,mean,77.988338,,,"share of selections with an observed outcome, %"
yield_pool_withdrawn_1_mean_missing_pool_mean_b10_slots,2017-2024 ex2020 2yr incl withdrawn,10%,mean,686.000000,,,award slots at this budget
yield_pool_withdrawn_1_mean_missing_zero_citation_percentile_b10,2017-2024 ex2020 2yr incl withdrawn,10%,mean,6.892796,4.810316,8.956959,"selected minus lottery over the same pool, percentile points"
yield_pool_withdrawn_1_mean_missing_zero_citation_percentile_b10_coverage,2017-2024 ex2020 2yr incl withdrawn,10%,mean,77.988338,,,"share of selections with an observed outcome, %"
yield_pool_withdrawn_1_mean_missing_zero_citation_percentile_b10_slots,2017-2024 ex2020 2yr incl withdrawn,10%,mean,686.000000,,,award slots at this budget
yield_pool_withdrawn_1_variance_observed_only_b10,2017-2024 ex2020 2yr incl withdrawn,10%,variance,2.266283,-0.301008,4.549339,"selected minus lottery over the same pool, percentile points"
yield_pool_withdrawn_1_variance_observed_only_b10_coverage,2017-2024 ex2020 2yr incl withdrawn,10%,variance,69.970845,,,"share of selections with an observed outcome, %"
yield_pool_withdrawn_1_variance_observed_only_b10_slots,2017-2024 ex2020 2yr incl withdrawn,10%,variance,686.000000,,,award slots at this budget
yield_pool_withdrawn_1_variance_missing_percentile_0_b10,2017-2024 ex2020 2yr incl withdrawn,10%,variance,2.608988,0.272679,4.945135,"selected minus lottery over the same pool, percentile points"
yield_pool_withdrawn_1_variance_missing_percentile_0_b10_coverage,2017-2024 ex2020 2yr incl withdrawn,10%,variance,69.970845,,,"share of selections with an observed outcome, %"
yield_pool_withdrawn_1_variance_missing_percentile_0_b10_slots,2017-2024 ex2020 2yr incl withdrawn,10%,variance,686.000000,,,award slots at this budget
yield_pool_withdrawn_1_variance_missing_pool_mean_b10,2017-2024 ex2020 2yr incl withdrawn,10%,variance,1.521433,-0.295211,3.110648,"selected minus lottery over the same pool, percentile points"
yield_pool_withdrawn_1_variance_missing_pool_mean_b10_coverage,2017-2024 ex2020 2yr incl withdrawn,10%,variance,69.970845,,,"share of selections with an observed outcome, %"
yield_pool_withdrawn_1_variance_missing_pool_mean_b10_slots,2017-2024 ex2020 2yr incl withdrawn,10%,variance,686.000000,,,award slots at this budget
yield_pool_withdrawn_1_variance_missing_zero_citation_percentile_b10,2017-2024 ex2020 2yr incl withdrawn,10%,variance,2.184449,0.058005,4.093165,"selected minus lottery over the same pool, percentile points"
yield_pool_withdrawn_1_variance_missing_zero_citation_percentile_b10_coverage,2017-2024 ex2020 2yr incl withdrawn,10%,variance,69.970845,,,"share of selections with an observed outcome, %"
yield_pool_withdrawn_1_variance_missing_zero_citation_percentile_b10_slots,2017-2024 ex2020 2yr incl withdrawn,10%,variance,686.000000,,,award slots at this budget
yield_pool_withdrawn_1_max_observed_only_b10,2017-2024 ex2020 2yr incl withdrawn,10%,max,5.988489,3.543996,8.492795,"selected minus lottery over the same pool, percentile points"
yield_pool_withdrawn_1_max_observed_only_b10_coverage,2017-2024 ex2020 2yr incl withdrawn,10%,max,74.198251,,,"share of selections with an observed outcome, %"
yield_pool_withdrawn_1_max_observed_only_b10_slots,2017-2024 ex2020 2yr incl withdrawn,10%,max,686.000000,,,award slots at this budget
yield_pool_withdrawn_1_max_missing_percentile_0_b10,2017-2024 ex2020 2yr incl withdrawn,10%,max,7.307441,4.923962,9.585526,"selected minus lottery over the same pool, percentile points"
yield_pool_withdrawn_1_max_missing_percentile_0_b10_coverage,2017-2024 ex2020 2yr incl withdrawn,10%,max,74.198251,,,"share of selections with an observed outcome, %"
yield_pool_withdrawn_1_max_missing_percentile_0_b10_slots,2017-2024 ex2020 2yr incl withdrawn,10%,max,686.000000,,,award slots at this budget
yield_pool_withdrawn_1_max_missing_pool_mean_b10,2017-2024 ex2020 2yr incl withdrawn,10%,max,4.216660,2.386395,6.077060,"selected minus lottery over the same pool, percentile points"
yield_pool_withdrawn_1_max_missing_pool_mean_b10_coverage,2017-2024 ex2020 2yr incl withdrawn,10%,max,74.198251,,,"share of selections with an observed outcome, %"
yield_pool_withdrawn_1_max_missing_pool_mean_b10_slots,2017-2024 ex2020 2yr incl withdrawn,10%,max,686.000000,,,award slots at this budget
yield_pool_withdrawn_1_max_missing_zero_citation_percentile_b10,2017-2024 ex2020 2yr incl withdrawn,10%,max,6.085391,4.041973,8.151073,"selected minus lottery over the same pool, percentile points"
yield_pool_withdrawn_1_max_missing_zero_citation_percentile_b10_coverage,2017-2024 ex2020 2yr incl withdrawn,10%,max,74.198251,,,"share of selections with an observed outcome, %"
yield_pool_withdrawn_1_max_missing_zero_citation_percentile_b10_slots,2017-2024 ex2020 2yr incl withdrawn,10%,max,686.000000,,,award slots at this budget
yield_pool_withdrawn_1_max_resid_observed_only_b10,2017-2024 ex2020 2yr incl withdrawn,10%,max_resid,0.275749,-1.901010,2.822474,"selected minus lottery over the same pool, percentile points"
yield_pool_withdrawn_1_max_resid_observed_only_b10_coverage,2017-2024 ex2020 2yr incl withdrawn,10%,max_resid,70.699708,,,"share of selections with an observed outcome, %"
yield_pool_withdrawn_1_max_resid_observed_only_b10_slots,2017-2024 ex2020 2yr incl withdrawn,10%,max_resid,686.000000,,,award slots at this budget
yield_pool_withdrawn_1_max_resid_missing_percentile_0_b10,2017-2024 ex2020 2yr incl withdrawn,10%,max_resid,1.535589,-0.740359,3.635880,"selected minus lottery over the same pool, percentile points"
yield_pool_withdrawn_1_max_resid_missing_percentile_0_b10_coverage,2017-2024 ex2020 2yr incl withdrawn,10%,max_resid,70.699708,,,"share of selections with an observed outcome, %"
yield_pool_withdrawn_1_max_resid_missing_percentile_0_b10_slots,2017-2024 ex2020 2yr incl withdrawn,10%,max_resid,686.000000,,,award slots at this budget
yield_pool_withdrawn_1_max_resid_missing_pool_mean_b10,2017-2024 ex2020 2yr incl withdrawn,10%,max_resid,0.084849,-1.425202,1.871464,"selected minus lottery over the same pool, percentile points"
yield_pool_withdrawn_1_max_resid_missing_pool_mean_b10_coverage,2017-2024 ex2020 2yr incl withdrawn,10%,max_resid,70.699708,,,"share of selections with an observed outcome, %"
yield_pool_withdrawn_1_max_resid_missing_pool_mean_b10_slots,2017-2024 ex2020 2yr incl withdrawn,10%,max_resid,686.000000,,,award slots at this budget
yield_pool_withdrawn_1_max_resid_missing_zero_citation_percentile_b10,2017-2024 ex2020 2yr incl withdrawn,10%,max_resid,0.943936,-0.905995,2.849719,"selected minus lottery over the same pool, percentile points"
yield_pool_withdrawn_1_max_resid_missing_zero_citation_percentile_b10_coverage,2017-2024 ex2020 2yr incl withdrawn,10%,max_resid,70.699708,,,"share of selections with an observed outcome, %"
yield_pool_withdrawn_1_max_resid_missing_zero_citation_percentile_b10_slots,2017-2024 ex2020 2yr incl withdrawn,10%,max_resid,686.000000,,,award slots at this budget
yield_pool_withdrawn_1_lottery_observed_only_b10,2017-2024 ex2020 2yr incl withdrawn,10%,lottery,0.000000,0.000000,0.000000,"selected minus lottery over the same pool, percentile points"
yield_pool_withdrawn_1_lottery_observed_only_b10_coverage,2017-2024 ex2020 2yr incl withdrawn,10%,lottery,67.620994,,,"share of selections with an observed outcome, %"
yield_pool_withdrawn_1_lottery_observed_only_b10_slots,2017-2024 ex2020 2yr incl withdrawn,10%,lottery,686.000000,,,award slots at this budget
yield_pool_withdrawn_1_lottery_missing_percentile_0_b10,2017-2024 ex2020 2yr incl withdrawn,10%,lottery,0.000000,0.000000,0.000000,"selected minus lottery over the same pool, percentile points"
yield_pool_withdrawn_1_lottery_missing_percentile_0_b10_coverage,2017-2024 ex2020 2yr incl withdrawn,10%,lottery,67.620994,,,"share of selections with an observed outcome, %"
yield_pool_withdrawn_1_lottery_missing_percentile_0_b10_slots,2017-2024 ex2020 2yr incl withdrawn,10%,lottery,686.000000,,,award slots at this budget
yield_pool_withdrawn_1_lottery_missing_pool_mean_b10,2017-2024 ex2020 2yr incl withdrawn,10%,lottery,0.000000,0.000000,0.000000,"selected minus lottery over the same pool, percentile points"
yield_pool_withdrawn_1_lottery_missing_pool_mean_b10_coverage,2017-2024 ex2020 2yr incl withdrawn,10%,lottery,67.620994,,,"share of selections with an observed outcome, %"
yield_pool_withdrawn_1_lottery_missing_pool_mean_b10_slots,2017-2024 ex2020 2yr incl withdrawn,10%,lottery,686.000000,,,award slots at this budget
yield_pool_withdrawn_1_lottery_missing_zero_citation_percentile_b10,2017-2024 ex2020 2yr incl withdrawn,10%,lottery,0.000000,0.000000,0.000000,"selected minus lottery over the same pool, percentile points"
yield_pool_withdrawn_1_lottery_missing_zero_citation_percentile_b10_coverage,2017-2024 ex2020 2yr incl withdrawn,10%,lottery,67.620994,,,"share of selections with an observed outcome, %"
yield_pool_withdrawn_1_lottery_missing_zero_citation_percentile_b10_slots,2017-2024 ex2020 2yr incl withdrawn,10%,lottery,686.000000,,,award slots at this budget
d1_D1_through_2024_two_year_all_observed_pairs,2017-2024 ex2020 2yr,matched,narrow band on the panel mean,1.932043,-0.440699,4.292481,matched pair difference
d1_D1_through_2024_two_year_all_observed_pairs_pairs,2017-2024 ex2020 2yr,matched,narrow band on the panel mean,1773.000000,,,total pairs
d1_D1_through_2024_two_year_all_observed_pairs_analyzed,2017-2024 ex2020 2yr,matched,narrow band on the panel mean,950.000000,,,pairs with an observed outcome on both sides
d1_D1_through_2024_two_year_all_missing_percentile_0,2017-2024 ex2020 2yr,matched,narrow band on the panel mean,2.362748,0.497326,4.313254,matched pair difference
d1_D1_through_2024_two_year_all_missing_percentile_0_pairs,2017-2024 ex2020 2yr,matched,narrow band on the panel mean,1773.000000,,,total pairs
d1_D1_through_2024_two_year_all_missing_percentile_0_analyzed,2017-2024 ex2020 2yr,matched,narrow band on the panel mean,1773.000000,,,pairs with an observed outcome on both sides
d1_D1_through_2024_two_year_all_missing_pool_mean,2017-2024 ex2020 2yr,matched,narrow band on the panel mean,1.300428,-0.140815,2.723099,matched pair difference
d1_D1_through_2024_two_year_all_missing_pool_mean_pairs,2017-2024 ex2020 2yr,matched,narrow band on the panel mean,1773.000000,,,total pairs
d1_D1_through_2024_two_year_all_missing_pool_mean_analyzed,2017-2024 ex2020 2yr,matched,narrow band on the panel mean,1773.000000,,,pairs with an observed outcome on both sides
d1_D1_through_2024_two_year_all_missing_zero_citation_percentile,2017-2024 ex2020 2yr,matched,narrow band on the panel mean,1.936686,0.333786,3.574054,matched pair difference
d1_D1_through_2024_two_year_all_missing_zero_citation_percentile_pairs,2017-2024 ex2020 2yr,matched,narrow band on the panel mean,1773.000000,,,total pairs
d1_D1_through_2024_two_year_all_missing_zero_citation_percentile_analyzed,2017-2024 ex2020 2yr,matched,narrow band on the panel mean,1773.000000,,,pairs with an observed outcome on both sides
d1_D1_through_2024_three_year_original_observed_pairs,2017-2024 ex2020 2yr,matched,narrow band on the panel mean,1.363760,-1.195192,4.004940,matched pair difference
d1_D1_through_2024_three_year_original_observed_pairs_pairs,2017-2024 ex2020 2yr,matched,narrow band on the panel mean,946.000000,,,total pairs
d1_D1_through_2024_three_year_original_observed_pairs_analyzed,2017-2024 ex2020 2yr,matched,narrow band on the panel mean,750.000000,,,pairs with an observed outcome on both sides
d1_D1_through_2024_three_year_original_missing_percentile_0,2017-2024 ex2020 2yr,matched,narrow band on the panel mean,1.850670,-0.603294,4.273188,matched pair difference
d1_D1_through_2024_three_year_original_missing_percentile_0_pairs,2017-2024 ex2020 2yr,matched,narrow band on the panel mean,946.000000,,,total pairs
d1_D1_through_2024_three_year_original_missing_percentile_0_analyzed,2017-2024 ex2020 2yr,matched,narrow band on the panel mean,946.000000,,,pairs with an observed outcome on both sides
d1_D1_through_2024_three_year_original_missing_pool_mean,2017-2024 ex2020 2yr,matched,narrow band on the panel mean,1.540534,-0.724132,3.752348,matched pair difference
d1_D1_through_2024_three_year_original_missing_pool_mean_pairs,2017-2024 ex2020 2yr,matched,narrow band on the panel mean,946.000000,,,total pairs
d1_D1_through_2024_three_year_original_missing_pool_mean_analyzed,2017-2024 ex2020 2yr,matched,narrow band on the panel mean,946.000000,,,pairs with an observed outcome on both sides
d1_D1_through_2024_three_year_original_missing_zero_citation_percentile,2017-2024 ex2020 2yr,matched,narrow band on the panel mean,1.761785,-0.597503,4.082892,matched pair difference
d1_D1_through_2024_three_year_original_missing_zero_citation_percentile_pairs,2017-2024 ex2020 2yr,matched,narrow band on the panel mean,946.000000,,,total pairs
d1_D1_through_2024_three_year_original_missing_zero_citation_percentile_analyzed,2017-2024 ex2020 2yr,matched,narrow band on the panel mean,946.000000,,,pairs with an observed outcome on both sides
d1_D1_exact_through_2024_two_year_all_observed_pairs,2017-2024 ex2020 2yr,matched,exact match on the panel mean,0.170370,-2.604483,2.764174,matched pair difference
d1_D1_exact_through_2024_two_year_all_observed_pairs_pairs,2017-2024 ex2020 2yr,matched,exact match on the panel mean,1012.000000,,,total pairs
d1_D1_exact_through_2024_two_year_all_observed_pairs_analyzed,2017-2024 ex2020 2yr,matched,exact match on the panel mean,698.000000,,,pairs with an observed outcome on both sides
d1_D1_exact_through_2024_two_year_all_missing_percentile_0,2017-2024 ex2020 2yr,matched,exact match on the panel mean,0.612125,-1.900547,2.905419,matched pair difference
d1_D1_exact_through_2024_two_year_all_missing_percentile_0_pairs,2017-2024 ex2020 2yr,matched,exact match on the panel mean,1012.000000,,,total pairs
d1_D1_exact_through_2024_two_year_all_missing_percentile_0_analyzed,2017-2024 ex2020 2yr,matched,exact match on the panel mean,1012.000000,,,pairs with an observed outcome on both sides
d1_D1_exact_through_2024_two_year_all_missing_pool_mean,2017-2024 ex2020 2yr,matched,exact match on the panel mean,0.173042,-1.886914,2.092626,matched pair difference
d1_D1_exact_through_2024_two_year_all_missing_pool_mean_pairs,2017-2024 ex2020 2yr,matched,exact match on the panel mean,1012.000000,,,total pairs
d1_D1_exact_through_2024_two_year_all_missing_pool_mean_analyzed,2017-2024 ex2020 2yr,matched,exact match on the panel mean,1012.000000,,,pairs with an observed outcome on both sides
d1_D1_exact_through_2024_two_year_all_missing_zero_citation_percentile,2017-2024 ex2020 2yr,matched,exact match on the panel mean,0.443151,-1.769120,2.504779,matched pair difference
d1_D1_exact_through_2024_two_year_all_missing_zero_citation_percentile_pairs,2017-2024 ex2020 2yr,matched,exact match on the panel mean,1012.000000,,,total pairs
d1_D1_exact_through_2024_two_year_all_missing_zero_citation_percentile_analyzed,2017-2024 ex2020 2yr,matched,exact match on the panel mean,1012.000000,,,pairs with an observed outcome on both sides
d1_D1_exact_through_2024_three_year_original_observed_pairs,2017-2024 ex2020 2yr,matched,exact match on the panel mean,0.039050,-2.832470,2.881037,matched pair difference
d1_D1_exact_through_2024_three_year_original_observed_pairs_pairs,2017-2024 ex2020 2yr,matched,exact match on the panel mean,699.000000,,,total pairs
d1_D1_exact_through_2024_three_year_original_observed_pairs_analyzed,2017-2024 ex2020 2yr,matched,exact match on the panel mean,607.000000,,,pairs with an observed outcome on both sides
d1_D1_exact_through_2024_three_year_original_missing_percentile_0,2017-2024 ex2020 2yr,matched,exact match on the panel mean,0.565300,-2.149754,3.427244,matched pair difference
d1_D1_exact_through_2024_three_year_original_missing_percentile_0_pairs,2017-2024 ex2020 2yr,matched,exact match on the panel mean,699.000000,,,total pairs
d1_D1_exact_through_2024_three_year_original_missing_percentile_0_analyzed,2017-2024 ex2020 2yr,matched,exact match on the panel mean,699.000000,,,pairs with an observed outcome on both sides
d1_D1_exact_through_2024_three_year_original_missing_pool_mean,2017-2024 ex2020 2yr,matched,exact match on the panel mean,0.325350,-2.261305,2.957890,matched pair difference
d1_D1_exact_through_2024_three_year_original_missing_pool_mean_pairs,2017-2024 ex2020 2yr,matched,exact match on the panel mean,699.000000,,,total pairs
d1_D1_exact_through_2024_three_year_original_missing_pool_mean_analyzed,2017-2024 ex2020 2yr,matched,exact match on the panel mean,699.000000,,,pairs with an observed outcome on both sides
d1_D1_exact_through_2024_three_year_original_missing_zero_citation_percentile,2017-2024 ex2020 2yr,matched,exact match on the panel mean,0.522905,-2.149399,3.260316,matched pair difference
d1_D1_exact_through_2024_three_year_original_missing_zero_citation_percentile_pairs,2017-2024 ex2020 2yr,matched,exact match on the panel mean,699.000000,,,total pairs
d1_D1_exact_through_2024_three_year_original_missing_zero_citation_percentile_analyzed,2017-2024 ex2020 2yr,matched,exact match on the panel mean,699.000000,,,pairs with an observed outcome on both sides
balance_0.0_before,2017-2024 ex2020 2yr,matched,standardised difference on the panel mean,1.466414,,,stage=before caliper=0.0
balance_0.0_matched,2017-2024 ex2020 2yr,matched,standardised difference on the panel mean,0.000000,,,stage=matched caliper=0.0
balance_0.0_matched_both_resolved,2017-2024 ex2020 2yr,matched,standardised difference on the panel mean,0.000000,,,stage=matched_both_resolved caliper=0.0
balance_0.25_before,2017-2024 ex2020 2yr,matched,standardised difference on the panel mean,1.466414,,,stage=before caliper=0.25
balance_0.25_matched,2017-2024 ex2020 2yr,matched,standardised difference on the panel mean,0.178854,,,stage=matched caliper=0.25
balance_0.25_matched_both_resolved,2017-2024 ex2020 2yr,matched,standardised difference on the panel mean,0.159050,,,stage=matched_both_resolved caliper=0.25
paired_two_year_early_variance_vs_lottery_observed_only_b1,two_year_early,1%,variance minus lottery,-1.270810,-9.832486,10.232364,"paired bootstrap on the difference, same resamples; exploratory, pointwise"
paired_two_year_early_variance_vs_lottery_missing_percentile_0_b1,two_year_early,1%,variance minus lottery,0.049769,-8.903452,11.282668,"paired bootstrap on the difference, same resamples; exploratory, pointwise"
paired_two_year_early_variance_vs_lottery_missing_pool_mean_b1,two_year_early,1%,variance minus lottery,-1.166893,-8.807334,8.994541,"paired bootstrap on the difference, same resamples; exploratory, pointwise"
paired_two_year_early_variance_vs_lottery_missing_zero_citation_percentile_b1,two_year_early,1%,variance minus lottery,-0.334402,-8.333967,10.193401,"paired bootstrap on the difference, same resamples; exploratory, pointwise"
paired_two_year_early_variance_vs_mean_observed_only_b1,two_year_early,1%,variance minus mean,-18.614232,-28.482054,-3.067121,"paired bootstrap on the difference, same resamples; exploratory, pointwise"
paired_two_year_early_variance_vs_mean_missing_percentile_0_b1,two_year_early,1%,variance minus mean,-19.941062,-29.453477,-3.320144,"paired bootstrap on the difference, same resamples; exploratory, pointwise"
paired_two_year_early_variance_vs_mean_missing_pool_mean_b1,two_year_early,1%,variance minus mean,-17.232557,-25.687825,-3.179199,"paired bootstrap on the difference, same resamples; exploratory, pointwise"
paired_two_year_early_variance_vs_mean_missing_zero_citation_percentile_b1,two_year_early,1%,variance minus mean,-18.806921,-27.710854,-3.646131,"paired bootstrap on the difference, same resamples; exploratory, pointwise"
paired_two_year_early_variance_vs_D2_observed_only_b1,two_year_early,1%,variance minus D2,-4.339606,-12.897679,9.148557,"paired bootstrap on the difference, same resamples; exploratory, pointwise"
paired_two_year_early_variance_vs_D2_missing_percentile_0_b1,two_year_early,1%,variance minus D2,-1.035711,-10.256314,13.997778,"paired bootstrap on the difference, same resamples; exploratory, pointwise"
paired_two_year_early_variance_vs_D2_missing_pool_mean_b1,two_year_early,1%,variance minus D2,-3.744215,-11.299797,7.712579,"paired bootstrap on the difference, same resamples; exploratory, pointwise"
paired_two_year_early_variance_vs_D2_missing_zero_citation_percentile_b1,two_year_early,1%,variance minus D2,-2.169852,-10.308566,11.173065,"paired bootstrap on the difference, same resamples; exploratory, pointwise"
paired_two_year_early_variance_vs_lottery_observed_only_b2,two_year_early,2%,variance minus lottery,-0.099856,-7.714270,7.827166,"paired bootstrap on the difference, same resamples; exploratory, pointwise"
paired_two_year_early_variance_vs_lottery_missing_percentile_0_b2,two_year_early,2%,variance minus lottery,1.735037,-6.561921,8.502649,"paired bootstrap on the difference, same resamples; exploratory, pointwise"
paired_two_year_early_variance_vs_lottery_missing_pool_mean_b2,two_year_early,2%,variance minus lottery,-0.240506,-6.883790,6.694295,"paired bootstrap on the difference, same resamples; exploratory, pointwise"
paired_two_year_early_variance_vs_lottery_missing_zero_citation_percentile_b2,two_year_early,2%,variance minus lottery,0.981167,-6.374834,7.423425,"paired bootstrap on the difference, same resamples; exploratory, pointwise"
paired_two_year_early_variance_vs_mean_observed_only_b2,two_year_early,2%,variance minus mean,-11.106497,-23.524625,-2.888698,"paired bootstrap on the difference, same resamples; exploratory, pointwise"
paired_two_year_early_variance_vs_mean_missing_percentile_0_b2,two_year_early,2%,variance minus mean,-7.325061,-21.190225,0.118317,"paired bootstrap on the difference, same resamples; exploratory, pointwise"
paired_two_year_early_variance_vs_mean_missing_pool_mean_b2,two_year_early,2%,variance minus mean,-9.559485,-20.370914,-2.663277,"paired bootstrap on the difference, same resamples; exploratory, pointwise"
paired_two_year_early_variance_vs_mean_missing_zero_citation_percentile_b2,two_year_early,2%,variance minus mean,-8.186118,-20.538572,-1.289784,"paired bootstrap on the difference, same resamples; exploratory, pointwise"
paired_two_year_early_variance_vs_D2_observed_only_b2,two_year_early,2%,variance minus D2,-1.797752,-9.522265,7.481115,"paired bootstrap on the difference, same resamples; exploratory, pointwise"
paired_two_year_early_variance_vs_D2_missing_percentile_0_b2,two_year_early,2%,variance minus D2,1.866975,-6.555116,10.181736,"paired bootstrap on the difference, same resamples; exploratory, pointwise"
paired_two_year_early_variance_vs_D2_missing_pool_mean_b2,two_year_early,2%,variance minus D2,-1.666203,-8.142430,6.071404,"paired bootstrap on the difference, same resamples; exploratory, pointwise"
paired_two_year_early_variance_vs_D2_missing_zero_citation_percentile_b2,two_year_early,2%,variance minus D2,0.451103,-7.128139,8.498655,"paired bootstrap on the difference, same resamples; exploratory, pointwise"
paired_two_year_early_variance_vs_lottery_observed_only_b5,two_year_early,5%,variance minus lottery,1.963107,-2.643176,7.218816,"paired bootstrap on the difference, same resamples; exploratory, pointwise"
paired_two_year_early_variance_vs_lottery_missing_percentile_0_b5,two_year_early,5%,variance minus lottery,1.431264,-3.088419,6.651702,"paired bootstrap on the difference, same resamples; exploratory, pointwise"
paired_two_year_early_variance_vs_lottery_missing_pool_mean_b5,two_year_early,5%,variance minus lottery,1.585424,-2.214567,6.009777,"paired bootstrap on the difference, same resamples; exploratory, pointwise"
paired_two_year_early_variance_vs_lottery_missing_zero_citation_percentile_b5,two_year_early,5%,variance minus lottery,1.476978,-2.727005,6.370632,"paired bootstrap on the difference, same resamples; exploratory, pointwise"
paired_two_year_early_variance_vs_mean_observed_only_b5,two_year_early,5%,variance minus mean,-9.928259,-16.001358,-2.623845,"paired bootstrap on the difference, same resamples; exploratory, pointwise"
paired_two_year_early_variance_vs_mean_missing_percentile_0_b5,two_year_early,5%,variance minus mean,-10.043980,-16.311385,-2.833755,"paired bootstrap on the difference, same resamples; exploratory, pointwise"
paired_two_year_early_variance_vs_mean_missing_pool_mean_b5,two_year_early,5%,variance minus mean,-8.664226,-13.737794,-2.435783,"paired bootstrap on the difference, same resamples; exploratory, pointwise"
paired_two_year_early_variance_vs_mean_missing_zero_citation_percentile_b5,two_year_early,5%,variance minus mean,-9.500725,-15.158793,-2.912781,"paired bootstrap on the difference, same resamples; exploratory, pointwise"
paired_two_year_early_variance_vs_D2_observed_only_b5,two_year_early,5%,variance minus D2,4.480048,-0.681451,10.529043,"paired bootstrap on the difference, same resamples; exploratory, pointwise"
paired_two_year_early_variance_vs_D2_missing_percentile_0_b5,two_year_early,5%,variance minus D2,6.303070,1.392657,11.441248,"paired bootstrap on the difference, same resamples; exploratory, pointwise"
paired_two_year_early_variance_vs_D2_missing_pool_mean_b5,two_year_early,5%,variance minus D2,3.380666,-0.656853,8.375840,"paired bootstrap on the difference, same resamples; exploratory, pointwise"
paired_two_year_early_variance_vs_D2_missing_zero_citation_percentile_b5,two_year_early,5%,variance minus D2,5.166391,0.844985,10.035493,"paired bootstrap on the difference, same resamples; exploratory, pointwise"
paired_two_year_early_variance_vs_lottery_observed_only_b10,two_year_early,10%,variance minus lottery,3.994637,0.969822,7.565557,"paired bootstrap on the difference, same resamples; exploratory, pointwise"
paired_two_year_early_variance_vs_lottery_missing_percentile_0_b10,two_year_early,10%,variance minus lottery,4.021704,0.892495,7.543128,"paired bootstrap on the difference, same resamples; exploratory, pointwise"
paired_two_year_early_variance_vs_lottery_missing_pool_mean_b10,two_year_early,10%,variance minus lottery,3.360990,0.770255,6.381951,"paired bootstrap on the difference, same resamples; exploratory, pointwise"
paired_two_year_early_variance_vs_lottery_missing_zero_citation_percentile_b10,two_year_early,10%,variance minus lottery,3.777917,0.940800,7.013078,"paired bootstrap on the difference, same resamples; exploratory, pointwise"
paired_two_year_early_variance_vs_mean_observed_only_b10,two_year_early,10%,variance minus mean,-6.786091,-10.767533,-2.085819,"paired bootstrap on the difference, same resamples; exploratory, pointwise"
paired_two_year_early_variance_vs_mean_missing_percentile_0_b10,two_year_early,10%,variance minus mean,-7.349875,-11.478342,-2.658497,"paired bootstrap on the difference, same resamples; exploratory, pointwise"
paired_two_year_early_variance_vs_mean_missing_pool_mean_b10,two_year_early,10%,variance minus mean,-6.056506,-9.565000,-1.948951,"paired bootstrap on the difference, same resamples; exploratory, pointwise"
paired_two_year_early_variance_vs_mean_missing_zero_citation_percentile_b10,two_year_early,10%,variance minus mean,-6.819666,-10.475255,-2.468529,"paired bootstrap on the difference, same resamples; exploratory, pointwise"
paired_two_year_early_variance_vs_D2_observed_only_b10,two_year_early,10%,variance minus D2,4.214049,1.178296,8.371110,"paired bootstrap on the difference, same resamples; exploratory, pointwise"
paired_two_year_early_variance_vs_D2_missing_percentile_0_b10,two_year_early,10%,variance minus D2,5.506496,2.463153,9.065930,"paired bootstrap on the difference, same resamples; exploratory, pointwise"
paired_two_year_early_variance_vs_D2_missing_pool_mean_b10,two_year_early,10%,variance minus D2,3.463919,0.943291,6.950551,"paired bootstrap on the difference, same resamples; exploratory, pointwise"
paired_two_year_early_variance_vs_D2_missing_zero_citation_percentile_b10,two_year_early,10%,variance minus D2,4.727524,1.998869,8.137872,"paired bootstrap on the difference, same resamples; exploratory, pointwise"
paired_three_year_early_variance_vs_lottery_observed_only_b1,three_year_early,1%,variance minus lottery,0.369621,-9.120615,11.989199,"paired bootstrap on the difference, same resamples; exploratory, pointwise"
paired_three_year_early_variance_vs_lottery_missing_percentile_0_b1,three_year_early,1%,variance minus lottery,1.480867,-7.827744,12.968515,"paired bootstrap on the difference, same resamples; exploratory, pointwise"
paired_three_year_early_variance_vs_lottery_missing_pool_mean_b1,three_year_early,1%,variance minus lottery,0.262271,-7.794510,10.364509,"paired bootstrap on the difference, same resamples; exploratory, pointwise"
paired_three_year_early_variance_vs_lottery_missing_zero_citation_percentile_b1,three_year_early,1%,variance minus lottery,1.216659,-7.423102,11.960792,"paired bootstrap on the difference, same resamples; exploratory, pointwise"
paired_three_year_early_variance_vs_mean_observed_only_b1,three_year_early,1%,variance minus mean,-17.253220,-27.160236,-1.676602,"paired bootstrap on the difference, same resamples; exploratory, pointwise"
paired_three_year_early_variance_vs_mean_missing_percentile_0_b1,three_year_early,1%,variance minus mean,-18.758175,-28.677579,-2.092356,"paired bootstrap on the difference, same resamples; exploratory, pointwise"
paired_three_year_early_variance_vs_mean_missing_pool_mean_b1,three_year_early,1%,variance minus mean,-16.048476,-25.072701,-1.942906,"paired bootstrap on the difference, same resamples; exploratory, pointwise"
paired_three_year_early_variance_vs_mean_missing_zero_citation_percentile_b1,three_year_early,1%,variance minus mean,-17.803326,-26.992058,-2.539670,"paired bootstrap on the difference, same resamples; exploratory, pointwise"
paired_three_year_early_variance_vs_D2_observed_only_b1,three_year_early,1%,variance minus D2,-1.192173,-9.632265,11.933277,"paired bootstrap on the difference, same resamples; exploratory, pointwise"
paired_three_year_early_variance_vs_D2_missing_percentile_0_b1,three_year_early,1%,variance minus D2,1.614640,-7.403463,16.267992,"paired bootstrap on the difference, same resamples; exploratory, pointwise"
paired_three_year_early_variance_vs_D2_missing_pool_mean_b1,three_year_early,1%,variance minus D2,-1.095059,-8.333868,9.892300,"paired bootstrap on the difference, same resamples; exploratory, pointwise"
paired_three_year_early_variance_vs_D2_missing_zero_citation_percentile_b1,three_year_early,1%,variance minus D2,0.659791,-7.219508,13.826417,"paired bootstrap on the difference, same resamples; exploratory, pointwise"
paired_three_year_early_variance_vs_lottery_observed_only_b2,three_year_early,2%,variance minus lottery,1.623008,-6.206779,8.931580,"paired bootstrap on the difference, same resamples; exploratory, pointwise"
paired_three_year_early_variance_vs_lottery_missing_percentile_0_b2,three_year_early,2%,variance minus lottery,3.256999,-5.397860,9.864591,"paired bootstrap on the difference, same resamples; exploratory, pointwise"
paired_three_year_early_variance_vs_lottery_missing_pool_mean_b2,three_year_early,2%,variance minus lottery,1.274194,-5.370221,7.681529,"paired bootstrap on the difference, same resamples; exploratory, pointwise"
paired_three_year_early_variance_vs_lottery_missing_zero_citation_percentile_b2,three_year_early,2%,variance minus lottery,2.695644,-5.030053,8.881204,"paired bootstrap on the difference, same resamples; exploratory, pointwise"
paired_three_year_early_variance_vs_mean_observed_only_b2,three_year_early,2%,variance minus mean,-8.758786,-21.335837,-0.976995,"paired bootstrap on the difference, same resamples; exploratory, pointwise"
paired_three_year_early_variance_vs_mean_missing_percentile_0_b2,three_year_early,2%,variance minus mean,-5.279635,-19.360464,1.705602,"paired bootstrap on the difference, same resamples; exploratory, pointwise"
paired_three_year_early_variance_vs_mean_missing_pool_mean_b2,three_year_early,2%,variance minus mean,-7.528079,-18.447147,-0.906434,"paired bootstrap on the difference, same resamples; exploratory, pointwise"
paired_three_year_early_variance_vs_mean_missing_zero_citation_percentile_b2,three_year_early,2%,variance minus mean,-5.905383,-18.694969,1.093862,"paired bootstrap on the difference, same resamples; exploratory, pointwise"
paired_three_year_early_variance_vs_D2_observed_only_b2,three_year_early,2%,variance minus D2,1.000723,-6.743885,10.177597,"paired bootstrap on the difference, same resamples; exploratory, pointwise"
paired_three_year_early_variance_vs_D2_missing_percentile_0_b2,three_year_early,2%,variance minus D2,4.251108,-4.382077,12.484928,"paired bootstrap on the difference, same resamples; exploratory, pointwise"
paired_three_year_early_variance_vs_D2_missing_pool_mean_b2,three_year_early,2%,variance minus D2,0.712129,-5.928475,8.649561,"paired bootstrap on the difference, same resamples; exploratory, pointwise"
paired_three_year_early_variance_vs_D2_missing_zero_citation_percentile_b2,three_year_early,2%,variance minus D2,3.102452,-4.838850,11.019489,"paired bootstrap on the difference, same resamples; exploratory, pointwise"
paired_three_year_early_variance_vs_lottery_observed_only_b5,three_year_early,5%,variance minus lottery,1.437992,-3.056908,6.936970,"paired bootstrap on the difference, same resamples; exploratory, pointwise"
paired_three_year_early_variance_vs_lottery_missing_percentile_0_b5,three_year_early,5%,variance minus lottery,0.993807,-3.390228,6.232172,"paired bootstrap on the difference, same resamples; exploratory, pointwise"
paired_three_year_early_variance_vs_lottery_missing_pool_mean_b5,three_year_early,5%,variance minus lottery,1.142573,-2.648510,5.690014,"paired bootstrap on the difference, same resamples; exploratory, pointwise"
paired_three_year_early_variance_vs_lottery_missing_zero_citation_percentile_b5,three_year_early,5%,variance minus lottery,1.074064,-2.953992,5.950482,"paired bootstrap on the difference, same resamples; exploratory, pointwise"
paired_three_year_early_variance_vs_mean_observed_only_b5,three_year_early,5%,variance minus mean,-10.907317,-16.807769,-3.187483,"paired bootstrap on the difference, same resamples; exploratory, pointwise"
paired_three_year_early_variance_vs_mean_missing_percentile_0_b5,three_year_early,5%,variance minus mean,-10.871235,-17.107305,-3.478993,"paired bootstrap on the difference, same resamples; exploratory, pointwise"
paired_three_year_early_variance_vs_mean_missing_pool_mean_b5,three_year_early,5%,variance minus mean,-9.495192,-14.577693,-3.038634,"paired bootstrap on the difference, same resamples; exploratory, pointwise"
paired_three_year_early_variance_vs_mean_missing_zero_citation_percentile_b5,three_year_early,5%,variance minus mean,-10.397730,-16.260586,-3.515900,"paired bootstrap on the difference, same resamples; exploratory, pointwise"
paired_three_year_early_variance_vs_D2_observed_only_b5,three_year_early,5%,variance minus D2,4.884207,-0.135970,10.943224,"paired bootstrap on the difference, same resamples; exploratory, pointwise"
paired_three_year_early_variance_vs_D2_missing_percentile_0_b5,three_year_early,5%,variance minus D2,6.569297,1.684908,11.716165,"paired bootstrap on the difference, same resamples; exploratory, pointwise"
paired_three_year_early_variance_vs_D2_missing_pool_mean_b5,three_year_early,5%,variance minus D2,3.639799,-0.298967,8.709226,"paired bootstrap on the difference, same resamples; exploratory, pointwise"
paired_three_year_early_variance_vs_D2_missing_zero_citation_percentile_b5,three_year_early,5%,variance minus D2,5.671693,1.148944,10.595315,"paired bootstrap on the difference, same resamples; exploratory, pointwise"
paired_three_year_early_variance_vs_lottery_observed_only_b10,three_year_early,10%,variance minus lottery,3.575248,0.481938,7.070933,"paired bootstrap on the difference, same resamples; exploratory, pointwise"
paired_three_year_early_variance_vs_lottery_missing_percentile_0_b10,three_year_early,10%,variance minus lottery,3.661509,0.468720,7.131474,"paired bootstrap on the difference, same resamples; exploratory, pointwise"
paired_three_year_early_variance_vs_lottery_missing_pool_mean_b10,three_year_early,10%,variance minus lottery,2.998165,0.321807,5.990105,"paired bootstrap on the difference, same resamples; exploratory, pointwise"
paired_three_year_early_variance_vs_lottery_missing_zero_citation_percentile_b10,three_year_early,10%,variance minus lottery,3.493971,0.528702,6.756261,"paired bootstrap on the difference, same resamples; exploratory, pointwise"
paired_three_year_early_variance_vs_mean_observed_only_b10,three_year_early,10%,variance minus mean,-7.507821,-11.610395,-2.708753,"paired bootstrap on the difference, same resamples; exploratory, pointwise"
paired_three_year_early_variance_vs_mean_missing_percentile_0_b10,three_year_early,10%,variance minus mean,-7.970878,-12.165543,-3.200993,"paired bootstrap on the difference, same resamples; exploratory, pointwise"
paired_three_year_early_variance_vs_mean_missing_pool_mean_b10,three_year_early,10%,variance minus mean,-6.677361,-10.169147,-2.455288,"paired bootstrap on the difference, same resamples; exploratory, pointwise"
paired_three_year_early_variance_vs_mean_missing_zero_citation_percentile_b10,three_year_early,10%,variance minus mean,-7.516432,-11.366056,-3.096964,"paired bootstrap on the difference, same resamples; exploratory, pointwise"
paired_three_year_early_variance_vs_D2_observed_only_b10,three_year_early,10%,variance minus D2,4.638994,1.456400,8.883836,"paired bootstrap on the difference, same resamples; exploratory, pointwise"
paired_three_year_early_variance_vs_D2_missing_percentile_0_b10,three_year_early,10%,variance minus D2,5.823417,2.740866,9.527098,"paired bootstrap on the difference, same resamples; exploratory, pointwise"
paired_three_year_early_variance_vs_D2_missing_pool_mean_b10,three_year_early,10%,variance minus D2,3.776508,1.183963,7.328939,"paired bootstrap on the difference, same resamples; exploratory, pointwise"
paired_three_year_early_variance_vs_D2_missing_zero_citation_percentile_b10,three_year_early,10%,variance minus D2,5.209718,2.358247,8.742821,"paired bootstrap on the difference, same resamples; exploratory, pointwise"
paired_two_year_through_2023_variance_vs_lottery_observed_only_b1,two_year_through_2023,1%,variance minus lottery,-1.102650,-9.124858,8.418437,"paired bootstrap on the difference, same resamples; exploratory, pointwise"
paired_two_year_through_2023_variance_vs_lottery_missing_percentile_0_b1,two_year_through_2023,1%,variance minus lottery,-0.735300,-8.145253,8.674819,"paired bootstrap on the difference, same resamples; exploratory, pointwise"
paired_two_year_through_2023_variance_vs_lottery_missing_pool_mean_b1,two_year_through_2023,1%,variance minus lottery,-0.844816,-7.034716,6.302371,"paired bootstrap on the difference, same resamples; exploratory, pointwise"
paired_two_year_through_2023_variance_vs_lottery_missing_zero_citation_percentile_b1,two_year_through_2023,1%,variance minus lottery,-0.737168,-7.309919,7.406686,"paired bootstrap on the difference, same resamples; exploratory, pointwise"
paired_two_year_through_2023_variance_vs_mean_observed_only_b1,two_year_through_2023,1%,variance minus mean,-13.376661,-22.784139,0.130494,"paired bootstrap on the difference, same resamples; exploratory, pointwise"
paired_two_year_through_2023_variance_vs_mean_missing_percentile_0_b1,two_year_through_2023,1%,variance minus mean,-13.386041,-21.815911,0.492767,"paired bootstrap on the difference, same resamples; exploratory, pointwise"
paired_two_year_through_2023_variance_vs_mean_missing_pool_mean_b1,two_year_through_2023,1%,variance minus mean,-10.701011,-17.676857,-0.246763,"paired bootstrap on the difference, same resamples; exploratory, pointwise"
paired_two_year_through_2023_variance_vs_mean_missing_zero_citation_percentile_b1,two_year_through_2023,1%,variance minus mean,-12.311280,-19.934145,-0.144216,"paired bootstrap on the difference, same resamples; exploratory, pointwise"
paired_two_year_through_2023_variance_vs_D2_observed_only_b1,two_year_through_2023,1%,variance minus D2,-6.710271,-13.240200,5.500723,"paired bootstrap on the difference, same resamples; exploratory, pointwise"
paired_two_year_through_2023_variance_vs_D2_missing_percentile_0_b1,two_year_through_2023,1%,variance minus D2,-2.095807,-9.531869,10.917245,"paired bootstrap on the difference, same resamples; exploratory, pointwise"
paired_two_year_through_2023_variance_vs_D2_missing_pool_mean_b1,two_year_through_2023,1%,variance minus D2,-4.780838,-9.674705,3.835003,"paired bootstrap on the difference, same resamples; exploratory, pointwise"
paired_two_year_through_2023_variance_vs_D2_missing_zero_citation_percentile_b1,two_year_through_2023,1%,variance minus D2,-3.170568,-9.110578,7.675400,"paired bootstrap on the difference, same resamples; exploratory, pointwise"
paired_two_year_through_2023_variance_vs_lottery_observed_only_b2,two_year_through_2023,2%,variance minus lottery,0.067433,-6.855714,6.148330,"paired bootstrap on the difference, same resamples; exploratory, pointwise"
paired_two_year_through_2023_variance_vs_lottery_missing_percentile_0_b2,two_year_through_2023,2%,variance minus lottery,0.114961,-6.508684,5.724454,"paired bootstrap on the difference, same resamples; exploratory, pointwise"
paired_two_year_through_2023_variance_vs_lottery_missing_pool_mean_b2,two_year_through_2023,2%,variance minus lottery,-0.022502,-5.047374,4.503622,"paired bootstrap on the difference, same resamples; exploratory, pointwise"
paired_two_year_through_2023_variance_vs_lottery_missing_zero_citation_percentile_b2,two_year_through_2023,2%,variance minus lottery,0.040106,-5.736272,5.201004,"paired bootstrap on the difference, same resamples; exploratory, pointwise"
paired_two_year_through_2023_variance_vs_mean_observed_only_b2,two_year_through_2023,2%,variance minus mean,-8.930716,-19.369370,-1.856971,"paired bootstrap on the difference, same resamples; exploratory, pointwise"
paired_two_year_through_2023_variance_vs_mean_missing_percentile_0_b2,two_year_through_2023,2%,variance minus mean,-8.261381,-18.951605,-2.433486,"paired bootstrap on the difference, same resamples; exploratory, pointwise"
paired_two_year_through_2023_variance_vs_mean_missing_pool_mean_b2,two_year_through_2023,2%,variance minus mean,-7.040938,-14.966879,-1.754520,"paired bootstrap on the difference, same resamples; exploratory, pointwise"
paired_two_year_through_2023_variance_vs_mean_missing_zero_citation_percentile_b2,two_year_through_2023,2%,variance minus mean,-7.852971,-17.079923,-2.582656,"paired bootstrap on the difference, same resamples; exploratory, pointwise"
paired_two_year_through_2023_variance_vs_D2_observed_only_b2,two_year_through_2023,2%,variance minus D2,-2.404610,-9.556346,4.731501,"paired bootstrap on the difference, same resamples; exploratory, pointwise"
paired_two_year_through_2023_variance_vs_D2_missing_percentile_0_b2,two_year_through_2023,2%,variance minus D2,-1.323144,-8.439327,5.098847,"paired bootstrap on the difference, same resamples; exploratory, pointwise"
paired_two_year_through_2023_variance_vs_D2_missing_pool_mean_b2,two_year_through_2023,2%,variance minus D2,-1.857397,-7.018388,3.436332,"paired bootstrap on the difference, same resamples; exploratory, pointwise"
paired_two_year_through_2023_variance_vs_D2_missing_zero_citation_percentile_b2,two_year_through_2023,2%,variance minus D2,-1.606124,-7.656461,3.984900,"paired bootstrap on the difference, same resamples; exploratory, pointwise"
paired_two_year_through_2023_variance_vs_lottery_observed_only_b5,two_year_through_2023,5%,variance minus lottery,1.906825,-2.133389,6.325200,"paired bootstrap on the difference, same resamples; exploratory, pointwise"
paired_two_year_through_2023_variance_vs_lottery_missing_percentile_0_b5,two_year_through_2023,5%,variance minus lottery,1.185249,-2.613592,5.109991,"paired bootstrap on the difference, same resamples; exploratory, pointwise"
paired_two_year_through_2023_variance_vs_lottery_missing_pool_mean_b5,two_year_through_2023,5%,variance minus lottery,1.367088,-1.585983,4.583249,"paired bootstrap on the difference, same resamples; exploratory, pointwise"
paired_two_year_through_2023_variance_vs_lottery_missing_zero_citation_percentile_b5,two_year_through_2023,5%,variance minus lottery,1.244480,-2.092878,4.721717,"paired bootstrap on the difference, same resamples; exploratory, pointwise"
paired_two_year_through_2023_variance_vs_mean_observed_only_b5,two_year_through_2023,5%,variance minus mean,-6.685799,-12.163319,-0.704198,"paired bootstrap on the difference, same resamples; exploratory, pointwise"
paired_two_year_through_2023_variance_vs_mean_missing_percentile_0_b5,two_year_through_2023,5%,variance minus mean,-8.178926,-13.439439,-2.719767,"paired bootstrap on the difference, same resamples; exploratory, pointwise"
paired_two_year_through_2023_variance_vs_mean_missing_pool_mean_b5,two_year_through_2023,5%,variance minus mean,-5.437900,-9.546356,-0.952526,"paired bootstrap on the difference, same resamples; exploratory, pointwise"
paired_two_year_through_2023_variance_vs_mean_missing_zero_citation_percentile_b5,two_year_through_2023,5%,variance minus mean,-7.157224,-11.715168,-2.182448,"paired bootstrap on the difference, same resamples; exploratory, pointwise"
paired_two_year_through_2023_variance_vs_D2_observed_only_b5,two_year_through_2023,5%,variance minus D2,3.972485,-0.203480,9.108488,"paired bootstrap on the difference, same resamples; exploratory, pointwise"
paired_two_year_through_2023_variance_vs_D2_missing_percentile_0_b5,two_year_through_2023,5%,variance minus D2,4.804468,0.872021,8.880236,"paired bootstrap on the difference, same resamples; exploratory, pointwise"
paired_two_year_through_2023_variance_vs_D2_missing_pool_mean_b5,two_year_through_2023,5%,variance minus D2,2.702327,-0.217049,6.362165,"paired bootstrap on the difference, same resamples; exploratory, pointwise"
paired_two_year_through_2023_variance_vs_D2_missing_zero_citation_percentile_b5,two_year_through_2023,5%,variance minus D2,3.991709,0.585379,7.762687,"paired bootstrap on the difference, same resamples; exploratory, pointwise"
paired_two_year_through_2023_variance_vs_lottery_observed_only_b10,two_year_through_2023,10%,variance minus lottery,3.822912,1.154673,6.773441,"paired bootstrap on the difference, same resamples; exploratory, pointwise"
paired_two_year_through_2023_variance_vs_lottery_missing_percentile_0_b10,two_year_through_2023,10%,variance minus lottery,4.167743,1.446393,6.827333,"paired bootstrap on the difference, same resamples; exploratory, pointwise"
paired_two_year_through_2023_variance_vs_lottery_missing_pool_mean_b10,two_year_through_2023,10%,variance minus lottery,2.895676,0.845008,5.159177,"paired bootstrap on the difference, same resamples; exploratory, pointwise"
paired_two_year_through_2023_variance_vs_lottery_missing_zero_citation_percentile_b10,two_year_through_2023,10%,variance minus lottery,3.703910,1.331568,6.125924,"paired bootstrap on the difference, same resamples; exploratory, pointwise"
paired_two_year_through_2023_variance_vs_mean_observed_only_b10,two_year_through_2023,10%,variance minus mean,-4.295446,-7.890757,-0.311580,"paired bootstrap on the difference, same resamples; exploratory, pointwise"
paired_two_year_through_2023_variance_vs_mean_missing_percentile_0_b10,two_year_through_2023,10%,variance minus mean,-5.789613,-9.406536,-1.817158,"paired bootstrap on the difference, same resamples; exploratory, pointwise"
paired_two_year_through_2023_variance_vs_mean_missing_pool_mean_b10,two_year_through_2023,10%,variance minus mean,-3.654026,-6.513240,-0.536784,"paired bootstrap on the difference, same resamples; exploratory, pointwise"
paired_two_year_through_2023_variance_vs_mean_missing_zero_citation_percentile_b10,two_year_through_2023,10%,variance minus mean,-4.975371,-8.091298,-1.423159,"paired bootstrap on the difference, same resamples; exploratory, pointwise"
paired_two_year_through_2023_variance_vs_D2_observed_only_b10,two_year_through_2023,10%,variance minus D2,4.470718,1.761239,7.940979,"paired bootstrap on the difference, same resamples; exploratory, pointwise"
paired_two_year_through_2023_variance_vs_D2_missing_percentile_0_b10,two_year_through_2023,10%,variance minus D2,5.129166,2.347491,8.240259,"paired bootstrap on the difference, same resamples; exploratory, pointwise"
paired_two_year_through_2023_variance_vs_D2_missing_pool_mean_b10,two_year_through_2023,10%,variance minus D2,3.329902,1.263232,5.898163,"paired bootstrap on the difference, same resamples; exploratory, pointwise"
paired_two_year_through_2023_variance_vs_D2_missing_zero_citation_percentile_b10,two_year_through_2023,10%,variance minus D2,4.451714,2.111521,7.291120,"paired bootstrap on the difference, same resamples; exploratory, pointwise"
paired_two_year_full_variance_vs_lottery_observed_only_b1,two_year_full,1%,variance minus lottery,0.708351,-6.284006,8.901521,"paired bootstrap on the difference, same resamples; exploratory, pointwise"
paired_two_year_full_variance_vs_lottery_missing_percentile_0_b1,two_year_full,1%,variance minus lottery,3.620782,-3.470355,11.392028,"paired bootstrap on the difference, same resamples; exploratory, pointwise"
paired_two_year_full_variance_vs_lottery_missing_pool_mean_b1,two_year_full,1%,variance minus lottery,0.282765,-4.896344,6.527880,"paired bootstrap on the difference, same resamples; exploratory, pointwise"
paired_two_year_full_variance_vs_lottery_missing_zero_citation_percentile_b1,two_year_full,1%,variance minus lottery,2.146416,-3.804575,9.054652,"paired bootstrap on the difference, same resamples; exploratory, pointwise"
paired_two_year_full_variance_vs_mean_observed_only_b1,two_year_full,1%,variance minus mean,-9.980841,-17.500972,1.876265,"paired bootstrap on the difference, same resamples; exploratory, pointwise"
paired_two_year_full_variance_vs_mean_missing_percentile_0_b1,two_year_full,1%,variance minus mean,-9.093234,-16.632334,2.814984,"paired bootstrap on the difference, same resamples; exploratory, pointwise"
paired_two_year_full_variance_vs_mean_missing_pool_mean_b1,two_year_full,1%,variance minus mean,-7.927446,-13.546443,1.230813,"paired bootstrap on the difference, same resamples; exploratory, pointwise"
paired_two_year_full_variance_vs_mean_missing_zero_citation_percentile_b1,two_year_full,1%,variance minus mean,-8.659743,-14.834002,1.682142,"paired bootstrap on the difference, same resamples; exploratory, pointwise"
paired_two_year_full_variance_vs_D2_observed_only_b1,two_year_full,1%,variance minus D2,-3.057379,-9.857450,8.780139,"paired bootstrap on the difference, same resamples; exploratory, pointwise"
paired_two_year_full_variance_vs_D2_missing_percentile_0_b1,two_year_full,1%,variance minus D2,5.517538,-1.837131,15.248938,"paired bootstrap on the difference, same resamples; exploratory, pointwise"
paired_two_year_full_variance_vs_D2_missing_pool_mean_b1,two_year_full,1%,variance minus D2,-2.142683,-6.578557,5.571596,"paired bootstrap on the difference, same resamples; exploratory, pointwise"
paired_two_year_full_variance_vs_D2_missing_zero_citation_percentile_b1,two_year_full,1%,variance minus D2,2.152971,-3.714705,10.663153,"paired bootstrap on the difference, same resamples; exploratory, pointwise"
paired_two_year_full_variance_vs_lottery_observed_only_b2,two_year_full,2%,variance minus lottery,1.744740,-3.789600,6.921904,"paired bootstrap on the difference, same resamples; exploratory, pointwise"
paired_two_year_full_variance_vs_lottery_missing_percentile_0_b2,two_year_full,2%,variance minus lottery,2.527660,-2.581872,7.349848,"paired bootstrap on the difference, same resamples; exploratory, pointwise"
paired_two_year_full_variance_vs_lottery_missing_pool_mean_b2,two_year_full,2%,variance minus lottery,1.100920,-2.873920,4.818363,"paired bootstrap on the difference, same resamples; exploratory, pointwise"
paired_two_year_full_variance_vs_lottery_missing_zero_citation_percentile_b2,two_year_full,2%,variance minus lottery,1.875138,-2.512840,6.042778,"paired bootstrap on the difference, same resamples; exploratory, pointwise"
paired_two_year_full_variance_vs_mean_observed_only_b2,two_year_full,2%,variance minus mean,-6.525254,-14.994945,-0.519741,"paired bootstrap on the difference, same resamples; exploratory, pointwise"
paired_two_year_full_variance_vs_mean_missing_percentile_0_b2,two_year_full,2%,variance minus mean,-7.210926,-15.717647,-1.241138,"paired bootstrap on the difference, same resamples; exploratory, pointwise"
paired_two_year_full_variance_vs_mean_missing_pool_mean_b2,two_year_full,2%,variance minus mean,-5.074043,-11.462001,-0.674119,"paired bootstrap on the difference, same resamples; exploratory, pointwise"
paired_two_year_full_variance_vs_mean_missing_zero_citation_percentile_b2,two_year_full,2%,variance minus mean,-6.342118,-13.758321,-1.340582,"paired bootstrap on the difference, same resamples; exploratory, pointwise"
paired_two_year_full_variance_vs_D2_observed_only_b2,two_year_full,2%,variance minus D2,0.263319,-6.264155,6.920259,"paired bootstrap on the difference, same resamples; exploratory, pointwise"
paired_two_year_full_variance_vs_D2_missing_percentile_0_b2,two_year_full,2%,variance minus D2,1.451285,-4.089244,7.616643,"paired bootstrap on the difference, same resamples; exploratory, pointwise"
paired_two_year_full_variance_vs_D2_missing_pool_mean_b2,two_year_full,2%,variance minus D2,0.104491,-4.412914,4.633754,"paired bootstrap on the difference, same resamples; exploratory, pointwise"
paired_two_year_full_variance_vs_D2_missing_zero_citation_percentile_b2,two_year_full,2%,variance minus D2,0.815342,-4.056400,5.983013,"paired bootstrap on the difference, same resamples; exploratory, pointwise"
paired_two_year_full_variance_vs_lottery_observed_only_b5,two_year_full,5%,variance minus lottery,0.575320,-2.396841,4.544171,"paired bootstrap on the difference, same resamples; exploratory, pointwise"
paired_two_year_full_variance_vs_lottery_missing_percentile_0_b5,two_year_full,5%,variance minus lottery,1.084588,-1.818172,4.495714,"paired bootstrap on the difference, same resamples; exploratory, pointwise"
paired_two_year_full_variance_vs_lottery_missing_pool_mean_b5,two_year_full,5%,variance minus lottery,0.309004,-1.790750,3.052592,"paired bootstrap on the difference, same resamples; exploratory, pointwise"
paired_two_year_full_variance_vs_lottery_missing_zero_citation_percentile_b5,two_year_full,5%,variance minus lottery,0.719282,-1.706826,3.770645,"paired bootstrap on the difference, same resamples; exploratory, pointwise"
paired_two_year_full_variance_vs_mean_observed_only_b5,two_year_full,5%,variance minus mean,-6.417014,-10.469033,-0.971259,"paired bootstrap on the difference, same resamples; exploratory, pointwise"
paired_two_year_full_variance_vs_mean_missing_percentile_0_b5,two_year_full,5%,variance minus mean,-8.092541,-12.235571,-3.371122,"paired bootstrap on the difference, same resamples; exploratory, pointwise"
paired_two_year_full_variance_vs_mean_missing_pool_mean_b5,two_year_full,5%,variance minus mean,-4.919458,-7.958252,-0.923853,"paired bootstrap on the difference, same resamples; exploratory, pointwise"
paired_two_year_full_variance_vs_mean_missing_zero_citation_percentile_b5,two_year_full,5%,variance minus mean,-6.804466,-10.331902,-2.582600,"paired bootstrap on the difference, same resamples; exploratory, pointwise"
paired_two_year_full_variance_vs_D2_observed_only_b5,two_year_full,5%,variance minus D2,3.088231,-0.257517,7.284102,"paired bootstrap on the difference, same resamples; exploratory, pointwise"
paired_two_year_full_variance_vs_D2_missing_percentile_0_b5,two_year_full,5%,variance minus D2,4.728375,1.670918,8.062025,"paired bootstrap on the difference, same resamples; exploratory, pointwise"
paired_two_year_full_variance_vs_D2_missing_pool_mean_b5,two_year_full,5%,variance minus D2,1.848411,-0.387011,4.610646,"paired bootstrap on the difference, same resamples; exploratory, pointwise"
paired_two_year_full_variance_vs_D2_missing_zero_citation_percentile_b5,two_year_full,5%,variance minus D2,3.519504,1.027143,6.426802,"paired bootstrap on the difference, same resamples; exploratory, pointwise"
paired_two_year_full_variance_vs_lottery_observed_only_b10,two_year_full,10%,variance minus lottery,1.908284,-0.262848,4.288338,"paired bootstrap on the difference, same resamples; exploratory, pointwise"
paired_two_year_full_variance_vs_lottery_missing_percentile_0_b10,two_year_full,10%,variance minus lottery,2.767419,0.551592,4.820360,"paired bootstrap on the difference, same resamples; exploratory, pointwise"
paired_two_year_full_variance_vs_lottery_missing_pool_mean_b10,two_year_full,10%,variance minus lottery,1.314670,-0.259894,2.983142,"paired bootstrap on the difference, same resamples; exploratory, pointwise"
paired_two_year_full_variance_vs_lottery_missing_zero_citation_percentile_b10,two_year_full,10%,variance minus lottery,2.185549,0.320923,3.971392,"paired bootstrap on the difference, same resamples; exploratory, pointwise"
paired_two_year_full_variance_vs_mean_observed_only_b10,two_year_full,10%,variance minus mean,-4.722206,-7.590147,-1.179046,"paired bootstrap on the difference, same resamples; exploratory, pointwise"
paired_two_year_full_variance_vs_mean_missing_percentile_0_b10,two_year_full,10%,variance minus mean,-7.116912,-10.041073,-3.738780,"paired bootstrap on the difference, same resamples; exploratory, pointwise"
paired_two_year_full_variance_vs_mean_missing_pool_mean_b10,two_year_full,10%,variance minus mean,-3.738723,-5.886973,-1.063900,"paired bootstrap on the difference, same resamples; exploratory, pointwise"
paired_two_year_full_variance_vs_mean_missing_zero_citation_percentile_b10,two_year_full,10%,variance minus mean,-5.692356,-8.129711,-2.691629,"paired bootstrap on the difference, same resamples; exploratory, pointwise"
paired_two_year_full_variance_vs_D2_observed_only_b10,two_year_full,10%,variance minus D2,3.024622,0.507422,5.976325,"paired bootstrap on the difference, same resamples; exploratory, pointwise"
paired_two_year_full_variance_vs_D2_missing_percentile_0_b10,two_year_full,10%,variance minus D2,4.285136,2.118714,6.918905,"paired bootstrap on the difference, same resamples; exploratory, pointwise"
paired_two_year_full_variance_vs_D2_missing_pool_mean_b10,two_year_full,10%,variance minus D2,2.005793,0.252634,4.024684,"paired bootstrap on the difference, same resamples; exploratory, pointwise"
paired_two_year_full_variance_vs_D2_missing_zero_citation_percentile_b10,two_year_full,10%,variance minus D2,3.346476,1.515109,5.496220,"paired bootstrap on the difference, same resamples; exploratory, pointwise"
pairedall_two_year_early_D2_vs_lottery_observed_only_b1,two_year_early,1%,D2 minus lottery,3.068797,-9.179452,11.753393,"paired bootstrap on the difference, same frozen draws; exploratory, pointwise"
pairedall_two_year_early_D2_vs_lottery_missing_percentile_0_b1,two_year_early,1%,D2 minus lottery,1.085480,-11.381160,9.975416,"paired bootstrap on the difference, same frozen draws; exploratory, pointwise"
pairedall_two_year_early_D2_vs_lottery_missing_pool_mean_b1,two_year_early,1%,D2 minus lottery,2.577322,-7.172692,9.607559,"paired bootstrap on the difference, same frozen draws; exploratory, pointwise"
pairedall_two_year_early_D2_vs_lottery_missing_zero_citation_percentile_b1,two_year_early,1%,D2 minus lottery,1.835450,-9.334109,9.661523,"paired bootstrap on the difference, same frozen draws; exploratory, pointwise"
pairedall_two_year_early_D2_vs_mean_observed_only_b1,two_year_early,1%,D2 minus mean,-14.274625,-27.941792,-0.339936,"paired bootstrap on the difference, same frozen draws; exploratory, pointwise"
pairedall_two_year_early_D2_vs_mean_missing_percentile_0_b1,two_year_early,1%,D2 minus mean,-18.905351,-32.785120,-3.145214,"paired bootstrap on the difference, same frozen draws; exploratory, pointwise"
pairedall_two_year_early_D2_vs_mean_missing_pool_mean_b1,two_year_early,1%,D2 minus mean,-13.488342,-24.488422,-0.921081,"paired bootstrap on the difference, same frozen draws; exploratory, pointwise"
pairedall_two_year_early_D2_vs_mean_missing_zero_citation_percentile_b1,two_year_early,1%,D2 minus mean,-16.637069,-29.304703,-2.649173,"paired bootstrap on the difference, same frozen draws; exploratory, pointwise"
pairedall_two_year_early_mean_vs_lottery_observed_only_b1,two_year_early,1%,mean minus lottery,17.343422,6.745889,24.658301,"paired bootstrap on the difference, same frozen draws; exploratory, pointwise"
pairedall_two_year_early_mean_vs_lottery_missing_percentile_0_b1,two_year_early,1%,mean minus lottery,19.990831,7.602506,26.654746,"paired bootstrap on the difference, same frozen draws; exploratory, pointwise"
pairedall_two_year_early_mean_vs_lottery_missing_pool_mean_b1,two_year_early,1%,mean minus lottery,16.065664,6.122662,22.342122,"paired bootstrap on the difference, same frozen draws; exploratory, pointwise"
pairedall_two_year_early_mean_vs_lottery_missing_zero_citation_percentile_b1,two_year_early,1%,mean minus lottery,18.472519,7.518312,24.761794,"paired bootstrap on the difference, same frozen draws; exploratory, pointwise"
pairedall_two_year_early_mean_vs_D2_observed_only_b1,two_year_early,1%,mean minus D2,14.274625,0.339936,27.941792,"paired bootstrap on the difference, same frozen draws; exploratory, pointwise"
pairedall_two_year_early_mean_vs_D2_missing_percentile_0_b1,two_year_early,1%,mean minus D2,18.905351,3.145214,32.785120,"paired bootstrap on the difference, same frozen draws; exploratory, pointwise"
pairedall_two_year_early_mean_vs_D2_missing_pool_mean_b1,two_year_early,1%,mean minus D2,13.488342,0.921081,24.488422,"paired bootstrap on the difference, same frozen draws; exploratory, pointwise"
pairedall_two_year_early_mean_vs_D2_missing_zero_citation_percentile_b1,two_year_early,1%,mean minus D2,16.637069,2.649173,29.304703,"paired bootstrap on the difference, same frozen draws; exploratory, pointwise"
pairedall_two_year_early_variance_vs_lottery_observed_only_b1,two_year_early,1%,variance minus lottery,-1.270810,-9.832486,10.232364,"paired bootstrap on the difference, same frozen draws; exploratory, pointwise"
pairedall_two_year_early_variance_vs_lottery_missing_percentile_0_b1,two_year_early,1%,variance minus lottery,0.049769,-8.903452,11.282668,"paired bootstrap on the difference, same frozen draws; exploratory, pointwise"
pairedall_two_year_early_variance_vs_lottery_missing_pool_mean_b1,two_year_early,1%,variance minus lottery,-1.166893,-8.807334,8.994541,"paired bootstrap on the difference, same frozen draws; exploratory, pointwise"
pairedall_two_year_early_variance_vs_lottery_missing_zero_citation_percentile_b1,two_year_early,1%,variance minus lottery,-0.334402,-8.333967,10.193401,"paired bootstrap on the difference, same frozen draws; exploratory, pointwise"
pairedall_two_year_early_variance_vs_mean_observed_only_b1,two_year_early,1%,variance minus mean,-18.614232,-28.482054,-3.067121,"paired bootstrap on the difference, same frozen draws; exploratory, pointwise"
pairedall_two_year_early_variance_vs_mean_missing_percentile_0_b1,two_year_early,1%,variance minus mean,-19.941062,-29.453477,-3.320144,"paired bootstrap on the difference, same frozen draws; exploratory, pointwise"
pairedall_two_year_early_variance_vs_mean_missing_pool_mean_b1,two_year_early,1%,variance minus mean,-17.232557,-25.687825,-3.179199,"paired bootstrap on the difference, same frozen draws; exploratory, pointwise"
pairedall_two_year_early_variance_vs_mean_missing_zero_citation_percentile_b1,two_year_early,1%,variance minus mean,-18.806921,-27.710854,-3.646131,"paired bootstrap on the difference, same frozen draws; exploratory, pointwise"
pairedall_two_year_early_variance_vs_D2_observed_only_b1,two_year_early,1%,variance minus D2,-4.339606,-12.897679,9.148557,"paired bootstrap on the difference, same frozen draws; exploratory, pointwise"
pairedall_two_year_early_variance_vs_D2_missing_percentile_0_b1,two_year_early,1%,variance minus D2,-1.035711,-10.256314,13.997778,"paired bootstrap on the difference, same frozen draws; exploratory, pointwise"
pairedall_two_year_early_variance_vs_D2_missing_pool_mean_b1,two_year_early,1%,variance minus D2,-3.744215,-11.299797,7.712579,"paired bootstrap on the difference, same frozen draws; exploratory, pointwise"
pairedall_two_year_early_variance_vs_D2_missing_zero_citation_percentile_b1,two_year_early,1%,variance minus D2,-2.169852,-10.308566,11.173065,"paired bootstrap on the difference, same frozen draws; exploratory, pointwise"
pairedall_two_year_early_max_vs_lottery_observed_only_b1,two_year_early,1%,max minus lottery,13.136915,1.019110,23.096200,"paired bootstrap on the difference, same frozen draws; exploratory, pointwise"
pairedall_two_year_early_max_vs_lottery_missing_percentile_0_b1,two_year_early,1%,max minus lottery,5.875123,-3.899874,18.300216,"paired bootstrap on the difference, same frozen draws; exploratory, pointwise"
pairedall_two_year_early_max_vs_lottery_missing_pool_mean_b1,two_year_early,1%,max minus lottery,10.081359,0.961244,18.515623,"paired bootstrap on the difference, same frozen draws; exploratory, pointwise"
pairedall_two_year_early_max_vs_lottery_missing_zero_citation_percentile_b1,two_year_early,1%,max minus lottery,7.454450,-1.865467,18.205554,"paired bootstrap on the difference, same frozen draws; exploratory, pointwise"
pairedall_two_year_early_max_vs_mean_observed_only_b1,two_year_early,1%,max minus mean,-4.206507,-16.187126,9.461468,"paired bootstrap on the difference, same frozen draws; exploratory, pointwise"
pairedall_two_year_early_max_vs_mean_missing_percentile_0_b1,two_year_early,1%,max minus mean,-14.115707,-22.848103,3.174477,"paired bootstrap on the difference, same frozen draws; exploratory, pointwise"
pairedall_two_year_early_max_vs_mean_missing_pool_mean_b1,two_year_early,1%,max minus mean,-5.984305,-15.008846,6.737663,"paired bootstrap on the difference, same frozen draws; exploratory, pointwise"
pairedall_two_year_early_max_vs_mean_missing_zero_citation_percentile_b1,two_year_early,1%,max minus mean,-11.018069,-19.423840,4.076032,"paired bootstrap on the difference, same frozen draws; exploratory, pointwise"
pairedall_two_year_early_max_vs_D2_observed_only_b1,two_year_early,1%,max minus D2,10.068118,-3.296459,25.529410,"paired bootstrap on the difference, same frozen draws; exploratory, pointwise"
pairedall_two_year_early_max_vs_D2_missing_percentile_0_b1,two_year_early,1%,max minus D2,4.789644,-6.544722,22.791206,"paired bootstrap on the difference, same frozen draws; exploratory, pointwise"
pairedall_two_year_early_max_vs_D2_missing_pool_mean_b1,two_year_early,1%,max minus D2,7.504037,-2.341665,20.318098,"paired bootstrap on the difference, same frozen draws; exploratory, pointwise"
pairedall_two_year_early_max_vs_D2_missing_zero_citation_percentile_b1,two_year_early,1%,max minus D2,5.619000,-4.789924,21.228024,"paired bootstrap on the difference, same frozen draws; exploratory, pointwise"
pairedall_two_year_early_max_resid_vs_lottery_observed_only_b1,two_year_early,1%,max_resid minus lottery,-4.489071,-12.490469,9.162594,"paired bootstrap on the difference, same frozen draws; exploratory, pointwise"
pairedall_two_year_early_max_resid_vs_lottery_missing_percentile_0_b1,two_year_early,1%,max_resid minus lottery,-7.344366,-14.781956,6.446082,"paired bootstrap on the difference, same frozen draws; exploratory, pointwise"
pairedall_two_year_early_max_resid_vs_lottery_missing_pool_mean_b1,two_year_early,1%,max_resid minus lottery,-3.187645,-9.512377,7.468439,"paired bootstrap on the difference, same frozen draws; exploratory, pointwise"
pairedall_two_year_early_max_resid_vs_lottery_missing_zero_citation_percentile_b1,two_year_early,1%,max_resid minus lottery,-5.703640,-12.109519,6.593828,"paired bootstrap on the difference, same frozen draws; exploratory, pointwise"
pairedall_two_year_early_max_resid_vs_mean_observed_only_b1,two_year_early,1%,max_resid minus mean,-21.832493,-31.095119,-3.778528,"paired bootstrap on the difference, same frozen draws; exploratory, pointwise"
pairedall_two_year_early_max_resid_vs_mean_missing_percentile_0_b1,two_year_early,1%,max_resid minus mean,-27.335197,-37.066471,-7.315317,"paired bootstrap on the difference, same frozen draws; exploratory, pointwise"
pairedall_two_year_early_max_resid_vs_mean_missing_pool_mean_b1,two_year_early,1%,max_resid minus mean,-19.253309,-26.766503,-3.956396,"paired bootstrap on the difference, same frozen draws; exploratory, pointwise"
pairedall_two_year_early_max_resid_vs_mean_missing_zero_citation_percentile_b1,two_year_early,1%,max_resid minus mean,-24.176158,-32.599259,-6.554926,"paired bootstrap on the difference, same frozen draws; exploratory, pointwise"
pairedall_two_year_early_max_resid_vs_D2_observed_only_b1,two_year_early,1%,max_resid minus D2,-7.557868,-12.305256,5.544217,"paired bootstrap on the difference, same frozen draws; exploratory, pointwise"
pairedall_two_year_early_max_resid_vs_D2_missing_percentile_0_b1,two_year_early,1%,max_resid minus D2,-8.429846,-12.918414,4.970026,"paired bootstrap on the difference, same frozen draws; exploratory, pointwise"
pairedall_two_year_early_max_resid_vs_D2_missing_pool_mean_b1,two_year_early,1%,max_resid minus D2,-5.764967,-9.404741,4.410711,"paired bootstrap on the difference, same frozen draws; exploratory, pointwise"
pairedall_two_year_early_max_resid_vs_D2_missing_zero_citation_percentile_b1,two_year_early,1%,max_resid minus D2,-7.539090,-11.456422,4.246325,"paired bootstrap on the difference, same frozen draws; exploratory, pointwise"
pairedall_two_year_early_lottery_vs_mean_observed_only_b1,two_year_early,1%,lottery minus mean,-17.343422,-24.658301,-6.745889,"paired bootstrap on the difference, same frozen draws; exploratory, pointwise"
pairedall_two_year_early_lottery_vs_mean_missing_percentile_0_b1,two_year_early,1%,lottery minus mean,-19.990831,-26.654746,-7.602506,"paired bootstrap on the difference, same frozen draws; exploratory, pointwise"
pairedall_two_year_early_lottery_vs_mean_missing_pool_mean_b1,two_year_early,1%,lottery minus mean,-16.065664,-22.342122,-6.122662,"paired bootstrap on the difference, same frozen draws; exploratory, pointwise"
pairedall_two_year_early_lottery_vs_mean_missing_zero_citation_percentile_b1,two_year_early,1%,lottery minus mean,-18.472519,-24.761794,-7.518312,"paired bootstrap on the difference, same frozen draws; exploratory, pointwise"
pairedall_two_year_early_lottery_vs_D2_observed_only_b1,two_year_early,1%,lottery minus D2,-3.068797,-11.753393,9.179452,"paired bootstrap on the difference, same frozen draws; exploratory, pointwise"
pairedall_two_year_early_lottery_vs_D2_missing_percentile_0_b1,two_year_early,1%,lottery minus D2,-1.085480,-9.975416,11.381160,"paired bootstrap on the difference, same frozen draws; exploratory, pointwise"
pairedall_two_year_early_lottery_vs_D2_missing_pool_mean_b1,two_year_early,1%,lottery minus D2,-2.577322,-9.607559,7.172692,"paired bootstrap on the difference, same frozen draws; exploratory, pointwise"
pairedall_two_year_early_lottery_vs_D2_missing_zero_citation_percentile_b1,two_year_early,1%,lottery minus D2,-1.835450,-9.661523,9.334109,"paired bootstrap on the difference, same frozen draws; exploratory, pointwise"
pairedall_two_year_early_D2_vs_lottery_observed_only_b2,two_year_early,2%,D2 minus lottery,1.697896,-6.588038,8.503897,"paired bootstrap on the difference, same frozen draws; exploratory, pointwise"
pairedall_two_year_early_D2_vs_lottery_missing_percentile_0_b2,two_year_early,2%,D2 minus lottery,-0.131938,-7.908384,6.958533,"paired bootstrap on the difference, same frozen draws; exploratory, pointwise"
pairedall_two_year_early_D2_vs_lottery_missing_pool_mean_b2,two_year_early,2%,D2 minus lottery,1.425697,-5.068514,6.810747,"paired bootstrap on the difference, same frozen draws; exploratory, pointwise"
pairedall_two_year_early_D2_vs_lottery_missing_zero_citation_percentile_b2,two_year_early,2%,D2 minus lottery,0.530064,-6.536917,6.781273,"paired bootstrap on the difference, same frozen draws; exploratory, pointwise"
pairedall_two_year_early_D2_vs_mean_observed_only_b2,two_year_early,2%,D2 minus mean,-9.308745,-22.846829,-1.454829,"paired bootstrap on the difference, same frozen draws; exploratory, pointwise"
pairedall_two_year_early_D2_vs_mean_missing_percentile_0_b2,two_year_early,2%,D2 minus mean,-9.192036,-22.922884,-1.154707,"paired bootstrap on the difference, same frozen draws; exploratory, pointwise"
pairedall_two_year_early_D2_vs_mean_missing_pool_mean_b2,two_year_early,2%,D2 minus mean,-7.893282,-19.359293,-1.420036,"paired bootstrap on the difference, same frozen draws; exploratory, pointwise"
pairedall_two_year_early_D2_vs_mean_missing_zero_citation_percentile_b2,two_year_early,2%,D2 minus mean,-8.637220,-21.268358,-1.544207,"paired bootstrap on the difference, same frozen draws; exploratory, pointwise"
pairedall_two_year_early_mean_vs_lottery_observed_only_b2,two_year_early,2%,mean minus lottery,11.006641,5.734549,20.088877,"paired bootstrap on the difference, same frozen draws; exploratory, pointwise"
pairedall_two_year_early_mean_vs_lottery_missing_percentile_0_b2,two_year_early,2%,mean minus lottery,9.060099,4.188695,19.081301,"paired bootstrap on the difference, same frozen draws; exploratory, pointwise"
pairedall_two_year_early_mean_vs_lottery_missing_pool_mean_b2,two_year_early,2%,mean minus lottery,9.318979,4.963706,17.189798,"paired bootstrap on the difference, same frozen draws; exploratory, pointwise"
pairedall_two_year_early_mean_vs_lottery_missing_zero_citation_percentile_b2,two_year_early,2%,mean minus lottery,9.167284,4.793665,18.304201,"paired bootstrap on the difference, same frozen draws; exploratory, pointwise"
pairedall_two_year_early_mean_vs_D2_observed_only_b2,two_year_early,2%,mean minus D2,9.308745,1.454829,22.846829,"paired bootstrap on the difference, same frozen draws; exploratory, pointwise"
pairedall_two_year_early_mean_vs_D2_missing_percentile_0_b2,two_year_early,2%,mean minus D2,9.192036,1.154707,22.922884,"paired bootstrap on the difference, same frozen draws; exploratory, pointwise"
pairedall_two_year_early_mean_vs_D2_missing_pool_mean_b2,two_year_early,2%,mean minus D2,7.893282,1.420036,19.359293,"paired bootstrap on the difference, same frozen draws; exploratory, pointwise"
pairedall_two_year_early_mean_vs_D2_missing_zero_citation_percentile_b2,two_year_early,2%,mean minus D2,8.637220,1.544207,21.268358,"paired bootstrap on the difference, same frozen draws; exploratory, pointwise"
pairedall_two_year_early_variance_vs_lottery_observed_only_b2,two_year_early,2%,variance minus lottery,-0.099856,-7.714270,7.827166,"paired bootstrap on the difference, same frozen draws; exploratory, pointwise"
pairedall_two_year_early_variance_vs_lottery_missing_percentile_0_b2,two_year_early,2%,variance minus lottery,1.735037,-6.561921,8.502649,"paired bootstrap on the difference, same frozen draws; exploratory, pointwise"
pairedall_two_year_early_variance_vs_lottery_missing_pool_mean_b2,two_year_early,2%,variance minus lottery,-0.240506,-6.883790,6.694295,"paired bootstrap on the difference, same frozen draws; exploratory, pointwise"
pairedall_two_year_early_variance_vs_lottery_missing_zero_citation_percentile_b2,two_year_early,2%,variance minus lottery,0.981167,-6.374834,7.423425,"paired bootstrap on the difference, same frozen draws; exploratory, pointwise"
pairedall_two_year_early_variance_vs_mean_observed_only_b2,two_year_early,2%,variance minus mean,-11.106497,-23.524625,-2.888698,"paired bootstrap on the difference, same frozen draws; exploratory, pointwise"
pairedall_two_year_early_variance_vs_mean_missing_percentile_0_b2,two_year_early,2%,variance minus mean,-7.325061,-21.190225,0.118317,"paired bootstrap on the difference, same frozen draws; exploratory, pointwise"
pairedall_two_year_early_variance_vs_mean_missing_pool_mean_b2,two_year_early,2%,variance minus mean,-9.559485,-20.370914,-2.663277,"paired bootstrap on the difference, same frozen draws; exploratory, pointwise"
pairedall_two_year_early_variance_vs_mean_missing_zero_citation_percentile_b2,two_year_early,2%,variance minus mean,-8.186118,-20.538572,-1.289784,"paired bootstrap on the difference, same frozen draws; exploratory, pointwise"
pairedall_two_year_early_variance_vs_D2_observed_only_b2,two_year_early,2%,variance minus D2,-1.797752,-9.522265,7.481115,"paired bootstrap on the difference, same frozen draws; exploratory, pointwise"
pairedall_two_year_early_variance_vs_D2_missing_percentile_0_b2,two_year_early,2%,variance minus D2,1.866975,-6.555116,10.181736,"paired bootstrap on the difference, same frozen draws; exploratory, pointwise"
pairedall_two_year_early_variance_vs_D2_missing_pool_mean_b2,two_year_early,2%,variance minus D2,-1.666203,-8.142430,6.071404,"paired bootstrap on the difference, same frozen draws; exploratory, pointwise"
pairedall_two_year_early_variance_vs_D2_missing_zero_citation_percentile_b2,two_year_early,2%,variance minus D2,0.451103,-7.128139,8.498655,"paired bootstrap on the difference, same frozen draws; exploratory, pointwise"
pairedall_two_year_early_max_vs_lottery_observed_only_b2,two_year_early,2%,max minus lottery,12.682221,3.819351,19.694085,"paired bootstrap on the difference, same frozen draws; exploratory, pointwise"
pairedall_two_year_early_max_vs_lottery_missing_percentile_0_b2,two_year_early,2%,max minus lottery,7.856871,0.252906,15.144376,"paired bootstrap on the difference, same frozen draws; exploratory, pointwise"
pairedall_two_year_early_max_vs_lottery_missing_pool_mean_b2,two_year_early,2%,max minus lottery,10.151808,3.172983,15.811183,"paired bootstrap on the difference, same frozen draws; exploratory, pointwise"
pairedall_two_year_early_max_vs_lottery_missing_zero_citation_percentile_b2,two_year_early,2%,max minus lottery,8.764019,1.548356,15.234429,"paired bootstrap on the difference, same frozen draws; exploratory, pointwise"
pairedall_two_year_early_max_vs_mean_observed_only_b2,two_year_early,2%,max minus mean,1.675580,-11.131081,8.482222,"paired bootstrap on the difference, same frozen draws; exploratory, pointwise"
pairedall_two_year_early_max_vs_mean_missing_percentile_0_b2,two_year_early,2%,max minus mean,-1.203227,-13.807209,5.654504,"paired bootstrap on the difference, same frozen draws; exploratory, pointwise"
pairedall_two_year_early_max_vs_mean_missing_pool_mean_b2,two_year_early,2%,max minus mean,0.832829,-9.885517,6.211611,"paired bootstrap on the difference, same frozen draws; exploratory, pointwise"
pairedall_two_year_early_max_vs_mean_missing_zero_citation_percentile_b2,two_year_early,2%,max minus mean,-0.403265,-12.108695,5.696183,"paired bootstrap on the difference, same frozen draws; exploratory, pointwise"
pairedall_two_year_early_max_vs_D2_observed_only_b2,two_year_early,2%,max minus D2,10.984325,1.493645,20.506284,"paired bootstrap on the difference, same frozen draws; exploratory, pointwise"
pairedall_two_year_early_max_vs_D2_missing_percentile_0_b2,two_year_early,2%,max minus D2,7.988809,-0.726650,18.015102,"paired bootstrap on the difference, same frozen draws; exploratory, pointwise"
pairedall_two_year_early_max_vs_D2_missing_pool_mean_b2,two_year_early,2%,max minus D2,8.726111,1.216075,16.337159,"paired bootstrap on the difference, same frozen draws; exploratory, pointwise"
pairedall_two_year_early_max_vs_D2_missing_zero_citation_percentile_b2,two_year_early,2%,max minus D2,8.233955,0.149630,16.923034,"paired bootstrap on the difference, same frozen draws; exploratory, pointwise"
pairedall_two_year_early_max_resid_vs_lottery_observed_only_b2,two_year_early,2%,max_resid minus lottery,1.835233,-5.595828,9.551487,"paired bootstrap on the difference, same frozen draws; exploratory, pointwise"
pairedall_two_year_early_max_resid_vs_lottery_missing_percentile_0_b2,two_year_early,2%,max_resid minus lottery,0.673384,-6.555772,8.269315,"paired bootstrap on the difference, same frozen draws; exploratory, pointwise"
pairedall_two_year_early_max_resid_vs_lottery_missing_pool_mean_b2,two_year_early,2%,max_resid minus lottery,1.445644,-4.462768,7.913721,"paired bootstrap on the difference, same frozen draws; exploratory, pointwise"
pairedall_two_year_early_max_resid_vs_lottery_missing_zero_citation_percentile_b2,two_year_early,2%,max_resid minus lottery,0.996312,-5.462931,8.072988,"paired bootstrap on the difference, same frozen draws; exploratory, pointwise"
pairedall_two_year_early_max_resid_vs_mean_observed_only_b2,two_year_early,2%,max_resid minus mean,-9.171408,-21.485546,-0.528310,"paired bootstrap on the difference, same frozen draws; exploratory, pointwise"
pairedall_two_year_early_max_resid_vs_mean_missing_percentile_0_b2,two_year_early,2%,max_resid minus mean,-8.386715,-21.499774,0.089711,"paired bootstrap on the difference, same frozen draws; exploratory, pointwise"
pairedall_two_year_early_max_resid_vs_mean_missing_pool_mean_b2,two_year_early,2%,max_resid minus mean,-7.873335,-18.578192,-0.694845,"paired bootstrap on the difference, same frozen draws; exploratory, pointwise"
pairedall_two_year_early_max_resid_vs_mean_missing_zero_citation_percentile_b2,two_year_early,2%,max_resid minus mean,-8.170972,-19.985100,-0.336360,"paired bootstrap on the difference, same frozen draws; exploratory, pointwise"
pairedall_two_year_early_max_resid_vs_D2_observed_only_b2,two_year_early,2%,max_resid minus D2,0.137337,-5.839445,8.007544,"paired bootstrap on the difference, same frozen draws; exploratory, pointwise"
pairedall_two_year_early_max_resid_vs_D2_missing_percentile_0_b2,two_year_early,2%,max_resid minus D2,0.805322,-4.940126,8.193704,"paired bootstrap on the difference, same frozen draws; exploratory, pointwise"
pairedall_two_year_early_max_resid_vs_D2_missing_pool_mean_b2,two_year_early,2%,max_resid minus D2,0.019947,-4.690992,6.586020,"paired bootstrap on the difference, same frozen draws; exploratory, pointwise"
pairedall_two_year_early_max_resid_vs_D2_missing_zero_citation_percentile_b2,two_year_early,2%,max_resid minus D2,0.466248,-4.777477,7.163775,"paired bootstrap on the difference, same frozen draws; exploratory, pointwise"
pairedall_two_year_early_lottery_vs_mean_observed_only_b2,two_year_early,2%,lottery minus mean,-11.006641,-20.088877,-5.734549,"paired bootstrap on the difference, same frozen draws; exploratory, pointwise"
pairedall_two_year_early_lottery_vs_mean_missing_percentile_0_b2,two_year_early,2%,lottery minus mean,-9.060099,-19.081301,-4.188695,"paired bootstrap on the difference, same frozen draws; exploratory, pointwise"
pairedall_two_year_early_lottery_vs_mean_missing_pool_mean_b2,two_year_early,2%,lottery minus mean,-9.318979,-17.189798,-4.963706,"paired bootstrap on the difference, same frozen draws; exploratory, pointwise"
pairedall_two_year_early_lottery_vs_mean_missing_zero_citation_percentile_b2,two_year_early,2%,lottery minus mean,-9.167284,-18.304201,-4.793665,"paired bootstrap on the difference, same frozen draws; exploratory, pointwise"
pairedall_two_year_early_lottery_vs_D2_observed_only_b2,two_year_early,2%,lottery minus D2,-1.697896,-8.503897,6.588038,"paired bootstrap on the difference, same frozen draws; exploratory, pointwise"
pairedall_two_year_early_lottery_vs_D2_missing_percentile_0_b2,two_year_early,2%,lottery minus D2,0.131938,-6.958533,7.908384,"paired bootstrap on the difference, same frozen draws; exploratory, pointwise"
pairedall_two_year_early_lottery_vs_D2_missing_pool_mean_b2,two_year_early,2%,lottery minus D2,-1.425697,-6.810747,5.068514,"paired bootstrap on the difference, same frozen draws; exploratory, pointwise"
pairedall_two_year_early_lottery_vs_D2_missing_zero_citation_percentile_b2,two_year_early,2%,lottery minus D2,-0.530064,-6.781273,6.536917,"paired bootstrap on the difference, same frozen draws; exploratory, pointwise"
pairedall_two_year_early_D2_vs_lottery_observed_only_b5,two_year_early,5%,D2 minus lottery,-2.516941,-7.217098,2.322193,"paired bootstrap on the difference, same frozen draws; exploratory, pointwise"
pairedall_two_year_early_D2_vs_lottery_missing_percentile_0_b5,two_year_early,5%,D2 minus lottery,-4.871806,-9.107744,-0.198940,"paired bootstrap on the difference, same frozen draws; exploratory, pointwise"
pairedall_two_year_early_D2_vs_lottery_missing_pool_mean_b5,two_year_early,5%,D2 minus lottery,-1.795242,-5.441089,1.927824,"paired bootstrap on the difference, same frozen draws; exploratory, pointwise"
pairedall_two_year_early_D2_vs_lottery_missing_zero_citation_percentile_b5,two_year_early,5%,D2 minus lottery,-3.689413,-7.488938,0.541643,"paired bootstrap on the difference, same frozen draws; exploratory, pointwise"
pairedall_two_year_early_D2_vs_mean_observed_only_b5,two_year_early,5%,D2 minus mean,-14.408307,-20.897738,-7.679165,"paired bootstrap on the difference, same frozen draws; exploratory, pointwise"
pairedall_two_year_early_D2_vs_mean_missing_percentile_0_b5,two_year_early,5%,D2 minus mean,-16.347050,-22.276525,-9.209655,"paired bootstrap on the difference, same frozen draws; exploratory, pointwise"
pairedall_two_year_early_D2_vs_mean_missing_pool_mean_b5,two_year_early,5%,D2 minus mean,-12.044893,-17.391894,-6.523781,"paired bootstrap on the difference, same frozen draws; exploratory, pointwise"
pairedall_two_year_early_D2_vs_mean_missing_zero_citation_percentile_b5,two_year_early,5%,D2 minus mean,-14.667116,-20.100872,-8.428154,"paired bootstrap on the difference, same frozen draws; exploratory, pointwise"
pairedall_two_year_early_mean_vs_lottery_observed_only_b5,two_year_early,5%,mean minus lottery,11.891366,6.955109,16.179688,"paired bootstrap on the difference, same frozen draws; exploratory, pointwise"
pairedall_two_year_early_mean_vs_lottery_missing_percentile_0_b5,two_year_early,5%,mean minus lottery,11.475244,6.524597,15.655817,"paired bootstrap on the difference, same frozen draws; exploratory, pointwise"
pairedall_two_year_early_mean_vs_lottery_missing_pool_mean_b5,two_year_early,5%,mean minus lottery,10.249650,5.888828,13.933205,"paired bootstrap on the difference, same frozen draws; exploratory, pointwise"
pairedall_two_year_early_mean_vs_lottery_missing_zero_citation_percentile_b5,two_year_early,5%,mean minus lottery,10.977703,6.314634,14.903146,"paired bootstrap on the difference, same frozen draws; exploratory, pointwise"
pairedall_two_year_early_mean_vs_D2_observed_only_b5,two_year_early,5%,mean minus D2,14.408307,7.679165,20.897738,"paired bootstrap on the difference, same frozen draws; exploratory, pointwise"
pairedall_two_year_early_mean_vs_D2_missing_percentile_0_b5,two_year_early,5%,mean minus D2,16.347050,9.209655,22.276525,"paired bootstrap on the difference, same frozen draws; exploratory, pointwise"
pairedall_two_year_early_mean_vs_D2_missing_pool_mean_b5,two_year_early,5%,mean minus D2,12.044893,6.523781,17.391894,"paired bootstrap on the difference, same frozen draws; exploratory, pointwise"
pairedall_two_year_early_mean_vs_D2_missing_zero_citation_percentile_b5,two_year_early,5%,mean minus D2,14.667116,8.428154,20.100872,"paired bootstrap on the difference, same frozen draws; exploratory, pointwise"
pairedall_two_year_early_variance_vs_lottery_observed_only_b5,two_year_early,5%,variance minus lottery,1.963107,-2.643176,7.218816,"paired bootstrap on the difference, same frozen draws; exploratory, pointwise"
pairedall_two_year_early_variance_vs_lottery_missing_percentile_0_b5,two_year_early,5%,variance minus lottery,1.431264,-3.088419,6.651702,"paired bootstrap on the difference, same frozen draws; exploratory, pointwise"
pairedall_two_year_early_variance_vs_lottery_missing_pool_mean_b5,two_year_early,5%,variance minus lottery,1.585424,-2.214567,6.009777,"paired bootstrap on the difference, same frozen draws; exploratory, pointwise"
pairedall_two_year_early_variance_vs_lottery_missing_zero_citation_percentile_b5,two_year_early,5%,variance minus lottery,1.476978,-2.727005,6.370632,"paired bootstrap on the difference, same frozen draws; exploratory, pointwise"
pairedall_two_year_early_variance_vs_mean_observed_only_b5,two_year_early,5%,variance minus mean,-9.928259,-16.001358,-2.623845,"paired bootstrap on the difference, same frozen draws; exploratory, pointwise"
pairedall_two_year_early_variance_vs_mean_missing_percentile_0_b5,two_year_early,5%,variance minus mean,-10.043980,-16.311385,-2.833755,"paired bootstrap on the difference, same frozen draws; exploratory, pointwise"
pairedall_two_year_early_variance_vs_mean_missing_pool_mean_b5,two_year_early,5%,variance minus mean,-8.664226,-13.737794,-2.435783,"paired bootstrap on the difference, same frozen draws; exploratory, pointwise"
pairedall_two_year_early_variance_vs_mean_missing_zero_citation_percentile_b5,two_year_early,5%,variance minus mean,-9.500725,-15.158793,-2.912781,"paired bootstrap on the difference, same frozen draws; exploratory, pointwise"
pairedall_two_year_early_variance_vs_D2_observed_only_b5,two_year_early,5%,variance minus D2,4.480048,-0.681451,10.529043,"paired bootstrap on the difference, same frozen draws; exploratory, pointwise"
pairedall_two_year_early_variance_vs_D2_missing_percentile_0_b5,two_year_early,5%,variance minus D2,6.303070,1.392657,11.441248,"paired bootstrap on the difference, same frozen draws; exploratory, pointwise"
pairedall_two_year_early_variance_vs_D2_missing_pool_mean_b5,two_year_early,5%,variance minus D2,3.380666,-0.656853,8.375840,"paired bootstrap on the difference, same frozen draws; exploratory, pointwise"
pairedall_two_year_early_variance_vs_D2_missing_zero_citation_percentile_b5,two_year_early,5%,variance minus D2,5.166391,0.844985,10.035493,"paired bootstrap on the difference, same frozen draws; exploratory, pointwise"
pairedall_two_year_early_max_vs_lottery_observed_only_b5,two_year_early,5%,max minus lottery,9.894830,5.310432,15.251232,"paired bootstrap on the difference, same frozen draws; exploratory, pointwise"
pairedall_two_year_early_max_vs_lottery_missing_percentile_0_b5,two_year_early,5%,max minus lottery,8.049788,3.113040,13.042866,"paired bootstrap on the difference, same frozen draws; exploratory, pointwise"
pairedall_two_year_early_max_vs_lottery_missing_pool_mean_b5,two_year_early,5%,max minus lottery,8.244672,4.384372,12.663685,"paired bootstrap on the difference, same frozen draws; exploratory, pointwise"
pairedall_two_year_early_max_vs_lottery_missing_zero_citation_percentile_b5,two_year_early,5%,max minus lottery,8.108044,3.679461,12.704763,"paired bootstrap on the difference, same frozen draws; exploratory, pointwise"
pairedall_two_year_early_max_vs_mean_observed_only_b5,two_year_early,5%,max minus mean,-1.996536,-7.227081,4.652870,"paired bootstrap on the difference, same frozen draws; exploratory, pointwise"
pairedall_two_year_early_max_vs_mean_missing_percentile_0_b5,two_year_early,5%,max minus mean,-3.425456,-9.038251,3.059399,"paired bootstrap on the difference, same frozen draws; exploratory, pointwise"
pairedall_two_year_early_max_vs_mean_missing_pool_mean_b5,two_year_early,5%,max minus mean,-2.004978,-6.498157,3.576389,"paired bootstrap on the difference, same frozen draws; exploratory, pointwise"
pairedall_two_year_early_max_vs_mean_missing_zero_citation_percentile_b5,two_year_early,5%,max minus mean,-2.869659,-7.894282,3.193176,"paired bootstrap on the difference, same frozen draws; exploratory, pointwise"
pairedall_two_year_early_max_vs_D2_observed_only_b5,two_year_early,5%,max minus D2,12.411771,6.982446,19.134417,"paired bootstrap on the difference, same frozen draws; exploratory, pointwise"
pairedall_two_year_early_max_vs_D2_missing_percentile_0_b5,two_year_early,5%,max minus D2,12.921594,7.196812,18.613192,"paired bootstrap on the difference, same frozen draws; exploratory, pointwise"
pairedall_two_year_early_max_vs_D2_missing_pool_mean_b5,two_year_early,5%,max minus D2,10.039914,5.658469,15.409555,"paired bootstrap on the difference, same frozen draws; exploratory, pointwise"
pairedall_two_year_early_max_vs_D2_missing_zero_citation_percentile_b5,two_year_early,5%,max minus D2,11.797457,6.599997,17.121422,"paired bootstrap on the difference, same frozen draws; exploratory, pointwise"
pairedall_two_year_early_max_resid_vs_lottery_observed_only_b5,two_year_early,5%,max_resid minus lottery,2.804748,-2.499333,7.014607,"paired bootstrap on the difference, same frozen draws; exploratory, pointwise"
pairedall_two_year_early_max_resid_vs_lottery_missing_percentile_0_b5,two_year_early,5%,max_resid minus lottery,2.133561,-2.658878,6.581627,"paired bootstrap on the difference, same frozen draws; exploratory, pointwise"
pairedall_two_year_early_max_resid_vs_lottery_missing_pool_mean_b5,two_year_early,5%,max_resid minus lottery,2.287721,-2.153397,5.883233,"paired bootstrap on the difference, same frozen draws; exploratory, pointwise"
pairedall_two_year_early_max_resid_vs_lottery_missing_zero_citation_percentile_b5,two_year_early,5%,max_resid minus lottery,2.179275,-2.363486,6.134335,"paired bootstrap on the difference, same frozen draws; exploratory, pointwise"
pairedall_two_year_early_max_resid_vs_mean_observed_only_b5,two_year_early,5%,max_resid minus mean,-9.086618,-15.977122,-3.048399,"paired bootstrap on the difference, same frozen draws; exploratory, pointwise"
pairedall_two_year_early_max_resid_vs_mean_missing_percentile_0_b5,two_year_early,5%,max_resid minus mean,-9.341683,-15.629666,-2.773686,"paired bootstrap on the difference, same frozen draws; exploratory, pointwise"
pairedall_two_year_early_max_resid_vs_mean_missing_pool_mean_b5,two_year_early,5%,max_resid minus mean,-7.961930,-13.817769,-2.774915,"paired bootstrap on the difference, same frozen draws; exploratory, pointwise"
pairedall_two_year_early_max_resid_vs_mean_missing_zero_citation_percentile_b5,two_year_early,5%,max_resid minus mean,-8.798428,-14.881592,-2.756880,"paired bootstrap on the difference, same frozen draws; exploratory, pointwise"
pairedall_two_year_early_max_resid_vs_D2_observed_only_b5,two_year_early,5%,max_resid minus D2,5.321689,0.365533,9.255563,"paired bootstrap on the difference, same frozen draws; exploratory, pointwise"
pairedall_two_year_early_max_resid_vs_D2_missing_percentile_0_b5,two_year_early,5%,max_resid minus D2,7.005367,2.449064,10.594162,"paired bootstrap on the difference, same frozen draws; exploratory, pointwise"
pairedall_two_year_early_max_resid_vs_D2_missing_pool_mean_b5,two_year_early,5%,max_resid minus D2,4.082963,0.092307,7.290838,"paired bootstrap on the difference, same frozen draws; exploratory, pointwise"
pairedall_two_year_early_max_resid_vs_D2_missing_zero_citation_percentile_b5,two_year_early,5%,max_resid minus D2,5.868688,1.797956,9.218215,"paired bootstrap on the difference, same frozen draws; exploratory, pointwise"
pairedall_two_year_early_lottery_vs_mean_observed_only_b5,two_year_early,5%,lottery minus mean,-11.891366,-16.179688,-6.955109,"paired bootstrap on the difference, same frozen draws; exploratory, pointwise"
pairedall_two_year_early_lottery_vs_mean_missing_percentile_0_b5,two_year_early,5%,lottery minus mean,-11.475244,-15.655817,-6.524597,"paired bootstrap on the difference, same frozen draws; exploratory, pointwise"
pairedall_two_year_early_lottery_vs_mean_missing_pool_mean_b5,two_year_early,5%,lottery minus mean,-10.249650,-13.933205,-5.888828,"paired bootstrap on the difference, same frozen draws; exploratory, pointwise"
pairedall_two_year_early_lottery_vs_mean_missing_zero_citation_percentile_b5,two_year_early,5%,lottery minus mean,-10.977703,-14.903146,-6.314634,"paired bootstrap on the difference, same frozen draws; exploratory, pointwise"
pairedall_two_year_early_lottery_vs_D2_observed_only_b5,two_year_early,5%,lottery minus D2,2.516941,-2.322193,7.217098,"paired bootstrap on the difference, same frozen draws; exploratory, pointwise"
pairedall_two_year_early_lottery_vs_D2_missing_percentile_0_b5,two_year_early,5%,lottery minus D2,4.871806,0.198940,9.107744,"paired bootstrap on the difference, same frozen draws; exploratory, pointwise"
pairedall_two_year_early_lottery_vs_D2_missing_pool_mean_b5,two_year_early,5%,lottery minus D2,1.795242,-1.927824,5.441089,"paired bootstrap on the difference, same frozen draws; exploratory, pointwise"
pairedall_two_year_early_lottery_vs_D2_missing_zero_citation_percentile_b5,two_year_early,5%,lottery minus D2,3.689413,-0.541643,7.488938,"paired bootstrap on the difference, same frozen draws; exploratory, pointwise"
pairedall_two_year_early_D2_vs_lottery_observed_only_b10,two_year_early,10%,D2 minus lottery,-0.219413,-3.847066,2.739003,"paired bootstrap on the difference, same frozen draws; exploratory, pointwise"
pairedall_two_year_early_D2_vs_lottery_missing_percentile_0_b10,two_year_early,10%,D2 minus lottery,-1.484791,-4.591043,1.521386,"paired bootstrap on the difference, same frozen draws; exploratory, pointwise"
pairedall_two_year_early_D2_vs_lottery_missing_pool_mean_b10,two_year_early,10%,D2 minus lottery,-0.102929,-2.971684,2.286183,"paired bootstrap on the difference, same frozen draws; exploratory, pointwise"
pairedall_two_year_early_D2_vs_lottery_missing_zero_citation_percentile_b10,two_year_early,10%,D2 minus lottery,-0.949607,-3.916770,1.711091,"paired bootstrap on the difference, same frozen draws; exploratory, pointwise"
pairedall_two_year_early_D2_vs_mean_observed_only_b10,two_year_early,10%,D2 minus mean,-11.000140,-15.727629,-6.722617,"paired bootstrap on the difference, same frozen draws; exploratory, pointwise"
pairedall_two_year_early_D2_vs_mean_missing_percentile_0_b10,two_year_early,10%,D2 minus mean,-12.856371,-17.295502,-8.348355,"paired bootstrap on the difference, same frozen draws; exploratory, pointwise"
pairedall_two_year_early_D2_vs_mean_missing_pool_mean_b10,two_year_early,10%,D2 minus mean,-9.520425,-13.449342,-5.786452,"paired bootstrap on the difference, same frozen draws; exploratory, pointwise"
pairedall_two_year_early_D2_vs_mean_missing_zero_citation_percentile_b10,two_year_early,10%,D2 minus mean,-11.547190,-15.674000,-7.433000,"paired bootstrap on the difference, same frozen draws; exploratory, pointwise"
pairedall_two_year_early_mean_vs_lottery_observed_only_b10,two_year_early,10%,mean minus lottery,10.780727,7.654649,13.872816,"paired bootstrap on the difference, same frozen draws; exploratory, pointwise"
pairedall_two_year_early_mean_vs_lottery_missing_percentile_0_b10,two_year_early,10%,mean minus lottery,11.371579,8.066847,14.379824,"paired bootstrap on the difference, same frozen draws; exploratory, pointwise"
pairedall_two_year_early_mean_vs_lottery_missing_pool_mean_b10,two_year_early,10%,mean minus lottery,9.417496,6.611495,12.134942,"paired bootstrap on the difference, same frozen draws; exploratory, pointwise"
pairedall_two_year_early_mean_vs_lottery_missing_zero_citation_percentile_b10,two_year_early,10%,mean minus lottery,10.597583,7.613216,13.367690,"paired bootstrap on the difference, same frozen draws; exploratory, pointwise"
pairedall_two_year_early_mean_vs_D2_observed_only_b10,two_year_early,10%,mean minus D2,11.000140,6.722617,15.727629,"paired bootstrap on the difference, same frozen draws; exploratory, pointwise"
pairedall_two_year_early_mean_vs_D2_missing_percentile_0_b10,two_year_early,10%,mean minus D2,12.856371,8.348355,17.295502,"paired bootstrap on the difference, same frozen draws; exploratory, pointwise"
pairedall_two_year_early_mean_vs_D2_missing_pool_mean_b10,two_year_early,10%,mean minus D2,9.520425,5.786452,13.449342,"paired bootstrap on the difference, same frozen draws; exploratory, pointwise"
pairedall_two_year_early_mean_vs_D2_missing_zero_citation_percentile_b10,two_year_early,10%,mean minus D2,11.547190,7.433000,15.674000,"paired bootstrap on the difference, same frozen draws; exploratory, pointwise"
pairedall_two_year_early_variance_vs_lottery_observed_only_b10,two_year_early,10%,variance minus lottery,3.994637,0.969822,7.565557,"paired bootstrap on the difference, same frozen draws; exploratory, pointwise"
pairedall_two_year_early_variance_vs_lottery_missing_percentile_0_b10,two_year_early,10%,variance minus lottery,4.021704,0.892495,7.543128,"paired bootstrap on the difference, same frozen draws; exploratory, pointwise"
pairedall_two_year_early_variance_vs_lottery_missing_pool_mean_b10,two_year_early,10%,variance minus lottery,3.360990,0.770255,6.381951,"paired bootstrap on the difference, same frozen draws; exploratory, pointwise"
pairedall_two_year_early_variance_vs_lottery_missing_zero_citation_percentile_b10,two_year_early,10%,variance minus lottery,3.777917,0.940800,7.013078,"paired bootstrap on the difference, same frozen draws; exploratory, pointwise"
pairedall_two_year_early_variance_vs_mean_observed_only_b10,two_year_early,10%,variance minus mean,-6.786091,-10.767533,-2.085819,"paired bootstrap on the difference, same frozen draws; exploratory, pointwise"
pairedall_two_year_early_variance_vs_mean_missing_percentile_0_b10,two_year_early,10%,variance minus mean,-7.349875,-11.478342,-2.658497,"paired bootstrap on the difference, same frozen draws; exploratory, pointwise"
pairedall_two_year_early_variance_vs_mean_missing_pool_mean_b10,two_year_early,10%,variance minus mean,-6.056506,-9.565000,-1.948951,"paired bootstrap on the difference, same frozen draws; exploratory, pointwise"
pairedall_two_year_early_variance_vs_mean_missing_zero_citation_percentile_b10,two_year_early,10%,variance minus mean,-6.819666,-10.475255,-2.468529,"paired bootstrap on the difference, same frozen draws; exploratory, pointwise"
pairedall_two_year_early_variance_vs_D2_observed_only_b10,two_year_early,10%,variance minus D2,4.214049,1.178296,8.371110,"paired bootstrap on the difference, same frozen draws; exploratory, pointwise"
pairedall_two_year_early_variance_vs_D2_missing_percentile_0_b10,two_year_early,10%,variance minus D2,5.506496,2.463153,9.065930,"paired bootstrap on the difference, same frozen draws; exploratory, pointwise"
pairedall_two_year_early_variance_vs_D2_missing_pool_mean_b10,two_year_early,10%,variance minus D2,3.463919,0.943291,6.950551,"paired bootstrap on the difference, same frozen draws; exploratory, pointwise"
pairedall_two_year_early_variance_vs_D2_missing_zero_citation_percentile_b10,two_year_early,10%,variance minus D2,4.727524,1.998869,8.137872,"paired bootstrap on the difference, same frozen draws; exploratory, pointwise"
pairedall_two_year_early_max_vs_lottery_observed_only_b10,two_year_early,10%,max minus lottery,8.671975,6.103561,13.153939,"paired bootstrap on the difference, same frozen draws; exploratory, pointwise"
pairedall_two_year_early_max_vs_lottery_missing_percentile_0_b10,two_year_early,10%,max minus lottery,6.854309,4.183144,11.078682,"paired bootstrap on the difference, same frozen draws; exploratory, pointwise"
pairedall_two_year_early_max_vs_lottery_missing_pool_mean_b10,two_year_early,10%,max minus lottery,7.184238,5.074552,10.903184,"paired bootstrap on the difference, same frozen draws; exploratory, pointwise"
pairedall_two_year_early_max_vs_lottery_missing_zero_citation_percentile_b10,two_year_early,10%,max minus lottery,6.990570,4.615491,10.975172,"paired bootstrap on the difference, same frozen draws; exploratory, pointwise"
pairedall_two_year_early_max_vs_mean_observed_only_b10,two_year_early,10%,max minus mean,-2.108752,-5.108058,2.902387,"paired bootstrap on the difference, same frozen draws; exploratory, pointwise"
pairedall_two_year_early_max_vs_mean_missing_percentile_0_b10,two_year_early,10%,max minus mean,-4.517270,-7.792115,0.281028,"paired bootstrap on the difference, same frozen draws; exploratory, pointwise"
pairedall_two_year_early_max_vs_mean_missing_pool_mean_b10,two_year_early,10%,max minus mean,-2.233258,-4.845038,2.009831,"paired bootstrap on the difference, same frozen draws; exploratory, pointwise"
pairedall_two_year_early_max_vs_mean_missing_zero_citation_percentile_b10,two_year_early,10%,max minus mean,-3.607014,-6.501929,0.818295,"paired bootstrap on the difference, same frozen draws; exploratory, pointwise"
pairedall_two_year_early_max_vs_D2_observed_only_b10,two_year_early,10%,max minus D2,8.891388,5.977065,14.336325,"paired bootstrap on the difference, same frozen draws; exploratory, pointwise"
pairedall_two_year_early_max_vs_D2_missing_percentile_0_b10,two_year_early,10%,max minus D2,8.339101,5.386561,13.240078,"paired bootstrap on the difference, same frozen draws; exploratory, pointwise"
pairedall_two_year_early_max_vs_D2_missing_pool_mean_b10,two_year_early,10%,max minus D2,7.287167,4.881205,11.718269,"paired bootstrap on the difference, same frozen draws; exploratory, pointwise"
pairedall_two_year_early_max_vs_D2_missing_zero_citation_percentile_b10,two_year_early,10%,max minus D2,7.940177,5.259000,12.500139,"paired bootstrap on the difference, same frozen draws; exploratory, pointwise"
pairedall_two_year_early_max_resid_vs_lottery_observed_only_b10,two_year_early,10%,max_resid minus lottery,-0.708375,-3.558342,2.874003,"paired bootstrap on the difference, same frozen draws; exploratory, pointwise"
pairedall_two_year_early_max_resid_vs_lottery_missing_percentile_0_b10,two_year_early,10%,max_resid minus lottery,-0.801986,-3.568946,2.630985,"paired bootstrap on the difference, same frozen draws; exploratory, pointwise"
pairedall_two_year_early_max_resid_vs_lottery_missing_pool_mean_b10,two_year_early,10%,max_resid minus lottery,-0.583067,-2.933104,2.407355,"paired bootstrap on the difference, same frozen draws; exploratory, pointwise"
pairedall_two_year_early_max_resid_vs_lottery_missing_zero_citation_percentile_b10,two_year_early,10%,max_resid minus lottery,-0.703636,-3.211797,2.512315,"paired bootstrap on the difference, same frozen draws; exploratory, pointwise"
pairedall_two_year_early_max_resid_vs_mean_observed_only_b10,two_year_early,10%,max_resid minus mean,-11.489102,-15.575602,-6.710343,"paired bootstrap on the difference, same frozen draws; exploratory, pointwise"
pairedall_two_year_early_max_resid_vs_mean_missing_percentile_0_b10,two_year_early,10%,max_resid minus mean,-12.173565,-16.266522,-7.454328,"paired bootstrap on the difference, same frozen draws; exploratory, pointwise"
pairedall_two_year_early_max_resid_vs_mean_missing_pool_mean_b10,two_year_early,10%,max_resid minus mean,-10.000563,-13.529554,-5.915678,"paired bootstrap on the difference, same frozen draws; exploratory, pointwise"
pairedall_two_year_early_max_resid_vs_mean_missing_zero_citation_percentile_b10,two_year_early,10%,max_resid minus mean,-11.301220,-15.037942,-6.929347,"paired bootstrap on the difference, same frozen draws; exploratory, pointwise"
pairedall_two_year_early_max_resid_vs_D2_observed_only_b10,two_year_early,10%,max_resid minus D2,-0.488962,-2.440115,2.712511,"paired bootstrap on the difference, same frozen draws; exploratory, pointwise"
pairedall_two_year_early_max_resid_vs_D2_missing_percentile_0_b10,two_year_early,10%,max_resid minus D2,0.682806,-1.282668,3.522005,"paired bootstrap on the difference, same frozen draws; exploratory, pointwise"
pairedall_two_year_early_max_resid_vs_D2_missing_pool_mean_b10,two_year_early,10%,max_resid minus D2,-0.480138,-2.084986,2.157088,"paired bootstrap on the difference, same frozen draws; exploratory, pointwise"
pairedall_two_year_early_max_resid_vs_D2_missing_zero_citation_percentile_b10,two_year_early,10%,max_resid minus D2,0.245971,-1.423797,2.938531,"paired bootstrap on the difference, same frozen draws; exploratory, pointwise"
pairedall_two_year_early_lottery_vs_mean_observed_only_b10,two_year_early,10%,lottery minus mean,-10.780727,-13.872816,-7.654649,"paired bootstrap on the difference, same frozen draws; exploratory, pointwise"
pairedall_two_year_early_lottery_vs_mean_missing_percentile_0_b10,two_year_early,10%,lottery minus mean,-11.371579,-14.379824,-8.066847,"paired bootstrap on the difference, same frozen draws; exploratory, pointwise"
pairedall_two_year_early_lottery_vs_mean_missing_pool_mean_b10,two_year_early,10%,lottery minus mean,-9.417496,-12.134942,-6.611495,"paired bootstrap on the difference, same frozen draws; exploratory, pointwise"
pairedall_two_year_early_lottery_vs_mean_missing_zero_citation_percentile_b10,two_year_early,10%,lottery minus mean,-10.597583,-13.367690,-7.613216,"paired bootstrap on the difference, same frozen draws; exploratory, pointwise"
pairedall_two_year_early_lottery_vs_D2_observed_only_b10,two_year_early,10%,lottery minus D2,0.219413,-2.739003,3.847066,"paired bootstrap on the difference, same frozen draws; exploratory, pointwise"
pairedall_two_year_early_lottery_vs_D2_missing_percentile_0_b10,two_year_early,10%,lottery minus D2,1.484791,-1.521386,4.591043,"paired bootstrap on the difference, same frozen draws; exploratory, pointwise"
pairedall_two_year_early_lottery_vs_D2_missing_pool_mean_b10,two_year_early,10%,lottery minus D2,0.102929,-2.286183,2.971684,"paired bootstrap on the difference, same frozen draws; exploratory, pointwise"
pairedall_two_year_early_lottery_vs_D2_missing_zero_citation_percentile_b10,two_year_early,10%,lottery minus D2,0.949607,-1.711091,3.916770,"paired bootstrap on the difference, same frozen draws; exploratory, pointwise"
pairedall_three_year_early_D2_vs_lottery_observed_only_b1,three_year_early,1%,D2 minus lottery,1.561794,-10.004004,10.121691,"paired bootstrap on the difference, same frozen draws; exploratory, pointwise"
pairedall_three_year_early_D2_vs_lottery_missing_percentile_0_b1,three_year_early,1%,D2 minus lottery,-0.133774,-11.731155,8.684289,"paired bootstrap on the difference, same frozen draws; exploratory, pointwise"
pairedall_three_year_early_D2_vs_lottery_missing_pool_mean_b1,three_year_early,1%,D2 minus lottery,1.357330,-7.627188,8.230187,"paired bootstrap on the difference, same frozen draws; exploratory, pointwise"
pairedall_three_year_early_D2_vs_lottery_missing_zero_citation_percentile_b1,three_year_early,1%,D2 minus lottery,0.556868,-9.818428,8.457824,"paired bootstrap on the difference, same frozen draws; exploratory, pointwise"
pairedall_three_year_early_D2_vs_mean_observed_only_b1,three_year_early,1%,D2 minus mean,-16.061047,-28.629250,-2.473305,"paired bootstrap on the difference, same frozen draws; exploratory, pointwise"
pairedall_three_year_early_D2_vs_mean_missing_percentile_0_b1,three_year_early,1%,D2 minus mean,-20.372815,-34.053967,-4.758823,"paired bootstrap on the difference, same frozen draws; exploratory, pointwise"
pairedall_three_year_early_D2_vs_mean_missing_pool_mean_b1,three_year_early,1%,D2 minus mean,-14.953417,-25.371387,-2.855200,"paired bootstrap on the difference, same frozen draws; exploratory, pointwise"
pairedall_three_year_early_D2_vs_mean_missing_zero_citation_percentile_b1,three_year_early,1%,D2 minus mean,-18.463116,-30.828423,-4.075670,"paired bootstrap on the difference, same frozen draws; exploratory, pointwise"
pairedall_three_year_early_mean_vs_lottery_observed_only_b1,three_year_early,1%,mean minus lottery,17.622841,7.358070,23.864479,"paired bootstrap on the difference, same frozen draws; exploratory, pointwise"
pairedall_three_year_early_mean_vs_lottery_missing_percentile_0_b1,three_year_early,1%,mean minus lottery,20.239042,7.615668,27.332621,"paired bootstrap on the difference, same frozen draws; exploratory, pointwise"
pairedall_three_year_early_mean_vs_lottery_missing_pool_mean_b1,three_year_early,1%,mean minus lottery,16.310747,6.622102,22.249554,"paired bootstrap on the difference, same frozen draws; exploratory, pointwise"
pairedall_three_year_early_mean_vs_lottery_missing_zero_citation_percentile_b1,three_year_early,1%,mean minus lottery,19.019984,7.538832,25.671922,"paired bootstrap on the difference, same frozen draws; exploratory, pointwise"
pairedall_three_year_early_mean_vs_D2_observed_only_b1,three_year_early,1%,mean minus D2,16.061047,2.473305,28.629250,"paired bootstrap on the difference, same frozen draws; exploratory, pointwise"
pairedall_three_year_early_mean_vs_D2_missing_percentile_0_b1,three_year_early,1%,mean minus D2,20.372815,4.758823,34.053967,"paired bootstrap on the difference, same frozen draws; exploratory, pointwise"
pairedall_three_year_early_mean_vs_D2_missing_pool_mean_b1,three_year_early,1%,mean minus D2,14.953417,2.855200,25.371387,"paired bootstrap on the difference, same frozen draws; exploratory, pointwise"
pairedall_three_year_early_mean_vs_D2_missing_zero_citation_percentile_b1,three_year_early,1%,mean minus D2,18.463116,4.075670,30.828423,"paired bootstrap on the difference, same frozen draws; exploratory, pointwise"
pairedall_three_year_early_variance_vs_lottery_observed_only_b1,three_year_early,1%,variance minus lottery,0.369621,-9.120615,11.989199,"paired bootstrap on the difference, same frozen draws; exploratory, pointwise"
pairedall_three_year_early_variance_vs_lottery_missing_percentile_0_b1,three_year_early,1%,variance minus lottery,1.480867,-7.827744,12.968515,"paired bootstrap on the difference, same frozen draws; exploratory, pointwise"
pairedall_three_year_early_variance_vs_lottery_missing_pool_mean_b1,three_year_early,1%,variance minus lottery,0.262271,-7.794510,10.364509,"paired bootstrap on the difference, same frozen draws; exploratory, pointwise"
pairedall_three_year_early_variance_vs_lottery_missing_zero_citation_percentile_b1,three_year_early,1%,variance minus lottery,1.216659,-7.423102,11.960792,"paired bootstrap on the difference, same frozen draws; exploratory, pointwise"
pairedall_three_year_early_variance_vs_mean_observed_only_b1,three_year_early,1%,variance minus mean,-17.253220,-27.160236,-1.676602,"paired bootstrap on the difference, same frozen draws; exploratory, pointwise"
pairedall_three_year_early_variance_vs_mean_missing_percentile_0_b1,three_year_early,1%,variance minus mean,-18.758175,-28.677579,-2.092356,"paired bootstrap on the difference, same frozen draws; exploratory, pointwise"
pairedall_three_year_early_variance_vs_mean_missing_pool_mean_b1,three_year_early,1%,variance minus mean,-16.048476,-25.072701,-1.942906,"paired bootstrap on the difference, same frozen draws; exploratory, pointwise"
pairedall_three_year_early_variance_vs_mean_missing_zero_citation_percentile_b1,three_year_early,1%,variance minus mean,-17.803326,-26.992058,-2.539670,"paired bootstrap on the difference, same frozen draws; exploratory, pointwise"
pairedall_three_year_early_variance_vs_D2_observed_only_b1,three_year_early,1%,variance minus D2,-1.192173,-9.632265,11.933277,"paired bootstrap on the difference, same frozen draws; exploratory, pointwise"
pairedall_three_year_early_variance_vs_D2_missing_percentile_0_b1,three_year_early,1%,variance minus D2,1.614640,-7.403463,16.267992,"paired bootstrap on the difference, same frozen draws; exploratory, pointwise"
pairedall_three_year_early_variance_vs_D2_missing_pool_mean_b1,three_year_early,1%,variance minus D2,-1.095059,-8.333868,9.892300,"paired bootstrap on the difference, same frozen draws; exploratory, pointwise"
pairedall_three_year_early_variance_vs_D2_missing_zero_citation_percentile_b1,three_year_early,1%,variance minus D2,0.659791,-7.219508,13.826417,"paired bootstrap on the difference, same frozen draws; exploratory, pointwise"
pairedall_three_year_early_max_vs_lottery_observed_only_b1,three_year_early,1%,max minus lottery,12.246117,-0.173072,23.034544,"paired bootstrap on the difference, same frozen draws; exploratory, pointwise"
pairedall_three_year_early_max_vs_lottery_missing_percentile_0_b1,three_year_early,1%,max minus lottery,5.221677,-4.657497,18.064317,"paired bootstrap on the difference, same frozen draws; exploratory, pointwise"
pairedall_three_year_early_max_vs_lottery_missing_pool_mean_b1,three_year_early,1%,max minus lottery,9.433250,0.172713,18.440031,"paired bootstrap on the difference, same frozen draws; exploratory, pointwise"
pairedall_three_year_early_max_vs_lottery_missing_zero_citation_percentile_b1,three_year_early,1%,max minus lottery,6.494510,-3.222704,18.058039,"paired bootstrap on the difference, same frozen draws; exploratory, pointwise"
pairedall_three_year_early_max_vs_mean_observed_only_b1,three_year_early,1%,max minus mean,-5.376724,-17.328236,8.710588,"paired bootstrap on the difference, same frozen draws; exploratory, pointwise"
pairedall_three_year_early_max_vs_mean_missing_percentile_0_b1,three_year_early,1%,max minus mean,-15.017365,-24.294916,3.000451,"paired bootstrap on the difference, same frozen draws; exploratory, pointwise"
pairedall_three_year_early_max_vs_mean_missing_pool_mean_b1,three_year_early,1%,max minus mean,-6.877497,-15.979236,6.055188,"paired bootstrap on the difference, same frozen draws; exploratory, pointwise"
pairedall_three_year_early_max_vs_mean_missing_zero_citation_percentile_b1,three_year_early,1%,max minus mean,-12.525474,-21.426103,3.556195,"paired bootstrap on the difference, same frozen draws; exploratory, pointwise"
pairedall_three_year_early_max_vs_D2_observed_only_b1,three_year_early,1%,max minus D2,10.684323,-2.435579,25.778174,"paired bootstrap on the difference, same frozen draws; exploratory, pointwise"
pairedall_three_year_early_max_vs_D2_missing_percentile_0_b1,three_year_early,1%,max minus D2,5.355450,-5.614342,23.126306,"paired bootstrap on the difference, same frozen draws; exploratory, pointwise"
pairedall_three_year_early_max_vs_D2_missing_pool_mean_b1,three_year_early,1%,max minus D2,8.075920,-1.750782,20.617233,"paired bootstrap on the difference, same frozen draws; exploratory, pointwise"
pairedall_three_year_early_max_vs_D2_missing_zero_citation_percentile_b1,three_year_early,1%,max minus D2,5.937642,-4.141357,21.877563,"paired bootstrap on the difference, same frozen draws; exploratory, pointwise"
pairedall_three_year_early_max_resid_vs_lottery_observed_only_b1,three_year_early,1%,max_resid minus lottery,-3.441336,-12.162964,9.782145,"paired bootstrap on the difference, same frozen draws; exploratory, pointwise"
pairedall_three_year_early_max_resid_vs_lottery_missing_percentile_0_b1,three_year_early,1%,max_resid minus lottery,-6.543914,-14.286008,7.445512,"paired bootstrap on the difference, same frozen draws; exploratory, pointwise"
pairedall_three_year_early_max_resid_vs_lottery_missing_pool_mean_b1,three_year_early,1%,max_resid minus lottery,-2.387356,-8.953578,7.850313,"paired bootstrap on the difference, same frozen draws; exploratory, pointwise"
pairedall_three_year_early_max_resid_vs_lottery_missing_zero_citation_percentile_b1,three_year_early,1%,max_resid minus lottery,-5.163345,-11.977894,7.461792,"paired bootstrap on the difference, same frozen draws; exploratory, pointwise"
pairedall_three_year_early_max_resid_vs_mean_observed_only_b1,three_year_early,1%,max_resid minus mean,-21.064178,-30.473804,-3.302600,"paired bootstrap on the difference, same frozen draws; exploratory, pointwise"
pairedall_three_year_early_max_resid_vs_mean_missing_percentile_0_b1,three_year_early,1%,max_resid minus mean,-26.782955,-36.606076,-6.513205,"paired bootstrap on the difference, same frozen draws; exploratory, pointwise"
pairedall_three_year_early_max_resid_vs_mean_missing_pool_mean_b1,three_year_early,1%,max_resid minus mean,-18.698102,-26.758364,-3.760942,"paired bootstrap on the difference, same frozen draws; exploratory, pointwise"
pairedall_three_year_early_max_resid_vs_mean_missing_zero_citation_percentile_b1,three_year_early,1%,max_resid minus mean,-24.183329,-33.093656,-5.906427,"paired bootstrap on the difference, same frozen draws; exploratory, pointwise"
pairedall_three_year_early_max_resid_vs_D2_observed_only_b1,three_year_early,1%,max_resid minus D2,-5.003131,-10.873032,8.484379,"paired bootstrap on the difference, same frozen draws; exploratory, pointwise"
pairedall_three_year_early_max_resid_vs_D2_missing_percentile_0_b1,three_year_early,1%,max_resid minus D2,-6.410140,-11.325589,7.037682,"paired bootstrap on the difference, same frozen draws; exploratory, pointwise"
pairedall_three_year_early_max_resid_vs_D2_missing_pool_mean_b1,three_year_early,1%,max_resid minus D2,-3.744685,-8.089733,6.986983,"paired bootstrap on the difference, same frozen draws; exploratory, pointwise"
pairedall_three_year_early_max_resid_vs_D2_missing_zero_citation_percentile_b1,three_year_early,1%,max_resid minus D2,-5.720213,-10.174382,6.503983,"paired bootstrap on the difference, same frozen draws; exploratory, pointwise"
pairedall_three_year_early_lottery_vs_mean_observed_only_b1,three_year_early,1%,lottery minus mean,-17.622841,-23.864479,-7.358070,"paired bootstrap on the difference, same frozen draws; exploratory, pointwise"
pairedall_three_year_early_lottery_vs_mean_missing_percentile_0_b1,three_year_early,1%,lottery minus mean,-20.239042,-27.332621,-7.615668,"paired bootstrap on the difference, same frozen draws; exploratory, pointwise"
pairedall_three_year_early_lottery_vs_mean_missing_pool_mean_b1,three_year_early,1%,lottery minus mean,-16.310747,-22.249554,-6.622102,"paired bootstrap on the difference, same frozen draws; exploratory, pointwise"
pairedall_three_year_early_lottery_vs_mean_missing_zero_citation_percentile_b1,three_year_early,1%,lottery minus mean,-19.019984,-25.671922,-7.538832,"paired bootstrap on the difference, same frozen draws; exploratory, pointwise"
pairedall_three_year_early_lottery_vs_D2_observed_only_b1,three_year_early,1%,lottery minus D2,-1.561794,-10.121691,10.004004,"paired bootstrap on the difference, same frozen draws; exploratory, pointwise"
pairedall_three_year_early_lottery_vs_D2_missing_percentile_0_b1,three_year_early,1%,lottery minus D2,0.133774,-8.684289,11.731155,"paired bootstrap on the difference, same frozen draws; exploratory, pointwise"
pairedall_three_year_early_lottery_vs_D2_missing_pool_mean_b1,three_year_early,1%,lottery minus D2,-1.357330,-8.230187,7.627188,"paired bootstrap on the difference, same frozen draws; exploratory, pointwise"
pairedall_three_year_early_lottery_vs_D2_missing_zero_citation_percentile_b1,three_year_early,1%,lottery minus D2,-0.556868,-8.457824,9.818428,"paired bootstrap on the difference, same frozen draws; exploratory, pointwise"
pairedall_three_year_early_D2_vs_lottery_observed_only_b2,three_year_early,2%,D2 minus lottery,0.622285,-7.763406,7.497452,"paired bootstrap on the difference, same frozen draws; exploratory, pointwise"
pairedall_three_year_early_D2_vs_lottery_missing_percentile_0_b2,three_year_early,2%,D2 minus lottery,-0.994109,-8.618962,5.718053,"paired bootstrap on the difference, same frozen draws; exploratory, pointwise"
pairedall_three_year_early_D2_vs_lottery_missing_pool_mean_b2,three_year_early,2%,D2 minus lottery,0.562064,-6.023509,6.110590,"paired bootstrap on the difference, same frozen draws; exploratory, pointwise"
pairedall_three_year_early_D2_vs_lottery_missing_zero_citation_percentile_b2,three_year_early,2%,D2 minus lottery,-0.406807,-7.526955,5.773081,"paired bootstrap on the difference, same frozen draws; exploratory, pointwise"
pairedall_three_year_early_D2_vs_mean_observed_only_b2,three_year_early,2%,D2 minus mean,-9.759509,-22.982887,-2.074751,"paired bootstrap on the difference, same frozen draws; exploratory, pointwise"
pairedall_three_year_early_D2_vs_mean_missing_percentile_0_b2,three_year_early,2%,D2 minus mean,-9.530742,-23.038253,-1.758852,"paired bootstrap on the difference, same frozen draws; exploratory, pointwise"
pairedall_three_year_early_D2_vs_mean_missing_pool_mean_b2,three_year_early,2%,D2 minus mean,-8.240208,-19.664786,-1.985519,"paired bootstrap on the difference, same frozen draws; exploratory, pointwise"
pairedall_three_year_early_D2_vs_mean_missing_zero_citation_percentile_b2,three_year_early,2%,D2 minus mean,-9.007835,-21.638452,-1.758082,"paired bootstrap on the difference, same frozen draws; exploratory, pointwise"
pairedall_three_year_early_mean_vs_lottery_observed_only_b2,three_year_early,2%,mean minus lottery,10.381794,5.057676,19.450116,"paired bootstrap on the difference, same frozen draws; exploratory, pointwise"
pairedall_three_year_early_mean_vs_lottery_missing_percentile_0_b2,three_year_early,2%,mean minus lottery,8.536634,3.484515,18.401002,"paired bootstrap on the difference, same frozen draws; exploratory, pointwise"
pairedall_three_year_early_mean_vs_lottery_missing_pool_mean_b2,three_year_early,2%,mean minus lottery,8.802273,4.420526,16.667523,"paired bootstrap on the difference, same frozen draws; exploratory, pointwise"
pairedall_three_year_early_mean_vs_lottery_missing_zero_citation_percentile_b2,three_year_early,2%,mean minus lottery,8.601028,4.026314,17.783945,"paired bootstrap on the difference, same frozen draws; exploratory, pointwise"
pairedall_three_year_early_mean_vs_D2_observed_only_b2,three_year_early,2%,mean minus D2,9.759509,2.074751,22.982887,"paired bootstrap on the difference, same frozen draws; exploratory, pointwise"
pairedall_three_year_early_mean_vs_D2_missing_percentile_0_b2,three_year_early,2%,mean minus D2,9.530742,1.758852,23.038253,"paired bootstrap on the difference, same frozen draws; exploratory, pointwise"
pairedall_three_year_early_mean_vs_D2_missing_pool_mean_b2,three_year_early,2%,mean minus D2,8.240208,1.985519,19.664786,"paired bootstrap on the difference, same frozen draws; exploratory, pointwise"
pairedall_three_year_early_mean_vs_D2_missing_zero_citation_percentile_b2,three_year_early,2%,mean minus D2,9.007835,1.758082,21.638452,"paired bootstrap on the difference, same frozen draws; exploratory, pointwise"
pairedall_three_year_early_variance_vs_lottery_observed_only_b2,three_year_early,2%,variance minus lottery,1.623008,-6.206779,8.931580,"paired bootstrap on the difference, same frozen draws; exploratory, pointwise"
pairedall_three_year_early_variance_vs_lottery_missing_percentile_0_b2,three_year_early,2%,variance minus lottery,3.256999,-5.397860,9.864591,"paired bootstrap on the difference, same frozen draws; exploratory, pointwise"
pairedall_three_year_early_variance_vs_lottery_missing_pool_mean_b2,three_year_early,2%,variance minus lottery,1.274194,-5.370221,7.681529,"paired bootstrap on the difference, same frozen draws; exploratory, pointwise"
pairedall_three_year_early_variance_vs_lottery_missing_zero_citation_percentile_b2,three_year_early,2%,variance minus lottery,2.695644,-5.030053,8.881204,"paired bootstrap on the difference, same frozen draws; exploratory, pointwise"
pairedall_three_year_early_variance_vs_mean_observed_only_b2,three_year_early,2%,variance minus mean,-8.758786,-21.335837,-0.976995,"paired bootstrap on the difference, same frozen draws; exploratory, pointwise"
pairedall_three_year_early_variance_vs_mean_missing_percentile_0_b2,three_year_early,2%,variance minus mean,-5.279635,-19.360464,1.705602,"paired bootstrap on the difference, same frozen draws; exploratory, pointwise"
pairedall_three_year_early_variance_vs_mean_missing_pool_mean_b2,three_year_early,2%,variance minus mean,-7.528079,-18.447147,-0.906434,"paired bootstrap on the difference, same frozen draws; exploratory, pointwise"
pairedall_three_year_early_variance_vs_mean_missing_zero_citation_percentile_b2,three_year_early,2%,variance minus mean,-5.905383,-18.694969,1.093862,"paired bootstrap on the difference, same frozen draws; exploratory, pointwise"
pairedall_three_year_early_variance_vs_D2_observed_only_b2,three_year_early,2%,variance minus D2,1.000723,-6.743885,10.177597,"paired bootstrap on the difference, same frozen draws; exploratory, pointwise"
pairedall_three_year_early_variance_vs_D2_missing_percentile_0_b2,three_year_early,2%,variance minus D2,4.251108,-4.382077,12.484928,"paired bootstrap on the difference, same frozen draws; exploratory, pointwise"
pairedall_three_year_early_variance_vs_D2_missing_pool_mean_b2,three_year_early,2%,variance minus D2,0.712129,-5.928475,8.649561,"paired bootstrap on the difference, same frozen draws; exploratory, pointwise"
pairedall_three_year_early_variance_vs_D2_missing_zero_citation_percentile_b2,three_year_early,2%,variance minus D2,3.102452,-4.838850,11.019489,"paired bootstrap on the difference, same frozen draws; exploratory, pointwise"
pairedall_three_year_early_max_vs_lottery_observed_only_b2,three_year_early,2%,max minus lottery,12.281716,3.504524,19.511591,"paired bootstrap on the difference, same frozen draws; exploratory, pointwise"
pairedall_three_year_early_max_vs_lottery_missing_percentile_0_b2,three_year_early,2%,max minus lottery,7.547929,-0.010471,15.132008,"paired bootstrap on the difference, same frozen draws; exploratory, pointwise"
pairedall_three_year_early_max_vs_lottery_missing_pool_mean_b2,three_year_early,2%,max minus lottery,9.845971,2.922658,15.499969,"paired bootstrap on the difference, same frozen draws; exploratory, pointwise"
pairedall_three_year_early_max_vs_lottery_missing_zero_citation_percentile_b2,three_year_early,2%,max minus lottery,8.298235,1.076711,15.129522,"paired bootstrap on the difference, same frozen draws; exploratory, pointwise"
pairedall_three_year_early_max_vs_mean_observed_only_b2,three_year_early,2%,max minus mean,1.899922,-10.716910,8.679960,"paired bootstrap on the difference, same frozen draws; exploratory, pointwise"
pairedall_three_year_early_max_vs_mean_missing_percentile_0_b2,three_year_early,2%,max minus mean,-0.988705,-13.502200,5.830180,"paired bootstrap on the difference, same frozen draws; exploratory, pointwise"
pairedall_three_year_early_max_vs_mean_missing_pool_mean_b2,three_year_early,2%,max minus mean,1.043698,-9.718763,6.439912,"paired bootstrap on the difference, same frozen draws; exploratory, pointwise"
pairedall_three_year_early_max_vs_mean_missing_zero_citation_percentile_b2,three_year_early,2%,max minus mean,-0.302793,-12.099459,6.074832,"paired bootstrap on the difference, same frozen draws; exploratory, pointwise"
pairedall_three_year_early_max_vs_D2_observed_only_b2,three_year_early,2%,max minus D2,11.659431,2.141758,21.061721,"paired bootstrap on the difference, same frozen draws; exploratory, pointwise"
pairedall_three_year_early_max_vs_D2_missing_percentile_0_b2,three_year_early,2%,max minus D2,8.542037,-0.079324,18.703337,"paired bootstrap on the difference, same frozen draws; exploratory, pointwise"
pairedall_three_year_early_max_vs_D2_missing_pool_mean_b2,three_year_early,2%,max minus D2,9.283907,1.806221,17.035402,"paired bootstrap on the difference, same frozen draws; exploratory, pointwise"
pairedall_three_year_early_max_vs_D2_missing_zero_citation_percentile_b2,three_year_early,2%,max minus D2,8.705042,0.807092,17.674209,"paired bootstrap on the difference, same frozen draws; exploratory, pointwise"
pairedall_three_year_early_max_resid_vs_lottery_observed_only_b2,three_year_early,2%,max_resid minus lottery,1.086389,-6.104338,8.692660,"paired bootstrap on the difference, same frozen draws; exploratory, pointwise"
pairedall_three_year_early_max_resid_vs_lottery_missing_percentile_0_b2,three_year_early,2%,max_resid minus lottery,0.060328,-7.112907,7.468160,"paired bootstrap on the difference, same frozen draws; exploratory, pointwise"
pairedall_three_year_early_max_resid_vs_lottery_missing_pool_mean_b2,three_year_early,2%,max_resid minus lottery,0.823401,-5.101344,7.153242,"paired bootstrap on the difference, same frozen draws; exploratory, pointwise"
pairedall_three_year_early_max_resid_vs_lottery_missing_zero_citation_percentile_b2,three_year_early,2%,max_resid minus lottery,0.403496,-6.180732,7.295211,"paired bootstrap on the difference, same frozen draws; exploratory, pointwise"
pairedall_three_year_early_max_resid_vs_mean_observed_only_b2,three_year_early,2%,max_resid minus mean,-9.295406,-21.875844,-0.938683,"paired bootstrap on the difference, same frozen draws; exploratory, pointwise"
pairedall_three_year_early_max_resid_vs_mean_missing_percentile_0_b2,three_year_early,2%,max_resid minus mean,-8.476306,-21.714731,0.171887,"paired bootstrap on the difference, same frozen draws; exploratory, pointwise"
pairedall_three_year_early_max_resid_vs_mean_missing_pool_mean_b2,three_year_early,2%,max_resid minus mean,-7.978872,-18.391456,-1.032695,"paired bootstrap on the difference, same frozen draws; exploratory, pointwise"
pairedall_three_year_early_max_resid_vs_mean_missing_zero_citation_percentile_b2,three_year_early,2%,max_resid minus mean,-8.197532,-20.321137,-0.202864,"paired bootstrap on the difference, same frozen draws; exploratory, pointwise"
pairedall_three_year_early_max_resid_vs_D2_observed_only_b2,three_year_early,2%,max_resid minus D2,0.464104,-5.482125,8.820191,"paired bootstrap on the difference, same frozen draws; exploratory, pointwise"
pairedall_three_year_early_max_resid_vs_D2_missing_percentile_0_b2,three_year_early,2%,max_resid minus D2,1.054436,-4.529573,8.615676,"paired bootstrap on the difference, same frozen draws; exploratory, pointwise"
pairedall_three_year_early_max_resid_vs_D2_missing_pool_mean_b2,three_year_early,2%,max_resid minus D2,0.261336,-4.465051,7.211681,"paired bootstrap on the difference, same frozen draws; exploratory, pointwise"
pairedall_three_year_early_max_resid_vs_D2_missing_zero_citation_percentile_b2,three_year_early,2%,max_resid minus D2,0.810303,-4.458604,7.892998,"paired bootstrap on the difference, same frozen draws; exploratory, pointwise"
pairedall_three_year_early_lottery_vs_mean_observed_only_b2,three_year_early,2%,lottery minus mean,-10.381794,-19.450116,-5.057676,"paired bootstrap on the difference, same frozen draws; exploratory, pointwise"
pairedall_three_year_early_lottery_vs_mean_missing_percentile_0_b2,three_year_early,2%,lottery minus mean,-8.536634,-18.401002,-3.484515,"paired bootstrap on the difference, same frozen draws; exploratory, pointwise"
pairedall_three_year_early_lottery_vs_mean_missing_pool_mean_b2,three_year_early,2%,lottery minus mean,-8.802273,-16.667523,-4.420526,"paired bootstrap on the difference, same frozen draws; exploratory, pointwise"
pairedall_three_year_early_lottery_vs_mean_missing_zero_citation_percentile_b2,three_year_early,2%,lottery minus mean,-8.601028,-17.783945,-4.026314,"paired bootstrap on the difference, same frozen draws; exploratory, pointwise"
pairedall_three_year_early_lottery_vs_D2_observed_only_b2,three_year_early,2%,lottery minus D2,-0.622285,-7.497452,7.763406,"paired bootstrap on the difference, same frozen draws; exploratory, pointwise"
pairedall_three_year_early_lottery_vs_D2_missing_percentile_0_b2,three_year_early,2%,lottery minus D2,0.994109,-5.718053,8.618962,"paired bootstrap on the difference, same frozen draws; exploratory, pointwise"
pairedall_three_year_early_lottery_vs_D2_missing_pool_mean_b2,three_year_early,2%,lottery minus D2,-0.562064,-6.110590,6.023509,"paired bootstrap on the difference, same frozen draws; exploratory, pointwise"
pairedall_three_year_early_lottery_vs_D2_missing_zero_citation_percentile_b2,three_year_early,2%,lottery minus D2,0.406807,-5.773081,7.526955,"paired bootstrap on the difference, same frozen draws; exploratory, pointwise"
pairedall_three_year_early_D2_vs_lottery_observed_only_b5,three_year_early,5%,D2 minus lottery,-3.446214,-8.319587,1.440499,"paired bootstrap on the difference, same frozen draws; exploratory, pointwise"
pairedall_three_year_early_D2_vs_lottery_missing_percentile_0_b5,three_year_early,5%,D2 minus lottery,-5.575491,-9.824578,-0.797559,"paired bootstrap on the difference, same frozen draws; exploratory, pointwise"
pairedall_three_year_early_D2_vs_lottery_missing_pool_mean_b5,three_year_early,5%,D2 minus lottery,-2.497226,-6.372112,1.219168,"paired bootstrap on the difference, same frozen draws; exploratory, pointwise"
pairedall_three_year_early_D2_vs_lottery_missing_zero_citation_percentile_b5,three_year_early,5%,D2 minus lottery,-4.597629,-8.481327,-0.189020,"paired bootstrap on the difference, same frozen draws; exploratory, pointwise"
pairedall_three_year_early_D2_vs_mean_observed_only_b5,three_year_early,5%,D2 minus mean,-15.791524,-22.182230,-8.794717,"paired bootstrap on the difference, same frozen draws; exploratory, pointwise"
pairedall_three_year_early_D2_vs_mean_missing_percentile_0_b5,three_year_early,5%,D2 minus mean,-17.440533,-23.319930,-10.146756,"paired bootstrap on the difference, same frozen draws; exploratory, pointwise"
pairedall_three_year_early_D2_vs_mean_missing_pool_mean_b5,three_year_early,5%,D2 minus mean,-13.134990,-18.597331,-7.529981,"paired bootstrap on the difference, same frozen draws; exploratory, pointwise"
pairedall_three_year_early_D2_vs_mean_missing_zero_citation_percentile_b5,three_year_early,5%,D2 minus mean,-16.069423,-21.551037,-9.416682,"paired bootstrap on the difference, same frozen draws; exploratory, pointwise"
pairedall_three_year_early_mean_vs_lottery_observed_only_b5,three_year_early,5%,mean minus lottery,12.345310,7.274951,16.547366,"paired bootstrap on the difference, same frozen draws; exploratory, pointwise"
pairedall_three_year_early_mean_vs_lottery_missing_percentile_0_b5,three_year_early,5%,mean minus lottery,11.865042,6.595966,16.007761,"paired bootstrap on the difference, same frozen draws; exploratory, pointwise"
pairedall_three_year_early_mean_vs_lottery_missing_pool_mean_b5,three_year_early,5%,mean minus lottery,10.637764,6.203256,14.228665,"paired bootstrap on the difference, same frozen draws; exploratory, pointwise"
pairedall_three_year_early_mean_vs_lottery_missing_zero_citation_percentile_b5,three_year_early,5%,mean minus lottery,11.471794,6.580477,15.430097,"paired bootstrap on the difference, same frozen draws; exploratory, pointwise"
pairedall_three_year_early_mean_vs_D2_observed_only_b5,three_year_early,5%,mean minus D2,15.791524,8.794717,22.182230,"paired bootstrap on the difference, same frozen draws; exploratory, pointwise"
pairedall_three_year_early_mean_vs_D2_missing_percentile_0_b5,three_year_early,5%,mean minus D2,17.440533,10.146756,23.319930,"paired bootstrap on the difference, same frozen draws; exploratory, pointwise"
pairedall_three_year_early_mean_vs_D2_missing_pool_mean_b5,three_year_early,5%,mean minus D2,13.134990,7.529981,18.597331,"paired bootstrap on the difference, same frozen draws; exploratory, pointwise"
pairedall_three_year_early_mean_vs_D2_missing_zero_citation_percentile_b5,three_year_early,5%,mean minus D2,16.069423,9.416682,21.551037,"paired bootstrap on the difference, same frozen draws; exploratory, pointwise"
pairedall_three_year_early_variance_vs_lottery_observed_only_b5,three_year_early,5%,variance minus lottery,1.437992,-3.056908,6.936970,"paired bootstrap on the difference, same frozen draws; exploratory, pointwise"
pairedall_three_year_early_variance_vs_lottery_missing_percentile_0_b5,three_year_early,5%,variance minus lottery,0.993807,-3.390228,6.232172,"paired bootstrap on the difference, same frozen draws; exploratory, pointwise"
pairedall_three_year_early_variance_vs_lottery_missing_pool_mean_b5,three_year_early,5%,variance minus lottery,1.142573,-2.648510,5.690014,"paired bootstrap on the difference, same frozen draws; exploratory, pointwise"
pairedall_three_year_early_variance_vs_lottery_missing_zero_citation_percentile_b5,three_year_early,5%,variance minus lottery,1.074064,-2.953992,5.950482,"paired bootstrap on the difference, same frozen draws; exploratory, pointwise"
pairedall_three_year_early_variance_vs_mean_observed_only_b5,three_year_early,5%,variance minus mean,-10.907317,-16.807769,-3.187483,"paired bootstrap on the difference, same frozen draws; exploratory, pointwise"
pairedall_three_year_early_variance_vs_mean_missing_percentile_0_b5,three_year_early,5%,variance minus mean,-10.871235,-17.107305,-3.478993,"paired bootstrap on the difference, same frozen draws; exploratory, pointwise"
pairedall_three_year_early_variance_vs_mean_missing_pool_mean_b5,three_year_early,5%,variance minus mean,-9.495192,-14.577693,-3.038634,"paired bootstrap on the difference, same frozen draws; exploratory, pointwise"
pairedall_three_year_early_variance_vs_mean_missing_zero_citation_percentile_b5,three_year_early,5%,variance minus mean,-10.397730,-16.260586,-3.515900,"paired bootstrap on the difference, same frozen draws; exploratory, pointwise"
pairedall_three_year_early_variance_vs_D2_observed_only_b5,three_year_early,5%,variance minus D2,4.884207,-0.135970,10.943224,"paired bootstrap on the difference, same frozen draws; exploratory, pointwise"
pairedall_three_year_early_variance_vs_D2_missing_percentile_0_b5,three_year_early,5%,variance minus D2,6.569297,1.684908,11.716165,"paired bootstrap on the difference, same frozen draws; exploratory, pointwise"
pairedall_three_year_early_variance_vs_D2_missing_pool_mean_b5,three_year_early,5%,variance minus D2,3.639799,-0.298967,8.709226,"paired bootstrap on the difference, same frozen draws; exploratory, pointwise"
pairedall_three_year_early_variance_vs_D2_missing_zero_citation_percentile_b5,three_year_early,5%,variance minus D2,5.671693,1.148944,10.595315,"paired bootstrap on the difference, same frozen draws; exploratory, pointwise"
pairedall_three_year_early_max_vs_lottery_observed_only_b5,three_year_early,5%,max minus lottery,10.119186,5.455359,15.464448,"paired bootstrap on the difference, same frozen draws; exploratory, pointwise"
pairedall_three_year_early_max_vs_lottery_missing_percentile_0_b5,three_year_early,5%,max minus lottery,8.237717,3.140021,13.389302,"paired bootstrap on the difference, same frozen draws; exploratory, pointwise"
pairedall_three_year_early_max_vs_lottery_missing_pool_mean_b5,three_year_early,5%,max minus lottery,8.430835,4.426320,12.921325,"paired bootstrap on the difference, same frozen draws; exploratory, pointwise"
pairedall_three_year_early_max_vs_lottery_missing_zero_citation_percentile_b5,three_year_early,5%,max minus lottery,8.305622,3.782862,13.127324,"paired bootstrap on the difference, same frozen draws; exploratory, pointwise"
pairedall_three_year_early_max_vs_mean_observed_only_b5,three_year_early,5%,max minus mean,-2.226123,-7.173728,4.505023,"paired bootstrap on the difference, same frozen draws; exploratory, pointwise"
pairedall_three_year_early_max_vs_mean_missing_percentile_0_b5,three_year_early,5%,max minus mean,-3.627325,-9.186579,3.060536,"paired bootstrap on the difference, same frozen draws; exploratory, pointwise"
pairedall_three_year_early_max_vs_mean_missing_pool_mean_b5,three_year_early,5%,max minus mean,-2.206929,-6.504658,3.484416,"paired bootstrap on the difference, same frozen draws; exploratory, pointwise"
pairedall_three_year_early_max_vs_mean_missing_zero_citation_percentile_b5,three_year_early,5%,max minus mean,-3.166171,-8.233914,3.065538,"paired bootstrap on the difference, same frozen draws; exploratory, pointwise"
pairedall_three_year_early_max_vs_D2_observed_only_b5,three_year_early,5%,max minus D2,13.565400,7.917959,20.345403,"paired bootstrap on the difference, same frozen draws; exploratory, pointwise"
pairedall_three_year_early_max_vs_D2_missing_percentile_0_b5,three_year_early,5%,max minus D2,13.813207,7.905070,19.548417,"paired bootstrap on the difference, same frozen draws; exploratory, pointwise"
pairedall_three_year_early_max_vs_D2_missing_pool_mean_b5,three_year_early,5%,max minus D2,10.928062,6.194149,16.423630,"paired bootstrap on the difference, same frozen draws; exploratory, pointwise"
pairedall_three_year_early_max_vs_D2_missing_zero_citation_percentile_b5,three_year_early,5%,max minus D2,12.903252,7.405218,18.496360,"paired bootstrap on the difference, same frozen draws; exploratory, pointwise"
pairedall_three_year_early_max_resid_vs_lottery_observed_only_b5,three_year_early,5%,max_resid minus lottery,1.900213,-3.206422,6.353591,"paired bootstrap on the difference, same frozen draws; exploratory, pointwise"
pairedall_three_year_early_max_resid_vs_lottery_missing_percentile_0_b5,three_year_early,5%,max_resid minus lottery,1.379500,-3.314007,5.953106,"paired bootstrap on the difference, same frozen draws; exploratory, pointwise"
pairedall_three_year_early_max_resid_vs_lottery_missing_pool_mean_b5,three_year_early,5%,max_resid minus lottery,1.528266,-2.738757,5.312417,"paired bootstrap on the difference, same frozen draws; exploratory, pointwise"
pairedall_three_year_early_max_resid_vs_lottery_missing_zero_citation_percentile_b5,three_year_early,5%,max_resid minus lottery,1.459757,-2.931562,5.683134,"paired bootstrap on the difference, same frozen draws; exploratory, pointwise"
pairedall_three_year_early_max_resid_vs_mean_observed_only_b5,three_year_early,5%,max_resid minus mean,-10.445097,-17.050686,-3.934931,"paired bootstrap on the difference, same frozen draws; exploratory, pointwise"
pairedall_three_year_early_max_resid_vs_mean_missing_percentile_0_b5,three_year_early,5%,max_resid minus mean,-10.485542,-16.577484,-3.697157,"paired bootstrap on the difference, same frozen draws; exploratory, pointwise"
pairedall_three_year_early_max_resid_vs_mean_missing_pool_mean_b5,three_year_early,5%,max_resid minus mean,-9.109498,-14.645961,-3.465399,"paired bootstrap on the difference, same frozen draws; exploratory, pointwise"
pairedall_three_year_early_max_resid_vs_mean_missing_zero_citation_percentile_b5,three_year_early,5%,max_resid minus mean,-10.012036,-15.909794,-3.730736,"paired bootstrap on the difference, same frozen draws; exploratory, pointwise"
pairedall_three_year_early_max_resid_vs_D2_observed_only_b5,three_year_early,5%,max_resid minus D2,5.346427,0.692694,9.476930,"paired bootstrap on the difference, same frozen draws; exploratory, pointwise"
pairedall_three_year_early_max_resid_vs_D2_missing_percentile_0_b5,three_year_early,5%,max_resid minus D2,6.954991,2.437134,10.841087,"paired bootstrap on the difference, same frozen draws; exploratory, pointwise"
pairedall_three_year_early_max_resid_vs_D2_missing_pool_mean_b5,three_year_early,5%,max_resid minus D2,4.025493,0.230318,7.446191,"paired bootstrap on the difference, same frozen draws; exploratory, pointwise"
pairedall_three_year_early_max_resid_vs_D2_missing_zero_citation_percentile_b5,three_year_early,5%,max_resid minus D2,6.057387,2.000947,9.617309,"paired bootstrap on the difference, same frozen draws; exploratory, pointwise"
pairedall_three_year_early_lottery_vs_mean_observed_only_b5,three_year_early,5%,lottery minus mean,-12.345310,-16.547366,-7.274951,"paired bootstrap on the difference, same frozen draws; exploratory, pointwise"
pairedall_three_year_early_lottery_vs_mean_missing_percentile_0_b5,three_year_early,5%,lottery minus mean,-11.865042,-16.007761,-6.595966,"paired bootstrap on the difference, same frozen draws; exploratory, pointwise"
pairedall_three_year_early_lottery_vs_mean_missing_pool_mean_b5,three_year_early,5%,lottery minus mean,-10.637764,-14.228665,-6.203256,"paired bootstrap on the difference, same frozen draws; exploratory, pointwise"
pairedall_three_year_early_lottery_vs_mean_missing_zero_citation_percentile_b5,three_year_early,5%,lottery minus mean,-11.471794,-15.430097,-6.580477,"paired bootstrap on the difference, same frozen draws; exploratory, pointwise"
pairedall_three_year_early_lottery_vs_D2_observed_only_b5,three_year_early,5%,lottery minus D2,3.446214,-1.440499,8.319587,"paired bootstrap on the difference, same frozen draws; exploratory, pointwise"
pairedall_three_year_early_lottery_vs_D2_missing_percentile_0_b5,three_year_early,5%,lottery minus D2,5.575491,0.797559,9.824578,"paired bootstrap on the difference, same frozen draws; exploratory, pointwise"
pairedall_three_year_early_lottery_vs_D2_missing_pool_mean_b5,three_year_early,5%,lottery minus D2,2.497226,-1.219168,6.372112,"paired bootstrap on the difference, same frozen draws; exploratory, pointwise"
pairedall_three_year_early_lottery_vs_D2_missing_zero_citation_percentile_b5,three_year_early,5%,lottery minus D2,4.597629,0.189020,8.481327,"paired bootstrap on the difference, same frozen draws; exploratory, pointwise"
pairedall_three_year_early_D2_vs_lottery_observed_only_b10,three_year_early,10%,D2 minus lottery,-1.063745,-4.806011,1.910422,"paired bootstrap on the difference, same frozen draws; exploratory, pointwise"
pairedall_three_year_early_D2_vs_lottery_missing_percentile_0_b10,three_year_early,10%,D2 minus lottery,-2.161908,-5.412645,0.847719,"paired bootstrap on the difference, same frozen draws; exploratory, pointwise"
pairedall_three_year_early_D2_vs_lottery_missing_pool_mean_b10,three_year_early,10%,D2 minus lottery,-0.778343,-3.792382,1.606053,"paired bootstrap on the difference, same frozen draws; exploratory, pointwise"
pairedall_three_year_early_D2_vs_lottery_missing_zero_citation_percentile_b10,three_year_early,10%,D2 minus lottery,-1.715747,-4.796328,0.962988,"paired bootstrap on the difference, same frozen draws; exploratory, pointwise"
pairedall_three_year_early_D2_vs_mean_observed_only_b10,three_year_early,10%,D2 minus mean,-12.146814,-16.868316,-7.859806,"paired bootstrap on the difference, same frozen draws; exploratory, pointwise"
pairedall_three_year_early_D2_vs_mean_missing_percentile_0_b10,three_year_early,10%,D2 minus mean,-13.794296,-18.117885,-9.141302,"paired bootstrap on the difference, same frozen draws; exploratory, pointwise"
pairedall_three_year_early_D2_vs_mean_missing_pool_mean_b10,three_year_early,10%,D2 minus mean,-10.453869,-14.412285,-6.676455,"paired bootstrap on the difference, same frozen draws; exploratory, pointwise"
pairedall_three_year_early_D2_vs_mean_missing_zero_citation_percentile_b10,three_year_early,10%,D2 minus mean,-12.726149,-16.931745,-8.388021,"paired bootstrap on the difference, same frozen draws; exploratory, pointwise"
pairedall_three_year_early_mean_vs_lottery_observed_only_b10,three_year_early,10%,mean minus lottery,11.083069,7.900141,14.096210,"paired bootstrap on the difference, same frozen draws; exploratory, pointwise"
pairedall_three_year_early_mean_vs_lottery_missing_percentile_0_b10,three_year_early,10%,mean minus lottery,11.632388,8.348679,14.653959,"paired bootstrap on the difference, same frozen draws; exploratory, pointwise"
pairedall_three_year_early_mean_vs_lottery_missing_pool_mean_b10,three_year_early,10%,mean minus lottery,9.675526,6.839966,12.266064,"paired bootstrap on the difference, same frozen draws; exploratory, pointwise"
pairedall_three_year_early_mean_vs_lottery_missing_zero_citation_percentile_b10,three_year_early,10%,mean minus lottery,11.010402,7.898778,13.812699,"paired bootstrap on the difference, same frozen draws; exploratory, pointwise"
pairedall_three_year_early_mean_vs_D2_observed_only_b10,three_year_early,10%,mean minus D2,12.146814,7.859806,16.868316,"paired bootstrap on the difference, same frozen draws; exploratory, pointwise"
pairedall_three_year_early_mean_vs_D2_missing_percentile_0_b10,three_year_early,10%,mean minus D2,13.794296,9.141302,18.117885,"paired bootstrap on the difference, same frozen draws; exploratory, pointwise"
pairedall_three_year_early_mean_vs_D2_missing_pool_mean_b10,three_year_early,10%,mean minus D2,10.453869,6.676455,14.412285,"paired bootstrap on the difference, same frozen draws; exploratory, pointwise"
pairedall_three_year_early_mean_vs_D2_missing_zero_citation_percentile_b10,three_year_early,10%,mean minus D2,12.726149,8.388021,16.931745,"paired bootstrap on the difference, same frozen draws; exploratory, pointwise"
pairedall_three_year_early_variance_vs_lottery_observed_only_b10,three_year_early,10%,variance minus lottery,3.575248,0.481938,7.070933,"paired bootstrap on the difference, same frozen draws; exploratory, pointwise"
pairedall_three_year_early_variance_vs_lottery_missing_percentile_0_b10,three_year_early,10%,variance minus lottery,3.661509,0.468720,7.131474,"paired bootstrap on the difference, same frozen draws; exploratory, pointwise"
pairedall_three_year_early_variance_vs_lottery_missing_pool_mean_b10,three_year_early,10%,variance minus lottery,2.998165,0.321807,5.990105,"paired bootstrap on the difference, same frozen draws; exploratory, pointwise"
pairedall_three_year_early_variance_vs_lottery_missing_zero_citation_percentile_b10,three_year_early,10%,variance minus lottery,3.493971,0.528702,6.756261,"paired bootstrap on the difference, same frozen draws; exploratory, pointwise"
pairedall_three_year_early_variance_vs_mean_observed_only_b10,three_year_early,10%,variance minus mean,-7.507821,-11.610395,-2.708753,"paired bootstrap on the difference, same frozen draws; exploratory, pointwise"
pairedall_three_year_early_variance_vs_mean_missing_percentile_0_b10,three_year_early,10%,variance minus mean,-7.970878,-12.165543,-3.200993,"paired bootstrap on the difference, same frozen draws; exploratory, pointwise"
pairedall_three_year_early_variance_vs_mean_missing_pool_mean_b10,three_year_early,10%,variance minus mean,-6.677361,-10.169147,-2.455288,"paired bootstrap on the difference, same frozen draws; exploratory, pointwise"
pairedall_three_year_early_variance_vs_mean_missing_zero_citation_percentile_b10,three_year_early,10%,variance minus mean,-7.516432,-11.366056,-3.096964,"paired bootstrap on the difference, same frozen draws; exploratory, pointwise"
pairedall_three_year_early_variance_vs_D2_observed_only_b10,three_year_early,10%,variance minus D2,4.638994,1.456400,8.883836,"paired bootstrap on the difference, same frozen draws; exploratory, pointwise"
pairedall_three_year_early_variance_vs_D2_missing_percentile_0_b10,three_year_early,10%,variance minus D2,5.823417,2.740866,9.527098,"paired bootstrap on the difference, same frozen draws; exploratory, pointwise"
pairedall_three_year_early_variance_vs_D2_missing_pool_mean_b10,three_year_early,10%,variance minus D2,3.776508,1.183963,7.328939,"paired bootstrap on the difference, same frozen draws; exploratory, pointwise"
pairedall_three_year_early_variance_vs_D2_missing_zero_citation_percentile_b10,three_year_early,10%,variance minus D2,5.209718,2.358247,8.742821,"paired bootstrap on the difference, same frozen draws; exploratory, pointwise"
pairedall_three_year_early_max_vs_lottery_observed_only_b10,three_year_early,10%,max minus lottery,9.019969,6.444530,13.293893,"paired bootstrap on the difference, same frozen draws; exploratory, pointwise"
pairedall_three_year_early_max_vs_lottery_missing_percentile_0_b10,three_year_early,10%,max minus lottery,7.144545,4.389050,11.159722,"paired bootstrap on the difference, same frozen draws; exploratory, pointwise"
pairedall_three_year_early_max_vs_lottery_missing_pool_mean_b10,three_year_early,10%,max minus lottery,7.471280,5.308846,11.027802,"paired bootstrap on the difference, same frozen draws; exploratory, pointwise"
pairedall_three_year_early_max_vs_lottery_missing_zero_citation_percentile_b10,three_year_early,10%,max minus lottery,7.293150,4.826414,11.137810,"paired bootstrap on the difference, same frozen draws; exploratory, pointwise"
pairedall_three_year_early_max_vs_mean_observed_only_b10,three_year_early,10%,max minus mean,-2.063100,-5.291177,2.881607,"paired bootstrap on the difference, same frozen draws; exploratory, pointwise"
pairedall_three_year_early_max_vs_mean_missing_percentile_0_b10,three_year_early,10%,max minus mean,-4.487843,-7.890994,0.476962,"paired bootstrap on the difference, same frozen draws; exploratory, pointwise"
pairedall_three_year_early_max_vs_mean_missing_pool_mean_b10,three_year_early,10%,max minus mean,-2.204246,-4.976851,1.983597,"paired bootstrap on the difference, same frozen draws; exploratory, pointwise"
pairedall_three_year_early_max_vs_mean_missing_zero_citation_percentile_b10,three_year_early,10%,max minus mean,-3.717252,-6.831014,0.821811,"paired bootstrap on the difference, same frozen draws; exploratory, pointwise"
pairedall_three_year_early_max_vs_D2_observed_only_b10,three_year_early,10%,max minus D2,10.083714,7.232686,15.503144,"paired bootstrap on the difference, same frozen draws; exploratory, pointwise"
pairedall_three_year_early_max_vs_D2_missing_percentile_0_b10,three_year_early,10%,max minus D2,9.306452,6.347271,14.278388,"paired bootstrap on the difference, same frozen draws; exploratory, pointwise"
pairedall_three_year_early_max_vs_D2_missing_pool_mean_b10,three_year_early,10%,max minus D2,8.249623,5.928809,12.781280,"paired bootstrap on the difference, same frozen draws; exploratory, pointwise"
pairedall_three_year_early_max_vs_D2_missing_zero_citation_percentile_b10,three_year_early,10%,max minus D2,9.008897,6.374692,13.670778,"paired bootstrap on the difference, same frozen draws; exploratory, pointwise"
pairedall_three_year_early_max_resid_vs_lottery_observed_only_b10,three_year_early,10%,max_resid minus lottery,-1.571349,-4.429024,2.030743,"paired bootstrap on the difference, same frozen draws; exploratory, pointwise"
pairedall_three_year_early_max_resid_vs_lottery_missing_percentile_0_b10,three_year_early,10%,max_resid minus lottery,-1.520878,-4.261320,1.927324,"paired bootstrap on the difference, same frozen draws; exploratory, pointwise"
pairedall_three_year_early_max_resid_vs_lottery_missing_pool_mean_b10,three_year_early,10%,max_resid minus lottery,-1.302454,-3.746646,1.691087,"paired bootstrap on the difference, same frozen draws; exploratory, pointwise"
pairedall_three_year_early_max_resid_vs_lottery_missing_zero_citation_percentile_b10,three_year_early,10%,max_resid minus lottery,-1.418241,-3.998289,1.877182,"paired bootstrap on the difference, same frozen draws; exploratory, pointwise"
pairedall_three_year_early_max_resid_vs_mean_observed_only_b10,three_year_early,10%,max_resid minus mean,-12.654418,-16.653391,-7.886631,"paired bootstrap on the difference, same frozen draws; exploratory, pointwise"
pairedall_three_year_early_max_resid_vs_mean_missing_percentile_0_b10,three_year_early,10%,max_resid minus mean,-13.153266,-17.132193,-8.403080,"paired bootstrap on the difference, same frozen draws; exploratory, pointwise"
pairedall_three_year_early_max_resid_vs_mean_missing_pool_mean_b10,three_year_early,10%,max_resid minus mean,-10.977979,-14.408132,-6.811690,"paired bootstrap on the difference, same frozen draws; exploratory, pointwise"
pairedall_three_year_early_max_resid_vs_mean_missing_zero_citation_percentile_b10,three_year_early,10%,max_resid minus mean,-12.428644,-16.127745,-7.923126,"paired bootstrap on the difference, same frozen draws; exploratory, pointwise"
pairedall_three_year_early_max_resid_vs_D2_observed_only_b10,three_year_early,10%,max_resid minus D2,-0.507604,-2.455786,2.668509,"paired bootstrap on the difference, same frozen draws; exploratory, pointwise"
pairedall_three_year_early_max_resid_vs_D2_missing_percentile_0_b10,three_year_early,10%,max_resid minus D2,0.641029,-1.309587,3.449797,"paired bootstrap on the difference, same frozen draws; exploratory, pointwise"
pairedall_three_year_early_max_resid_vs_D2_missing_pool_mean_b10,three_year_early,10%,max_resid minus D2,-0.524111,-2.121765,2.039824,"paired bootstrap on the difference, same frozen draws; exploratory, pointwise"
pairedall_three_year_early_max_resid_vs_D2_missing_zero_citation_percentile_b10,three_year_early,10%,max_resid minus D2,0.297506,-1.448329,3.015420,"paired bootstrap on the difference, same frozen draws; exploratory, pointwise"
pairedall_three_year_early_lottery_vs_mean_observed_only_b10,three_year_early,10%,lottery minus mean,-11.083069,-14.096210,-7.900141,"paired bootstrap on the difference, same frozen draws; exploratory, pointwise"
pairedall_three_year_early_lottery_vs_mean_missing_percentile_0_b10,three_year_early,10%,lottery minus mean,-11.632388,-14.653959,-8.348679,"paired bootstrap on the difference, same frozen draws; exploratory, pointwise"
pairedall_three_year_early_lottery_vs_mean_missing_pool_mean_b10,three_year_early,10%,lottery minus mean,-9.675526,-12.266064,-6.839966,"paired bootstrap on the difference, same frozen draws; exploratory, pointwise"
pairedall_three_year_early_lottery_vs_mean_missing_zero_citation_percentile_b10,three_year_early,10%,lottery minus mean,-11.010402,-13.812699,-7.898778,"paired bootstrap on the difference, same frozen draws; exploratory, pointwise"
pairedall_three_year_early_lottery_vs_D2_observed_only_b10,three_year_early,10%,lottery minus D2,1.063745,-1.910422,4.806011,"paired bootstrap on the difference, same frozen draws; exploratory, pointwise"
pairedall_three_year_early_lottery_vs_D2_missing_percentile_0_b10,three_year_early,10%,lottery minus D2,2.161908,-0.847719,5.412645,"paired bootstrap on the difference, same frozen draws; exploratory, pointwise"
pairedall_three_year_early_lottery_vs_D2_missing_pool_mean_b10,three_year_early,10%,lottery minus D2,0.778343,-1.606053,3.792382,"paired bootstrap on the difference, same frozen draws; exploratory, pointwise"
pairedall_three_year_early_lottery_vs_D2_missing_zero_citation_percentile_b10,three_year_early,10%,lottery minus D2,1.715747,-0.962988,4.796328,"paired bootstrap on the difference, same frozen draws; exploratory, pointwise"
pairedall_two_year_through_2023_D2_vs_lottery_observed_only_b1,two_year_through_2023,1%,D2 minus lottery,5.607620,-6.206043,13.070326,"paired bootstrap on the difference, same frozen draws; exploratory, pointwise"
pairedall_two_year_through_2023_D2_vs_lottery_missing_percentile_0_b1,two_year_through_2023,1%,D2 minus lottery,1.360507,-9.317685,9.003306,"paired bootstrap on the difference, same frozen draws; exploratory, pointwise"
pairedall_two_year_through_2023_D2_vs_lottery_missing_pool_mean_b1,two_year_through_2023,1%,D2 minus lottery,3.936022,-3.928133,9.274523,"paired bootstrap on the difference, same frozen draws; exploratory, pointwise"
pairedall_two_year_through_2023_D2_vs_lottery_missing_zero_citation_percentile_b1,two_year_through_2023,1%,D2 minus lottery,2.433400,-6.793975,8.822674,"paired bootstrap on the difference, same frozen draws; exploratory, pointwise"
pairedall_two_year_through_2023_D2_vs_mean_observed_only_b1,two_year_through_2023,1%,D2 minus mean,-6.666390,-19.458801,4.562111,"paired bootstrap on the difference, same frozen draws; exploratory, pointwise"
pairedall_two_year_through_2023_D2_vs_mean_missing_percentile_0_b1,two_year_through_2023,1%,D2 minus mean,-11.290234,-23.771407,1.471688,"paired bootstrap on the difference, same frozen draws; exploratory, pointwise"
pairedall_two_year_through_2023_D2_vs_mean_missing_pool_mean_b1,two_year_through_2023,1%,D2 minus mean,-5.920173,-14.994537,2.920936,"paired bootstrap on the difference, same frozen draws; exploratory, pointwise"
pairedall_two_year_through_2023_D2_vs_mean_missing_zero_citation_percentile_b1,two_year_through_2023,1%,D2 minus mean,-9.140712,-20.050412,1.361518,"paired bootstrap on the difference, same frozen draws; exploratory, pointwise"
pairedall_two_year_through_2023_mean_vs_lottery_observed_only_b1,two_year_through_2023,1%,mean minus lottery,12.274011,3.194143,18.847289,"paired bootstrap on the difference, same frozen draws; exploratory, pointwise"
pairedall_two_year_through_2023_mean_vs_lottery_missing_percentile_0_b1,two_year_through_2023,1%,mean minus lottery,12.650741,2.575840,18.909547,"paired bootstrap on the difference, same frozen draws; exploratory, pointwise"
pairedall_two_year_through_2023_mean_vs_lottery_missing_pool_mean_b1,two_year_through_2023,1%,mean minus lottery,9.856195,2.403734,14.837860,"paired bootstrap on the difference, same frozen draws; exploratory, pointwise"
pairedall_two_year_through_2023_mean_vs_lottery_missing_zero_citation_percentile_b1,two_year_through_2023,1%,mean minus lottery,11.574113,3.039705,17.083931,"paired bootstrap on the difference, same frozen draws; exploratory, pointwise"
pairedall_two_year_through_2023_mean_vs_D2_observed_only_b1,two_year_through_2023,1%,mean minus D2,6.666390,-4.562111,19.458801,"paired bootstrap on the difference, same frozen draws; exploratory, pointwise"
pairedall_two_year_through_2023_mean_vs_D2_missing_percentile_0_b1,two_year_through_2023,1%,mean minus D2,11.290234,-1.471688,23.771407,"paired bootstrap on the difference, same frozen draws; exploratory, pointwise"
pairedall_two_year_through_2023_mean_vs_D2_missing_pool_mean_b1,two_year_through_2023,1%,mean minus D2,5.920173,-2.920936,14.994537,"paired bootstrap on the difference, same frozen draws; exploratory, pointwise"
pairedall_two_year_through_2023_mean_vs_D2_missing_zero_citation_percentile_b1,two_year_through_2023,1%,mean minus D2,9.140712,-1.361518,20.050412,"paired bootstrap on the difference, same frozen draws; exploratory, pointwise"
pairedall_two_year_through_2023_variance_vs_lottery_observed_only_b1,two_year_through_2023,1%,variance minus lottery,-1.102650,-9.124858,8.418437,"paired bootstrap on the difference, same frozen draws; exploratory, pointwise"
pairedall_two_year_through_2023_variance_vs_lottery_missing_percentile_0_b1,two_year_through_2023,1%,variance minus lottery,-0.735300,-8.145253,8.674819,"paired bootstrap on the difference, same frozen draws; exploratory, pointwise"
pairedall_two_year_through_2023_variance_vs_lottery_missing_pool_mean_b1,two_year_through_2023,1%,variance minus lottery,-0.844816,-7.034716,6.302371,"paired bootstrap on the difference, same frozen draws; exploratory, pointwise"
pairedall_two_year_through_2023_variance_vs_lottery_missing_zero_citation_percentile_b1,two_year_through_2023,1%,variance minus lottery,-0.737168,-7.309919,7.406686,"paired bootstrap on the difference, same frozen draws; exploratory, pointwise"
pairedall_two_year_through_2023_variance_vs_mean_observed_only_b1,two_year_through_2023,1%,variance minus mean,-13.376661,-22.784139,0.130494,"paired bootstrap on the difference, same frozen draws; exploratory, pointwise"
pairedall_two_year_through_2023_variance_vs_mean_missing_percentile_0_b1,two_year_through_2023,1%,variance minus mean,-13.386041,-21.815911,0.492767,"paired bootstrap on the difference, same frozen draws; exploratory, pointwise"
pairedall_two_year_through_2023_variance_vs_mean_missing_pool_mean_b1,two_year_through_2023,1%,variance minus mean,-10.701011,-17.676857,-0.246763,"paired bootstrap on the difference, same frozen draws; exploratory, pointwise"
pairedall_two_year_through_2023_variance_vs_mean_missing_zero_citation_percentile_b1,two_year_through_2023,1%,variance minus mean,-12.311280,-19.934145,-0.144216,"paired bootstrap on the difference, same frozen draws; exploratory, pointwise"
pairedall_two_year_through_2023_variance_vs_D2_observed_only_b1,two_year_through_2023,1%,variance minus D2,-6.710271,-13.240200,5.500723,"paired bootstrap on the difference, same frozen draws; exploratory, pointwise"
pairedall_two_year_through_2023_variance_vs_D2_missing_percentile_0_b1,two_year_through_2023,1%,variance minus D2,-2.095807,-9.531869,10.917245,"paired bootstrap on the difference, same frozen draws; exploratory, pointwise"
pairedall_two_year_through_2023_variance_vs_D2_missing_pool_mean_b1,two_year_through_2023,1%,variance minus D2,-4.780838,-9.674705,3.835003,"paired bootstrap on the difference, same frozen draws; exploratory, pointwise"
pairedall_two_year_through_2023_variance_vs_D2_missing_zero_citation_percentile_b1,two_year_through_2023,1%,variance minus D2,-3.170568,-9.110578,7.675400,"paired bootstrap on the difference, same frozen draws; exploratory, pointwise"
pairedall_two_year_through_2023_max_vs_lottery_observed_only_b1,two_year_through_2023,1%,max minus lottery,10.595396,0.695390,19.815553,"paired bootstrap on the difference, same frozen draws; exploratory, pointwise"
pairedall_two_year_through_2023_max_vs_lottery_missing_percentile_0_b1,two_year_through_2023,1%,max minus lottery,4.789603,-3.200836,14.618586,"paired bootstrap on the difference, same frozen draws; exploratory, pointwise"
pairedall_two_year_through_2023_max_vs_lottery_missing_pool_mean_b1,two_year_through_2023,1%,max minus lottery,7.415991,0.646585,14.058445,"paired bootstrap on the difference, same frozen draws; exploratory, pointwise"
pairedall_two_year_through_2023_max_vs_lottery_missing_zero_citation_percentile_b1,two_year_through_2023,1%,max minus lottery,5.778067,-1.612930,14.300456,"paired bootstrap on the difference, same frozen draws; exploratory, pointwise"
pairedall_two_year_through_2023_max_vs_mean_observed_only_b1,two_year_through_2023,1%,max minus mean,-1.678615,-11.666780,10.995685,"paired bootstrap on the difference, same frozen draws; exploratory, pointwise"
pairedall_two_year_through_2023_max_vs_mean_missing_percentile_0_b1,two_year_through_2023,1%,max minus mean,-7.861138,-15.836745,5.495720,"paired bootstrap on the difference, same frozen draws; exploratory, pointwise"
pairedall_two_year_through_2023_max_vs_mean_missing_pool_mean_b1,two_year_through_2023,1%,max minus mean,-2.440204,-9.438684,7.270045,"paired bootstrap on the difference, same frozen draws; exploratory, pointwise"
pairedall_two_year_through_2023_max_vs_mean_missing_zero_citation_percentile_b1,two_year_through_2023,1%,max minus mean,-5.796046,-13.004184,5.690842,"paired bootstrap on the difference, same frozen draws; exploratory, pointwise"
pairedall_two_year_through_2023_max_vs_D2_observed_only_b1,two_year_through_2023,1%,max minus D2,4.987776,-4.815643,18.824423,"paired bootstrap on the difference, same frozen draws; exploratory, pointwise"
pairedall_two_year_through_2023_max_vs_D2_missing_percentile_0_b1,two_year_through_2023,1%,max minus D2,3.429096,-5.791089,17.366112,"paired bootstrap on the difference, same frozen draws; exploratory, pointwise"
pairedall_two_year_through_2023_max_vs_D2_missing_pool_mean_b1,two_year_through_2023,1%,max minus D2,3.479970,-3.092829,12.947830,"paired bootstrap on the difference, same frozen draws; exploratory, pointwise"
pairedall_two_year_through_2023_max_vs_D2_missing_zero_citation_percentile_b1,two_year_through_2023,1%,max minus D2,3.344666,-4.260230,15.350496,"paired bootstrap on the difference, same frozen draws; exploratory, pointwise"
pairedall_two_year_through_2023_max_resid_vs_lottery_observed_only_b1,two_year_through_2023,1%,max_resid minus lottery,-1.881360,-9.205890,9.979328,"paired bootstrap on the difference, same frozen draws; exploratory, pointwise"
pairedall_two_year_through_2023_max_resid_vs_lottery_missing_percentile_0_b1,two_year_through_2023,1%,max_resid minus lottery,-5.434056,-11.686822,5.926645,"paired bootstrap on the difference, same frozen draws; exploratory, pointwise"
pairedall_two_year_through_2023_max_resid_vs_lottery_missing_pool_mean_b1,two_year_through_2023,1%,max_resid minus lottery,-1.081956,-5.920765,6.833973,"paired bootstrap on the difference, same frozen draws; exploratory, pointwise"
pairedall_two_year_through_2023_max_resid_vs_lottery_missing_zero_citation_percentile_b1,two_year_through_2023,1%,max_resid minus lottery,-3.767326,-8.921114,6.143294,"paired bootstrap on the difference, same frozen draws; exploratory, pointwise"
pairedall_two_year_through_2023_max_resid_vs_mean_observed_only_b1,two_year_through_2023,1%,max_resid minus mean,-14.155371,-23.064054,1.739118,"paired bootstrap on the difference, same frozen draws; exploratory, pointwise"
pairedall_two_year_through_2023_max_resid_vs_mean_missing_percentile_0_b1,two_year_through_2023,1%,max_resid minus mean,-18.084798,-25.644553,-1.499112,"paired bootstrap on the difference, same frozen draws; exploratory, pointwise"
pairedall_two_year_through_2023_max_resid_vs_mean_missing_pool_mean_b1,two_year_through_2023,1%,max_resid minus mean,-10.938151,-17.424513,0.582814,"paired bootstrap on the difference, same frozen draws; exploratory, pointwise"
pairedall_two_year_through_2023_max_resid_vs_mean_missing_zero_citation_percentile_b1,two_year_through_2023,1%,max_resid minus mean,-15.341439,-22.344888,-1.119741,"paired bootstrap on the difference, same frozen draws; exploratory, pointwise"
pairedall_two_year_through_2023_max_resid_vs_D2_observed_only_b1,two_year_through_2023,1%,max_resid minus D2,-7.488980,-11.342828,4.405896,"paired bootstrap on the difference, same frozen draws; exploratory, pointwise"
pairedall_two_year_through_2023_max_resid_vs_D2_missing_percentile_0_b1,two_year_through_2023,1%,max_resid minus D2,-6.794564,-10.242185,4.532544,"paired bootstrap on the difference, same frozen draws; exploratory, pointwise"
pairedall_two_year_through_2023_max_resid_vs_D2_missing_pool_mean_b1,two_year_through_2023,1%,max_resid minus D2,-5.017978,-7.318813,3.015726,"paired bootstrap on the difference, same frozen draws; exploratory, pointwise"
pairedall_two_year_through_2023_max_resid_vs_D2_missing_zero_citation_percentile_b1,two_year_through_2023,1%,max_resid minus D2,-6.200726,-8.897080,3.584084,"paired bootstrap on the difference, same frozen draws; exploratory, pointwise"
pairedall_two_year_through_2023_lottery_vs_mean_observed_only_b1,two_year_through_2023,1%,lottery minus mean,-12.274011,-18.847289,-3.194143,"paired bootstrap on the difference, same frozen draws; exploratory, pointwise"
pairedall_two_year_through_2023_lottery_vs_mean_missing_percentile_0_b1,two_year_through_2023,1%,lottery minus mean,-12.650741,-18.909547,-2.575840,"paired bootstrap on the difference, same frozen draws; exploratory, pointwise"
pairedall_two_year_through_2023_lottery_vs_mean_missing_pool_mean_b1,two_year_through_2023,1%,lottery minus mean,-9.856195,-14.837860,-2.403734,"paired bootstrap on the difference, same frozen draws; exploratory, pointwise"
pairedall_two_year_through_2023_lottery_vs_mean_missing_zero_citation_percentile_b1,two_year_through_2023,1%,lottery minus mean,-11.574113,-17.083931,-3.039705,"paired bootstrap on the difference, same frozen draws; exploratory, pointwise"
pairedall_two_year_through_2023_lottery_vs_D2_observed_only_b1,two_year_through_2023,1%,lottery minus D2,-5.607620,-13.070326,6.206043,"paired bootstrap on the difference, same frozen draws; exploratory, pointwise"
pairedall_two_year_through_2023_lottery_vs_D2_missing_percentile_0_b1,two_year_through_2023,1%,lottery minus D2,-1.360507,-9.003306,9.317685,"paired bootstrap on the difference, same frozen draws; exploratory, pointwise"
pairedall_two_year_through_2023_lottery_vs_D2_missing_pool_mean_b1,two_year_through_2023,1%,lottery minus D2,-3.936022,-9.274523,3.928133,"paired bootstrap on the difference, same frozen draws; exploratory, pointwise"
pairedall_two_year_through_2023_lottery_vs_D2_missing_zero_citation_percentile_b1,two_year_through_2023,1%,lottery minus D2,-2.433400,-8.822674,6.793975,"paired bootstrap on the difference, same frozen draws; exploratory, pointwise"
pairedall_two_year_through_2023_D2_vs_lottery_observed_only_b2,two_year_through_2023,2%,D2 minus lottery,2.472042,-4.319876,8.979965,"paired bootstrap on the difference, same frozen draws; exploratory, pointwise"
pairedall_two_year_through_2023_D2_vs_lottery_missing_percentile_0_b2,two_year_through_2023,2%,D2 minus lottery,1.438105,-4.929366,7.292580,"paired bootstrap on the difference, same frozen draws; exploratory, pointwise"
pairedall_two_year_through_2023_D2_vs_lottery_missing_pool_mean_b2,two_year_through_2023,2%,D2 minus lottery,1.834895,-3.192419,6.598471,"paired bootstrap on the difference, same frozen draws; exploratory, pointwise"
pairedall_two_year_through_2023_D2_vs_lottery_missing_zero_citation_percentile_b2,two_year_through_2023,2%,D2 minus lottery,1.646230,-3.901912,6.978933,"paired bootstrap on the difference, same frozen draws; exploratory, pointwise"
pairedall_two_year_through_2023_D2_vs_mean_observed_only_b2,two_year_through_2023,2%,D2 minus mean,-6.526106,-16.914018,0.904608,"paired bootstrap on the difference, same frozen draws; exploratory, pointwise"
pairedall_two_year_through_2023_D2_vs_mean_missing_percentile_0_b2,two_year_through_2023,2%,D2 minus mean,-6.938237,-17.398829,-0.261216,"paired bootstrap on the difference, same frozen draws; exploratory, pointwise"
pairedall_two_year_through_2023_D2_vs_mean_missing_pool_mean_b2,two_year_through_2023,2%,D2 minus mean,-5.183541,-13.129131,0.397725,"paired bootstrap on the difference, same frozen draws; exploratory, pointwise"
pairedall_two_year_through_2023_D2_vs_mean_missing_zero_citation_percentile_b2,two_year_through_2023,2%,D2 minus mean,-6.246847,-15.441881,-0.293298,"paired bootstrap on the difference, same frozen draws; exploratory, pointwise"
pairedall_two_year_through_2023_mean_vs_lottery_observed_only_b2,two_year_through_2023,2%,mean minus lottery,8.998148,3.983195,16.441258,"paired bootstrap on the difference, same frozen draws; exploratory, pointwise"
pairedall_two_year_through_2023_mean_vs_lottery_missing_percentile_0_b2,two_year_through_2023,2%,mean minus lottery,8.376342,4.203477,15.790966,"paired bootstrap on the difference, same frozen draws; exploratory, pointwise"
pairedall_two_year_through_2023_mean_vs_lottery_missing_pool_mean_b2,two_year_through_2023,2%,mean minus lottery,7.018436,3.210373,12.768255,"paired bootstrap on the difference, same frozen draws; exploratory, pointwise"
pairedall_two_year_through_2023_mean_vs_lottery_missing_zero_citation_percentile_b2,two_year_through_2023,2%,mean minus lottery,7.893077,4.187616,14.510024,"paired bootstrap on the difference, same frozen draws; exploratory, pointwise"
pairedall_two_year_through_2023_mean_vs_D2_observed_only_b2,two_year_through_2023,2%,mean minus D2,6.526106,-0.904608,16.914018,"paired bootstrap on the difference, same frozen draws; exploratory, pointwise"
pairedall_two_year_through_2023_mean_vs_D2_missing_percentile_0_b2,two_year_through_2023,2%,mean minus D2,6.938237,0.261216,17.398829,"paired bootstrap on the difference, same frozen draws; exploratory, pointwise"
pairedall_two_year_through_2023_mean_vs_D2_missing_pool_mean_b2,two_year_through_2023,2%,mean minus D2,5.183541,-0.397725,13.129131,"paired bootstrap on the difference, same frozen draws; exploratory, pointwise"
pairedall_two_year_through_2023_mean_vs_D2_missing_zero_citation_percentile_b2,two_year_through_2023,2%,mean minus D2,6.246847,0.293298,15.441881,"paired bootstrap on the difference, same frozen draws; exploratory, pointwise"
pairedall_two_year_through_2023_variance_vs_lottery_observed_only_b2,two_year_through_2023,2%,variance minus lottery,0.067433,-6.855714,6.148330,"paired bootstrap on the difference, same frozen draws; exploratory, pointwise"
pairedall_two_year_through_2023_variance_vs_lottery_missing_percentile_0_b2,two_year_through_2023,2%,variance minus lottery,0.114961,-6.508684,5.724454,"paired bootstrap on the difference, same frozen draws; exploratory, pointwise"
pairedall_two_year_through_2023_variance_vs_lottery_missing_pool_mean_b2,two_year_through_2023,2%,variance minus lottery,-0.022502,-5.047374,4.503622,"paired bootstrap on the difference, same frozen draws; exploratory, pointwise"
pairedall_two_year_through_2023_variance_vs_lottery_missing_zero_citation_percentile_b2,two_year_through_2023,2%,variance minus lottery,0.040106,-5.736272,5.201004,"paired bootstrap on the difference, same frozen draws; exploratory, pointwise"
pairedall_two_year_through_2023_variance_vs_mean_observed_only_b2,two_year_through_2023,2%,variance minus mean,-8.930716,-19.369370,-1.856971,"paired bootstrap on the difference, same frozen draws; exploratory, pointwise"
pairedall_two_year_through_2023_variance_vs_mean_missing_percentile_0_b2,two_year_through_2023,2%,variance minus mean,-8.261381,-18.951605,-2.433486,"paired bootstrap on the difference, same frozen draws; exploratory, pointwise"
pairedall_two_year_through_2023_variance_vs_mean_missing_pool_mean_b2,two_year_through_2023,2%,variance minus mean,-7.040938,-14.966879,-1.754520,"paired bootstrap on the difference, same frozen draws; exploratory, pointwise"
pairedall_two_year_through_2023_variance_vs_mean_missing_zero_citation_percentile_b2,two_year_through_2023,2%,variance minus mean,-7.852971,-17.079923,-2.582656,"paired bootstrap on the difference, same frozen draws; exploratory, pointwise"
pairedall_two_year_through_2023_variance_vs_D2_observed_only_b2,two_year_through_2023,2%,variance minus D2,-2.404610,-9.556346,4.731501,"paired bootstrap on the difference, same frozen draws; exploratory, pointwise"
pairedall_two_year_through_2023_variance_vs_D2_missing_percentile_0_b2,two_year_through_2023,2%,variance minus D2,-1.323144,-8.439327,5.098847,"paired bootstrap on the difference, same frozen draws; exploratory, pointwise"
pairedall_two_year_through_2023_variance_vs_D2_missing_pool_mean_b2,two_year_through_2023,2%,variance minus D2,-1.857397,-7.018388,3.436332,"paired bootstrap on the difference, same frozen draws; exploratory, pointwise"
pairedall_two_year_through_2023_variance_vs_D2_missing_zero_citation_percentile_b2,two_year_through_2023,2%,variance minus D2,-1.606124,-7.656461,3.984900,"paired bootstrap on the difference, same frozen draws; exploratory, pointwise"
pairedall_two_year_through_2023_max_vs_lottery_observed_only_b2,two_year_through_2023,2%,max minus lottery,8.718450,1.966221,15.049181,"paired bootstrap on the difference, same frozen draws; exploratory, pointwise"
pairedall_two_year_through_2023_max_vs_lottery_missing_percentile_0_b2,two_year_through_2023,2%,max minus lottery,6.023234,-0.524159,12.085604,"paired bootstrap on the difference, same frozen draws; exploratory, pointwise"
pairedall_two_year_through_2023_max_vs_lottery_missing_pool_mean_b2,two_year_through_2023,2%,max minus lottery,6.457295,1.458513,11.176962,"paired bootstrap on the difference, same frozen draws; exploratory, pointwise"
pairedall_two_year_through_2023_max_vs_lottery_missing_zero_citation_percentile_b2,two_year_through_2023,2%,max minus lottery,6.230328,0.298890,11.539901,"paired bootstrap on the difference, same frozen draws; exploratory, pointwise"
pairedall_two_year_through_2023_max_vs_mean_observed_only_b2,two_year_through_2023,2%,max minus mean,-0.279698,-10.304444,6.616608,"paired bootstrap on the difference, same frozen draws; exploratory, pointwise"
pairedall_two_year_through_2023_max_vs_mean_missing_percentile_0_b2,two_year_through_2023,2%,max minus mean,-2.353107,-12.317023,3.525172,"paired bootstrap on the difference, same frozen draws; exploratory, pointwise"
pairedall_two_year_through_2023_max_vs_mean_missing_pool_mean_b2,two_year_through_2023,2%,max minus mean,-0.561141,-8.226384,4.679453,"paired bootstrap on the difference, same frozen draws; exploratory, pointwise"
pairedall_two_year_through_2023_max_vs_mean_missing_zero_citation_percentile_b2,two_year_through_2023,2%,max minus mean,-1.662749,-10.383061,3.707221,"paired bootstrap on the difference, same frozen draws; exploratory, pointwise"
pairedall_two_year_through_2023_max_vs_D2_observed_only_b2,two_year_through_2023,2%,max minus D2,6.246408,-1.568916,14.711706,"paired bootstrap on the difference, same frozen draws; exploratory, pointwise"
pairedall_two_year_through_2023_max_vs_D2_missing_percentile_0_b2,two_year_through_2023,2%,max minus D2,4.585129,-3.080704,12.046618,"paired bootstrap on the difference, same frozen draws; exploratory, pointwise"
pairedall_two_year_through_2023_max_vs_D2_missing_pool_mean_b2,two_year_through_2023,2%,max minus D2,4.622400,-1.170686,10.704419,"paired bootstrap on the difference, same frozen draws; exploratory, pointwise"
pairedall_two_year_through_2023_max_vs_D2_missing_zero_citation_percentile_b2,two_year_through_2023,2%,max minus D2,4.584098,-2.166584,11.315364,"paired bootstrap on the difference, same frozen draws; exploratory, pointwise"
pairedall_two_year_through_2023_max_resid_vs_lottery_observed_only_b2,two_year_through_2023,2%,max_resid minus lottery,3.844225,-3.984234,9.684361,"paired bootstrap on the difference, same frozen draws; exploratory, pointwise"
pairedall_two_year_through_2023_max_resid_vs_lottery_missing_percentile_0_b2,two_year_through_2023,2%,max_resid minus lottery,1.481104,-5.334382,7.621455,"paired bootstrap on the difference, same frozen draws; exploratory, pointwise"
pairedall_two_year_through_2023_max_resid_vs_lottery_missing_pool_mean_b2,two_year_through_2023,2%,max_resid minus lottery,2.706987,-2.777318,7.050036,"paired bootstrap on the difference, same frozen draws; exploratory, pointwise"
pairedall_two_year_through_2023_max_resid_vs_lottery_missing_zero_citation_percentile_b2,two_year_through_2023,2%,max_resid minus lottery,1.953755,-4.195629,7.192943,"paired bootstrap on the difference, same frozen draws; exploratory, pointwise"
pairedall_two_year_through_2023_max_resid_vs_mean_observed_only_b2,two_year_through_2023,2%,max_resid minus mean,-5.153924,-16.514174,1.847670,"paired bootstrap on the difference, same frozen draws; exploratory, pointwise"
pairedall_two_year_through_2023_max_resid_vs_mean_missing_percentile_0_b2,two_year_through_2023,2%,max_resid minus mean,-6.895237,-17.678123,-0.215825,"paired bootstrap on the difference, same frozen draws; exploratory, pointwise"
pairedall_two_year_through_2023_max_resid_vs_mean_missing_pool_mean_b2,two_year_through_2023,2%,max_resid minus mean,-4.311448,-12.827864,0.913228,"paired bootstrap on the difference, same frozen draws; exploratory, pointwise"
pairedall_two_year_through_2023_max_resid_vs_mean_missing_zero_citation_percentile_b2,two_year_through_2023,2%,max_resid minus mean,-5.939322,-15.412542,-0.018700,"paired bootstrap on the difference, same frozen draws; exploratory, pointwise"
pairedall_two_year_through_2023_max_resid_vs_D2_observed_only_b2,two_year_through_2023,2%,max_resid minus D2,1.372182,-4.834121,6.486948,"paired bootstrap on the difference, same frozen draws; exploratory, pointwise"
pairedall_two_year_through_2023_max_resid_vs_D2_missing_percentile_0_b2,two_year_through_2023,2%,max_resid minus D2,0.042999,-4.877369,4.751678,"paired bootstrap on the difference, same frozen draws; exploratory, pointwise"
pairedall_two_year_through_2023_max_resid_vs_D2_missing_pool_mean_b2,two_year_through_2023,2%,max_resid minus D2,0.872093,-3.555382,4.572158,"paired bootstrap on the difference, same frozen draws; exploratory, pointwise"
pairedall_two_year_through_2023_max_resid_vs_D2_missing_zero_citation_percentile_b2,two_year_through_2023,2%,max_resid minus D2,0.307525,-4.130640,4.472356,"paired bootstrap on the difference, same frozen draws; exploratory, pointwise"
pairedall_two_year_through_2023_lottery_vs_mean_observed_only_b2,two_year_through_2023,2%,lottery minus mean,-8.998148,-16.441258,-3.983195,"paired bootstrap on the difference, same frozen draws; exploratory, pointwise"
pairedall_two_year_through_2023_lottery_vs_mean_missing_percentile_0_b2,two_year_through_2023,2%,lottery minus mean,-8.376342,-15.790966,-4.203477,"paired bootstrap on the difference, same frozen draws; exploratory, pointwise"
pairedall_two_year_through_2023_lottery_vs_mean_missing_pool_mean_b2,two_year_through_2023,2%,lottery minus mean,-7.018436,-12.768255,-3.210373,"paired bootstrap on the difference, same frozen draws; exploratory, pointwise"
pairedall_two_year_through_2023_lottery_vs_mean_missing_zero_citation_percentile_b2,two_year_through_2023,2%,lottery minus mean,-7.893077,-14.510024,-4.187616,"paired bootstrap on the difference, same frozen draws; exploratory, pointwise"
pairedall_two_year_through_2023_lottery_vs_D2_observed_only_b2,two_year_through_2023,2%,lottery minus D2,-2.472042,-8.979965,4.319876,"paired bootstrap on the difference, same frozen draws; exploratory, pointwise"
pairedall_two_year_through_2023_lottery_vs_D2_missing_percentile_0_b2,two_year_through_2023,2%,lottery minus D2,-1.438105,-7.292580,4.929366,"paired bootstrap on the difference, same frozen draws; exploratory, pointwise"
pairedall_two_year_through_2023_lottery_vs_D2_missing_pool_mean_b2,two_year_through_2023,2%,lottery minus D2,-1.834895,-6.598471,3.192419,"paired bootstrap on the difference, same frozen draws; exploratory, pointwise"
pairedall_two_year_through_2023_lottery_vs_D2_missing_zero_citation_percentile_b2,two_year_through_2023,2%,lottery minus D2,-1.646230,-6.978933,3.901912,"paired bootstrap on the difference, same frozen draws; exploratory, pointwise"
pairedall_two_year_through_2023_D2_vs_lottery_observed_only_b5,two_year_through_2023,5%,D2 minus lottery,-2.065660,-6.384267,1.757471,"paired bootstrap on the difference, same frozen draws; exploratory, pointwise"
pairedall_two_year_through_2023_D2_vs_lottery_missing_percentile_0_b5,two_year_through_2023,5%,D2 minus lottery,-3.619218,-7.059184,0.195427,"paired bootstrap on the difference, same frozen draws; exploratory, pointwise"
pairedall_two_year_through_2023_D2_vs_lottery_missing_pool_mean_b5,two_year_through_2023,5%,D2 minus lottery,-1.335239,-4.397688,1.301697,"paired bootstrap on the difference, same frozen draws; exploratory, pointwise"
pairedall_two_year_through_2023_D2_vs_lottery_missing_zero_citation_percentile_b5,two_year_through_2023,5%,D2 minus lottery,-2.747228,-5.851486,0.539048,"paired bootstrap on the difference, same frozen draws; exploratory, pointwise"
pairedall_two_year_through_2023_D2_vs_mean_observed_only_b5,two_year_through_2023,5%,D2 minus mean,-10.658285,-16.316169,-5.242270,"paired bootstrap on the difference, same frozen draws; exploratory, pointwise"
pairedall_two_year_through_2023_D2_vs_mean_missing_percentile_0_b5,two_year_through_2023,5%,D2 minus mean,-12.983393,-18.135540,-7.594678,"paired bootstrap on the difference, same frozen draws; exploratory, pointwise"
pairedall_two_year_through_2023_D2_vs_mean_missing_pool_mean_b5,two_year_through_2023,5%,D2 minus mean,-8.140227,-12.341044,-3.957752,"paired bootstrap on the difference, same frozen draws; exploratory, pointwise"
pairedall_two_year_through_2023_D2_vs_mean_missing_zero_citation_percentile_b5,two_year_through_2023,5%,D2 minus mean,-11.148932,-15.734852,-6.486359,"paired bootstrap on the difference, same frozen draws; exploratory, pointwise"
pairedall_two_year_through_2023_mean_vs_lottery_observed_only_b5,two_year_through_2023,5%,mean minus lottery,8.592625,4.602498,12.370524,"paired bootstrap on the difference, same frozen draws; exploratory, pointwise"
pairedall_two_year_through_2023_mean_vs_lottery_missing_percentile_0_b5,two_year_through_2023,5%,mean minus lottery,9.364175,5.535056,12.870101,"paired bootstrap on the difference, same frozen draws; exploratory, pointwise"
pairedall_two_year_through_2023_mean_vs_lottery_missing_pool_mean_b5,two_year_through_2023,5%,mean minus lottery,6.804988,3.585423,9.767784,"paired bootstrap on the difference, same frozen draws; exploratory, pointwise"
pairedall_two_year_through_2023_mean_vs_lottery_missing_zero_citation_percentile_b5,two_year_through_2023,5%,mean minus lottery,8.401704,4.902642,11.572186,"paired bootstrap on the difference, same frozen draws; exploratory, pointwise"
pairedall_two_year_through_2023_mean_vs_D2_observed_only_b5,two_year_through_2023,5%,mean minus D2,10.658285,5.242270,16.316169,"paired bootstrap on the difference, same frozen draws; exploratory, pointwise"
pairedall_two_year_through_2023_mean_vs_D2_missing_percentile_0_b5,two_year_through_2023,5%,mean minus D2,12.983393,7.594678,18.135540,"paired bootstrap on the difference, same frozen draws; exploratory, pointwise"
pairedall_two_year_through_2023_mean_vs_D2_missing_pool_mean_b5,two_year_through_2023,5%,mean minus D2,8.140227,3.957752,12.341044,"paired bootstrap on the difference, same frozen draws; exploratory, pointwise"
pairedall_two_year_through_2023_mean_vs_D2_missing_zero_citation_percentile_b5,two_year_through_2023,5%,mean minus D2,11.148932,6.486359,15.734852,"paired bootstrap on the difference, same frozen draws; exploratory, pointwise"
pairedall_two_year_through_2023_variance_vs_lottery_observed_only_b5,two_year_through_2023,5%,variance minus lottery,1.906825,-2.133389,6.325200,"paired bootstrap on the difference, same frozen draws; exploratory, pointwise"
pairedall_two_year_through_2023_variance_vs_lottery_missing_percentile_0_b5,two_year_through_2023,5%,variance minus lottery,1.185249,-2.613592,5.109991,"paired bootstrap on the difference, same frozen draws; exploratory, pointwise"
pairedall_two_year_through_2023_variance_vs_lottery_missing_pool_mean_b5,two_year_through_2023,5%,variance minus lottery,1.367088,-1.585983,4.583249,"paired bootstrap on the difference, same frozen draws; exploratory, pointwise"
pairedall_two_year_through_2023_variance_vs_lottery_missing_zero_citation_percentile_b5,two_year_through_2023,5%,variance minus lottery,1.244480,-2.092878,4.721717,"paired bootstrap on the difference, same frozen draws; exploratory, pointwise"
pairedall_two_year_through_2023_variance_vs_mean_observed_only_b5,two_year_through_2023,5%,variance minus mean,-6.685799,-12.163319,-0.704198,"paired bootstrap on the difference, same frozen draws; exploratory, pointwise"
pairedall_two_year_through_2023_variance_vs_mean_missing_percentile_0_b5,two_year_through_2023,5%,variance minus mean,-8.178926,-13.439439,-2.719767,"paired bootstrap on the difference, same frozen draws; exploratory, pointwise"
pairedall_two_year_through_2023_variance_vs_mean_missing_pool_mean_b5,two_year_through_2023,5%,variance minus mean,-5.437900,-9.546356,-0.952526,"paired bootstrap on the difference, same frozen draws; exploratory, pointwise"
pairedall_two_year_through_2023_variance_vs_mean_missing_zero_citation_percentile_b5,two_year_through_2023,5%,variance minus mean,-7.157224,-11.715168,-2.182448,"paired bootstrap on the difference, same frozen draws; exploratory, pointwise"
pairedall_two_year_through_2023_variance_vs_D2_observed_only_b5,two_year_through_2023,5%,variance minus D2,3.972485,-0.203480,9.108488,"paired bootstrap on the difference, same frozen draws; exploratory, pointwise"
pairedall_two_year_through_2023_variance_vs_D2_missing_percentile_0_b5,two_year_through_2023,5%,variance minus D2,4.804468,0.872021,8.880236,"paired bootstrap on the difference, same frozen draws; exploratory, pointwise"
pairedall_two_year_through_2023_variance_vs_D2_missing_pool_mean_b5,two_year_through_2023,5%,variance minus D2,2.702327,-0.217049,6.362165,"paired bootstrap on the difference, same frozen draws; exploratory, pointwise"
pairedall_two_year_through_2023_variance_vs_D2_missing_zero_citation_percentile_b5,two_year_through_2023,5%,variance minus D2,3.991709,0.585379,7.762687,"paired bootstrap on the difference, same frozen draws; exploratory, pointwise"
pairedall_two_year_through_2023_max_vs_lottery_observed_only_b5,two_year_through_2023,5%,max minus lottery,7.488081,3.449954,11.620905,"paired bootstrap on the difference, same frozen draws; exploratory, pointwise"
pairedall_two_year_through_2023_max_vs_lottery_missing_percentile_0_b5,two_year_through_2023,5%,max minus lottery,6.776924,2.924555,10.904121,"paired bootstrap on the difference, same frozen draws; exploratory, pointwise"
pairedall_two_year_through_2023_max_vs_lottery_missing_pool_mean_b5,two_year_through_2023,5%,max minus lottery,5.700867,2.586742,8.893608,"paired bootstrap on the difference, same frozen draws; exploratory, pointwise"
pairedall_two_year_through_2023_max_vs_lottery_missing_zero_citation_percentile_b5,two_year_through_2023,5%,max minus lottery,6.378859,3.018126,9.980963,"paired bootstrap on the difference, same frozen draws; exploratory, pointwise"
pairedall_two_year_through_2023_max_vs_mean_observed_only_b5,two_year_through_2023,5%,max minus mean,-1.104543,-5.841416,3.816514,"paired bootstrap on the difference, same frozen draws; exploratory, pointwise"
pairedall_two_year_through_2023_max_vs_mean_missing_percentile_0_b5,two_year_through_2023,5%,max minus mean,-2.587251,-7.205876,2.449245,"paired bootstrap on the difference, same frozen draws; exploratory, pointwise"
pairedall_two_year_through_2023_max_vs_mean_missing_pool_mean_b5,two_year_through_2023,5%,max minus mean,-1.104121,-4.815124,2.755314,"paired bootstrap on the difference, same frozen draws; exploratory, pointwise"
pairedall_two_year_through_2023_max_vs_mean_missing_zero_citation_percentile_b5,two_year_through_2023,5%,max minus mean,-2.022845,-6.123970,2.398536,"paired bootstrap on the difference, same frozen draws; exploratory, pointwise"
pairedall_two_year_through_2023_max_vs_D2_observed_only_b5,two_year_through_2023,5%,max minus D2,9.553741,4.559227,14.963053,"paired bootstrap on the difference, same frozen draws; exploratory, pointwise"
pairedall_two_year_through_2023_max_vs_D2_missing_percentile_0_b5,two_year_through_2023,5%,max minus D2,10.396142,5.717111,15.064569,"paired bootstrap on the difference, same frozen draws; exploratory, pointwise"
pairedall_two_year_through_2023_max_vs_D2_missing_pool_mean_b5,two_year_through_2023,5%,max minus D2,7.036107,3.401565,10.988880,"paired bootstrap on the difference, same frozen draws; exploratory, pointwise"
pairedall_two_year_through_2023_max_vs_D2_missing_zero_citation_percentile_b5,two_year_through_2023,5%,max minus D2,9.126087,5.093736,13.422524,"paired bootstrap on the difference, same frozen draws; exploratory, pointwise"
pairedall_two_year_through_2023_max_resid_vs_lottery_observed_only_b5,two_year_through_2023,5%,max_resid minus lottery,1.124529,-3.224333,4.913974,"paired bootstrap on the difference, same frozen draws; exploratory, pointwise"
pairedall_two_year_through_2023_max_resid_vs_lottery_missing_percentile_0_b5,two_year_through_2023,5%,max_resid minus lottery,0.981001,-3.018045,4.521775,"paired bootstrap on the difference, same frozen draws; exploratory, pointwise"
pairedall_two_year_through_2023_max_resid_vs_lottery_missing_pool_mean_b5,two_year_through_2023,5%,max_resid minus lottery,0.795802,-2.448191,3.646075,"paired bootstrap on the difference, same frozen draws; exploratory, pointwise"
pairedall_two_year_through_2023_max_resid_vs_lottery_missing_zero_citation_percentile_b5,two_year_through_2023,5%,max_resid minus lottery,0.907223,-2.555286,4.055480,"paired bootstrap on the difference, same frozen draws; exploratory, pointwise"
pairedall_two_year_through_2023_max_resid_vs_mean_observed_only_b5,two_year_through_2023,5%,max_resid minus mean,-7.468096,-13.233689,-2.341399,"paired bootstrap on the difference, same frozen draws; exploratory, pointwise"
pairedall_two_year_through_2023_max_resid_vs_mean_missing_percentile_0_b5,two_year_through_2023,5%,max_resid minus mean,-8.383174,-13.625439,-3.299245,"paired bootstrap on the difference, same frozen draws; exploratory, pointwise"
pairedall_two_year_through_2023_max_resid_vs_mean_missing_pool_mean_b5,two_year_through_2023,5%,max_resid minus mean,-6.009186,-10.395848,-2.014890,"paired bootstrap on the difference, same frozen draws; exploratory, pointwise"
pairedall_two_year_through_2023_max_resid_vs_mean_missing_zero_citation_percentile_b5,two_year_through_2023,5%,max_resid minus mean,-7.494481,-12.208547,-2.870119,"paired bootstrap on the difference, same frozen draws; exploratory, pointwise"
pairedall_two_year_through_2023_max_resid_vs_D2_observed_only_b5,two_year_through_2023,5%,max_resid minus D2,3.190189,-0.681667,6.703464,"paired bootstrap on the difference, same frozen draws; exploratory, pointwise"
pairedall_two_year_through_2023_max_resid_vs_D2_missing_percentile_0_b5,two_year_through_2023,5%,max_resid minus D2,4.600219,1.009662,7.594350,"paired bootstrap on the difference, same frozen draws; exploratory, pointwise"
pairedall_two_year_through_2023_max_resid_vs_D2_missing_pool_mean_b5,two_year_through_2023,5%,max_resid minus D2,2.131041,-0.723074,4.646191,"paired bootstrap on the difference, same frozen draws; exploratory, pointwise"
pairedall_two_year_through_2023_max_resid_vs_D2_missing_zero_citation_percentile_b5,two_year_through_2023,5%,max_resid minus D2,3.654451,0.543938,6.300437,"paired bootstrap on the difference, same frozen draws; exploratory, pointwise"
pairedall_two_year_through_2023_lottery_vs_mean_observed_only_b5,two_year_through_2023,5%,lottery minus mean,-8.592625,-12.370524,-4.602498,"paired bootstrap on the difference, same frozen draws; exploratory, pointwise"
pairedall_two_year_through_2023_lottery_vs_mean_missing_percentile_0_b5,two_year_through_2023,5%,lottery minus mean,-9.364175,-12.870101,-5.535056,"paired bootstrap on the difference, same frozen draws; exploratory, pointwise"
pairedall_two_year_through_2023_lottery_vs_mean_missing_pool_mean_b5,two_year_through_2023,5%,lottery minus mean,-6.804988,-9.767784,-3.585423,"paired bootstrap on the difference, same frozen draws; exploratory, pointwise"
pairedall_two_year_through_2023_lottery_vs_mean_missing_zero_citation_percentile_b5,two_year_through_2023,5%,lottery minus mean,-8.401704,-11.572186,-4.902642,"paired bootstrap on the difference, same frozen draws; exploratory, pointwise"
pairedall_two_year_through_2023_lottery_vs_D2_observed_only_b5,two_year_through_2023,5%,lottery minus D2,2.065660,-1.757471,6.384267,"paired bootstrap on the difference, same frozen draws; exploratory, pointwise"
pairedall_two_year_through_2023_lottery_vs_D2_missing_percentile_0_b5,two_year_through_2023,5%,lottery minus D2,3.619218,-0.195427,7.059184,"paired bootstrap on the difference, same frozen draws; exploratory, pointwise"
pairedall_two_year_through_2023_lottery_vs_D2_missing_pool_mean_b5,two_year_through_2023,5%,lottery minus D2,1.335239,-1.301697,4.397688,"paired bootstrap on the difference, same frozen draws; exploratory, pointwise"
pairedall_two_year_through_2023_lottery_vs_D2_missing_zero_citation_percentile_b5,two_year_through_2023,5%,lottery minus D2,2.747228,-0.539048,5.851486,"paired bootstrap on the difference, same frozen draws; exploratory, pointwise"
pairedall_two_year_through_2023_D2_vs_lottery_observed_only_b10,two_year_through_2023,10%,D2 minus lottery,-0.647806,-3.643276,1.883616,"paired bootstrap on the difference, same frozen draws; exploratory, pointwise"
pairedall_two_year_through_2023_D2_vs_lottery_missing_percentile_0_b10,two_year_through_2023,10%,D2 minus lottery,-0.961423,-3.773053,1.354253,"paired bootstrap on the difference, same frozen draws; exploratory, pointwise"
pairedall_two_year_through_2023_D2_vs_lottery_missing_pool_mean_b10,two_year_through_2023,10%,D2 minus lottery,-0.434226,-2.560329,1.412246,"paired bootstrap on the difference, same frozen draws; exploratory, pointwise"
pairedall_two_year_through_2023_D2_vs_lottery_missing_zero_citation_percentile_b10,two_year_through_2023,10%,D2 minus lottery,-0.747804,-3.207456,1.324158,"paired bootstrap on the difference, same frozen draws; exploratory, pointwise"
pairedall_two_year_through_2023_D2_vs_mean_observed_only_b10,two_year_through_2023,10%,D2 minus mean,-8.766164,-12.735723,-5.097950,"paired bootstrap on the difference, same frozen draws; exploratory, pointwise"
pairedall_two_year_through_2023_D2_vs_mean_missing_percentile_0_b10,two_year_through_2023,10%,D2 minus mean,-10.918779,-14.898381,-7.387482,"paired bootstrap on the difference, same frozen draws; exploratory, pointwise"
pairedall_two_year_through_2023_D2_vs_mean_missing_pool_mean_b10,two_year_through_2023,10%,D2 minus mean,-6.983928,-9.999920,-4.114997,"paired bootstrap on the difference, same frozen draws; exploratory, pointwise"
pairedall_two_year_through_2023_D2_vs_mean_missing_zero_citation_percentile_b10,two_year_through_2023,10%,D2 minus mean,-9.427086,-12.944539,-6.356290,"paired bootstrap on the difference, same frozen draws; exploratory, pointwise"
pairedall_two_year_through_2023_mean_vs_lottery_observed_only_b10,two_year_through_2023,10%,mean minus lottery,8.118358,5.376755,10.719915,"paired bootstrap on the difference, same frozen draws; exploratory, pointwise"
pairedall_two_year_through_2023_mean_vs_lottery_missing_percentile_0_b10,two_year_through_2023,10%,mean minus lottery,9.957356,7.197035,12.359313,"paired bootstrap on the difference, same frozen draws; exploratory, pointwise"
pairedall_two_year_through_2023_mean_vs_lottery_missing_pool_mean_b10,two_year_through_2023,10%,mean minus lottery,6.549702,4.276742,8.652860,"paired bootstrap on the difference, same frozen draws; exploratory, pointwise"
pairedall_two_year_through_2023_mean_vs_lottery_missing_zero_citation_percentile_b10,two_year_through_2023,10%,mean minus lottery,8.679281,6.191419,10.941578,"paired bootstrap on the difference, same frozen draws; exploratory, pointwise"
pairedall_two_year_through_2023_mean_vs_D2_observed_only_b10,two_year_through_2023,10%,mean minus D2,8.766164,5.097950,12.735723,"paired bootstrap on the difference, same frozen draws; exploratory, pointwise"
pairedall_two_year_through_2023_mean_vs_D2_missing_percentile_0_b10,two_year_through_2023,10%,mean minus D2,10.918779,7.387482,14.898381,"paired bootstrap on the difference, same frozen draws; exploratory, pointwise"
pairedall_two_year_through_2023_mean_vs_D2_missing_pool_mean_b10,two_year_through_2023,10%,mean minus D2,6.983928,4.114997,9.999920,"paired bootstrap on the difference, same frozen draws; exploratory, pointwise"
pairedall_two_year_through_2023_mean_vs_D2_missing_zero_citation_percentile_b10,two_year_through_2023,10%,mean minus D2,9.427086,6.356290,12.944539,"paired bootstrap on the difference, same frozen draws; exploratory, pointwise"
pairedall_two_year_through_2023_variance_vs_lottery_observed_only_b10,two_year_through_2023,10%,variance minus lottery,3.822912,1.154673,6.773441,"paired bootstrap on the difference, same frozen draws; exploratory, pointwise"
pairedall_two_year_through_2023_variance_vs_lottery_missing_percentile_0_b10,two_year_through_2023,10%,variance minus lottery,4.167743,1.446393,6.827333,"paired bootstrap on the difference, same frozen draws; exploratory, pointwise"
pairedall_two_year_through_2023_variance_vs_lottery_missing_pool_mean_b10,two_year_through_2023,10%,variance minus lottery,2.895676,0.845008,5.159177,"paired bootstrap on the difference, same frozen draws; exploratory, pointwise"
pairedall_two_year_through_2023_variance_vs_lottery_missing_zero_citation_percentile_b10,two_year_through_2023,10%,variance minus lottery,3.703910,1.331568,6.125924,"paired bootstrap on the difference, same frozen draws; exploratory, pointwise"
pairedall_two_year_through_2023_variance_vs_mean_observed_only_b10,two_year_through_2023,10%,variance minus mean,-4.295446,-7.890757,-0.311580,"paired bootstrap on the difference, same frozen draws; exploratory, pointwise"
pairedall_two_year_through_2023_variance_vs_mean_missing_percentile_0_b10,two_year_through_2023,10%,variance minus mean,-5.789613,-9.406536,-1.817158,"paired bootstrap on the difference, same frozen draws; exploratory, pointwise"
pairedall_two_year_through_2023_variance_vs_mean_missing_pool_mean_b10,two_year_through_2023,10%,variance minus mean,-3.654026,-6.513240,-0.536784,"paired bootstrap on the difference, same frozen draws; exploratory, pointwise"
pairedall_two_year_through_2023_variance_vs_mean_missing_zero_citation_percentile_b10,two_year_through_2023,10%,variance minus mean,-4.975371,-8.091298,-1.423159,"paired bootstrap on the difference, same frozen draws; exploratory, pointwise"
pairedall_two_year_through_2023_variance_vs_D2_observed_only_b10,two_year_through_2023,10%,variance minus D2,4.470718,1.761239,7.940979,"paired bootstrap on the difference, same frozen draws; exploratory, pointwise"
pairedall_two_year_through_2023_variance_vs_D2_missing_percentile_0_b10,two_year_through_2023,10%,variance minus D2,5.129166,2.347491,8.240259,"paired bootstrap on the difference, same frozen draws; exploratory, pointwise"
pairedall_two_year_through_2023_variance_vs_D2_missing_pool_mean_b10,two_year_through_2023,10%,variance minus D2,3.329902,1.263232,5.898163,"paired bootstrap on the difference, same frozen draws; exploratory, pointwise"
pairedall_two_year_through_2023_variance_vs_D2_missing_zero_citation_percentile_b10,two_year_through_2023,10%,variance minus D2,4.451714,2.111521,7.291120,"paired bootstrap on the difference, same frozen draws; exploratory, pointwise"
pairedall_two_year_through_2023_max_vs_lottery_observed_only_b10,two_year_through_2023,10%,max minus lottery,6.674590,4.619745,10.225221,"paired bootstrap on the difference, same frozen draws; exploratory, pointwise"
pairedall_two_year_through_2023_max_vs_lottery_missing_percentile_0_b10,two_year_through_2023,10%,max minus lottery,5.941072,3.725767,9.065243,"paired bootstrap on the difference, same frozen draws; exploratory, pointwise"
pairedall_two_year_through_2023_max_vs_lottery_missing_pool_mean_b10,two_year_through_2023,10%,max minus lottery,5.042765,3.474357,7.697460,"paired bootstrap on the difference, same frozen draws; exploratory, pointwise"
pairedall_two_year_through_2023_max_vs_lottery_missing_zero_citation_percentile_b10,two_year_through_2023,10%,max minus lottery,5.626490,3.687213,8.452036,"paired bootstrap on the difference, same frozen draws; exploratory, pointwise"
pairedall_two_year_through_2023_max_vs_mean_observed_only_b10,two_year_through_2023,10%,max minus mean,-1.443769,-4.070131,2.679380,"paired bootstrap on the difference, same frozen draws; exploratory, pointwise"
pairedall_two_year_through_2023_max_vs_mean_missing_percentile_0_b10,two_year_through_2023,10%,max minus mean,-4.016284,-6.850744,-0.127951,"paired bootstrap on the difference, same frozen draws; exploratory, pointwise"
pairedall_two_year_through_2023_max_vs_mean_missing_pool_mean_b10,two_year_through_2023,10%,max minus mean,-1.506937,-3.596242,1.732200,"paired bootstrap on the difference, same frozen draws; exploratory, pointwise"
pairedall_two_year_through_2023_max_vs_mean_missing_zero_citation_percentile_b10,two_year_through_2023,10%,max minus mean,-3.052791,-5.453745,0.429605,"paired bootstrap on the difference, same frozen draws; exploratory, pointwise"
pairedall_two_year_through_2023_max_vs_D2_observed_only_b10,two_year_through_2023,10%,max minus D2,7.322396,4.676741,11.579450,"paired bootstrap on the difference, same frozen draws; exploratory, pointwise"
pairedall_two_year_through_2023_max_vs_D2_missing_percentile_0_b10,two_year_through_2023,10%,max minus D2,6.902495,4.446654,10.819563,"paired bootstrap on the difference, same frozen draws; exploratory, pointwise"
pairedall_two_year_through_2023_max_vs_D2_missing_pool_mean_b10,two_year_through_2023,10%,max minus D2,5.476991,3.529713,8.587262,"paired bootstrap on the difference, same frozen draws; exploratory, pointwise"
pairedall_two_year_through_2023_max_vs_D2_missing_zero_citation_percentile_b10,two_year_through_2023,10%,max minus D2,6.374294,4.256296,9.763123,"paired bootstrap on the difference, same frozen draws; exploratory, pointwise"
pairedall_two_year_through_2023_max_resid_vs_lottery_observed_only_b10,two_year_through_2023,10%,max_resid minus lottery,-0.740891,-3.179373,2.256644,"paired bootstrap on the difference, same frozen draws; exploratory, pointwise"
pairedall_two_year_through_2023_max_resid_vs_lottery_missing_percentile_0_b10,two_year_through_2023,10%,max_resid minus lottery,-0.052446,-2.372336,2.719406,"paired bootstrap on the difference, same frozen draws; exploratory, pointwise"
pairedall_two_year_through_2023_max_resid_vs_lottery_missing_pool_mean_b10,two_year_through_2023,10%,max_resid minus lottery,-0.563754,-2.403108,1.686671,"paired bootstrap on the difference, same frozen draws; exploratory, pointwise"
pairedall_two_year_through_2023_max_resid_vs_lottery_missing_zero_citation_percentile_b10,two_year_through_2023,10%,max_resid minus lottery,-0.225266,-2.319630,2.268130,"paired bootstrap on the difference, same frozen draws; exploratory, pointwise"
pairedall_two_year_through_2023_max_resid_vs_mean_observed_only_b10,two_year_through_2023,10%,max_resid minus mean,-8.859249,-12.411008,-4.712500,"paired bootstrap on the difference, same frozen draws; exploratory, pointwise"
pairedall_two_year_through_2023_max_resid_vs_mean_missing_percentile_0_b10,two_year_through_2023,10%,max_resid minus mean,-10.009802,-13.208398,-6.068555,"paired bootstrap on the difference, same frozen draws; exploratory, pointwise"
pairedall_two_year_through_2023_max_resid_vs_mean_missing_pool_mean_b10,two_year_through_2023,10%,max_resid minus mean,-7.113456,-9.851192,-3.782711,"paired bootstrap on the difference, same frozen draws; exploratory, pointwise"
pairedall_two_year_through_2023_max_resid_vs_mean_missing_zero_citation_percentile_b10,two_year_through_2023,10%,max_resid minus mean,-8.904547,-11.741971,-5.321884,"paired bootstrap on the difference, same frozen draws; exploratory, pointwise"
pairedall_two_year_through_2023_max_resid_vs_D2_observed_only_b10,two_year_through_2023,10%,max_resid minus D2,-0.093085,-1.881241,2.590279,"paired bootstrap on the difference, same frozen draws; exploratory, pointwise"
pairedall_two_year_through_2023_max_resid_vs_D2_missing_percentile_0_b10,two_year_through_2023,10%,max_resid minus D2,0.908977,-0.841516,3.565571,"paired bootstrap on the difference, same frozen draws; exploratory, pointwise"
pairedall_two_year_through_2023_max_resid_vs_D2_missing_pool_mean_b10,two_year_through_2023,10%,max_resid minus D2,-0.129528,-1.461085,1.843178,"paired bootstrap on the difference, same frozen draws; exploratory, pointwise"
pairedall_two_year_through_2023_max_resid_vs_D2_missing_zero_citation_percentile_b10,two_year_through_2023,10%,max_resid minus D2,0.522539,-0.955895,2.877572,"paired bootstrap on the difference, same frozen draws; exploratory, pointwise"
pairedall_two_year_through_2023_lottery_vs_mean_observed_only_b10,two_year_through_2023,10%,lottery minus mean,-8.118358,-10.719915,-5.376755,"paired bootstrap on the difference, same frozen draws; exploratory, pointwise"
pairedall_two_year_through_2023_lottery_vs_mean_missing_percentile_0_b10,two_year_through_2023,10%,lottery minus mean,-9.957356,-12.359313,-7.197035,"paired bootstrap on the difference, same frozen draws; exploratory, pointwise"
pairedall_two_year_through_2023_lottery_vs_mean_missing_pool_mean_b10,two_year_through_2023,10%,lottery minus mean,-6.549702,-8.652860,-4.276742,"paired bootstrap on the difference, same frozen draws; exploratory, pointwise"
pairedall_two_year_through_2023_lottery_vs_mean_missing_zero_citation_percentile_b10,two_year_through_2023,10%,lottery minus mean,-8.679281,-10.941578,-6.191419,"paired bootstrap on the difference, same frozen draws; exploratory, pointwise"
pairedall_two_year_through_2023_lottery_vs_D2_observed_only_b10,two_year_through_2023,10%,lottery minus D2,0.647806,-1.883616,3.643276,"paired bootstrap on the difference, same frozen draws; exploratory, pointwise"
pairedall_two_year_through_2023_lottery_vs_D2_missing_percentile_0_b10,two_year_through_2023,10%,lottery minus D2,0.961423,-1.354253,3.773053,"paired bootstrap on the difference, same frozen draws; exploratory, pointwise"
pairedall_two_year_through_2023_lottery_vs_D2_missing_pool_mean_b10,two_year_through_2023,10%,lottery minus D2,0.434226,-1.412246,2.560329,"paired bootstrap on the difference, same frozen draws; exploratory, pointwise"
pairedall_two_year_through_2023_lottery_vs_D2_missing_zero_citation_percentile_b10,two_year_through_2023,10%,lottery minus D2,0.747804,-1.324158,3.207456,"paired bootstrap on the difference, same frozen draws; exploratory, pointwise"
pairedall_two_year_full_D2_vs_lottery_observed_only_b1,two_year_full,1%,D2 minus lottery,3.765730,-6.615479,10.349787,"paired bootstrap on the difference, same frozen draws; exploratory, pointwise"
pairedall_two_year_full_D2_vs_lottery_missing_percentile_0_b1,two_year_full,1%,D2 minus lottery,-1.896756,-9.857347,5.155954,"paired bootstrap on the difference, same frozen draws; exploratory, pointwise"
pairedall_two_year_full_D2_vs_lottery_missing_pool_mean_b1,two_year_full,1%,D2 minus lottery,2.425447,-3.673932,6.445128,"paired bootstrap on the difference, same frozen draws; exploratory, pointwise"
pairedall_two_year_full_D2_vs_lottery_missing_zero_citation_percentile_b1,two_year_full,1%,D2 minus lottery,-0.006555,-6.923307,5.237081,"paired bootstrap on the difference, same frozen draws; exploratory, pointwise"
pairedall_two_year_full_D2_vs_mean_observed_only_b1,two_year_full,1%,D2 minus mean,-6.923462,-18.033043,3.504669,"paired bootstrap on the difference, same frozen draws; exploratory, pointwise"
pairedall_two_year_full_D2_vs_mean_missing_percentile_0_b1,two_year_full,1%,D2 minus mean,-14.610772,-23.509097,-3.308926,"paired bootstrap on the difference, same frozen draws; exploratory, pointwise"
pairedall_two_year_full_D2_vs_mean_missing_pool_mean_b1,two_year_full,1%,D2 minus mean,-5.784763,-12.713017,1.592542,"paired bootstrap on the difference, same frozen draws; exploratory, pointwise"
pairedall_two_year_full_D2_vs_mean_missing_zero_citation_percentile_b1,two_year_full,1%,D2 minus mean,-10.812714,-18.195693,-1.679273,"paired bootstrap on the difference, same frozen draws; exploratory, pointwise"
pairedall_two_year_full_mean_vs_lottery_observed_only_b1,two_year_full,1%,mean minus lottery,10.689192,2.727936,15.979202,"paired bootstrap on the difference, same frozen draws; exploratory, pointwise"
pairedall_two_year_full_mean_vs_lottery_missing_percentile_0_b1,two_year_full,1%,mean minus lottery,12.714016,3.501205,18.286948,"paired bootstrap on the difference, same frozen draws; exploratory, pointwise"
pairedall_two_year_full_mean_vs_lottery_missing_pool_mean_b1,two_year_full,1%,mean minus lottery,8.210210,1.976651,12.163298,"paired bootstrap on the difference, same frozen draws; exploratory, pointwise"
pairedall_two_year_full_mean_vs_lottery_missing_zero_citation_percentile_b1,two_year_full,1%,mean minus lottery,10.806159,3.184739,15.528697,"paired bootstrap on the difference, same frozen draws; exploratory, pointwise"
pairedall_two_year_full_mean_vs_D2_observed_only_b1,two_year_full,1%,mean minus D2,6.923462,-3.504669,18.033043,"paired bootstrap on the difference, same frozen draws; exploratory, pointwise"
pairedall_two_year_full_mean_vs_D2_missing_percentile_0_b1,two_year_full,1%,mean minus D2,14.610772,3.308926,23.509097,"paired bootstrap on the difference, same frozen draws; exploratory, pointwise"
pairedall_two_year_full_mean_vs_D2_missing_pool_mean_b1,two_year_full,1%,mean minus D2,5.784763,-1.592542,12.713017,"paired bootstrap on the difference, same frozen draws; exploratory, pointwise"
pairedall_two_year_full_mean_vs_D2_missing_zero_citation_percentile_b1,two_year_full,1%,mean minus D2,10.812714,1.679273,18.195693,"paired bootstrap on the difference, same frozen draws; exploratory, pointwise"
pairedall_two_year_full_variance_vs_lottery_observed_only_b1,two_year_full,1%,variance minus lottery,0.708351,-6.284006,8.901521,"paired bootstrap on the difference, same frozen draws; exploratory, pointwise"
pairedall_two_year_full_variance_vs_lottery_missing_percentile_0_b1,two_year_full,1%,variance minus lottery,3.620782,-3.470355,11.392028,"paired bootstrap on the difference, same frozen draws; exploratory, pointwise"
pairedall_two_year_full_variance_vs_lottery_missing_pool_mean_b1,two_year_full,1%,variance minus lottery,0.282765,-4.896344,6.527880,"paired bootstrap on the difference, same frozen draws; exploratory, pointwise"
pairedall_two_year_full_variance_vs_lottery_missing_zero_citation_percentile_b1,two_year_full,1%,variance minus lottery,2.146416,-3.804575,9.054652,"paired bootstrap on the difference, same frozen draws; exploratory, pointwise"
pairedall_two_year_full_variance_vs_mean_observed_only_b1,two_year_full,1%,variance minus mean,-9.980841,-17.500972,1.876265,"paired bootstrap on the difference, same frozen draws; exploratory, pointwise"
pairedall_two_year_full_variance_vs_mean_missing_percentile_0_b1,two_year_full,1%,variance minus mean,-9.093234,-16.632334,2.814984,"paired bootstrap on the difference, same frozen draws; exploratory, pointwise"
pairedall_two_year_full_variance_vs_mean_missing_pool_mean_b1,two_year_full,1%,variance minus mean,-7.927446,-13.546443,1.230813,"paired bootstrap on the difference, same frozen draws; exploratory, pointwise"
pairedall_two_year_full_variance_vs_mean_missing_zero_citation_percentile_b1,two_year_full,1%,variance minus mean,-8.659743,-14.834002,1.682142,"paired bootstrap on the difference, same frozen draws; exploratory, pointwise"
pairedall_two_year_full_variance_vs_D2_observed_only_b1,two_year_full,1%,variance minus D2,-3.057379,-9.857450,8.780139,"paired bootstrap on the difference, same frozen draws; exploratory, pointwise"
pairedall_two_year_full_variance_vs_D2_missing_percentile_0_b1,two_year_full,1%,variance minus D2,5.517538,-1.837131,15.248938,"paired bootstrap on the difference, same frozen draws; exploratory, pointwise"
pairedall_two_year_full_variance_vs_D2_missing_pool_mean_b1,two_year_full,1%,variance minus D2,-2.142683,-6.578557,5.571596,"paired bootstrap on the difference, same frozen draws; exploratory, pointwise"
pairedall_two_year_full_variance_vs_D2_missing_zero_citation_percentile_b1,two_year_full,1%,variance minus D2,2.152971,-3.714705,10.663153,"paired bootstrap on the difference, same frozen draws; exploratory, pointwise"
pairedall_two_year_full_max_vs_lottery_observed_only_b1,two_year_full,1%,max minus lottery,9.228553,2.073896,16.293102,"paired bootstrap on the difference, same frozen draws; exploratory, pointwise"
pairedall_two_year_full_max_vs_lottery_missing_percentile_0_b1,two_year_full,1%,max minus lottery,7.909395,1.463555,16.062210,"paired bootstrap on the difference, same frozen draws; exploratory, pointwise"
pairedall_two_year_full_max_vs_lottery_missing_pool_mean_b1,two_year_full,1%,max minus lottery,6.421003,1.290762,11.969328,"paired bootstrap on the difference, same frozen draws; exploratory, pointwise"
pairedall_two_year_full_max_vs_lottery_missing_zero_citation_percentile_b1,two_year_full,1%,max minus lottery,7.104549,1.554135,13.911068,"paired bootstrap on the difference, same frozen draws; exploratory, pointwise"
pairedall_two_year_full_max_vs_mean_observed_only_b1,two_year_full,1%,max minus mean,-1.460639,-8.853449,9.681324,"paired bootstrap on the difference, same frozen draws; exploratory, pointwise"
pairedall_two_year_full_max_vs_mean_missing_percentile_0_b1,two_year_full,1%,max minus mean,-4.804621,-11.022880,6.795868,"paired bootstrap on the difference, same frozen draws; exploratory, pointwise"
pairedall_two_year_full_max_vs_mean_missing_pool_mean_b1,two_year_full,1%,max minus mean,-1.789207,-7.054376,6.974798,"paired bootstrap on the difference, same frozen draws; exploratory, pointwise"
pairedall_two_year_full_max_vs_mean_missing_zero_citation_percentile_b1,two_year_full,1%,max minus mean,-3.701610,-9.062743,6.428892,"paired bootstrap on the difference, same frozen draws; exploratory, pointwise"
pairedall_two_year_full_max_vs_D2_observed_only_b1,two_year_full,1%,max minus D2,5.462823,-3.006360,17.624027,"paired bootstrap on the difference, same frozen draws; exploratory, pointwise"
pairedall_two_year_full_max_vs_D2_missing_percentile_0_b1,two_year_full,1%,max minus D2,9.806151,1.383446,20.857815,"paired bootstrap on the difference, same frozen draws; exploratory, pointwise"
pairedall_two_year_full_max_vs_D2_missing_pool_mean_b1,two_year_full,1%,max minus D2,3.995556,-1.624635,12.160912,"paired bootstrap on the difference, same frozen draws; exploratory, pointwise"
pairedall_two_year_full_max_vs_D2_missing_zero_citation_percentile_b1,two_year_full,1%,max minus D2,7.111104,0.161063,16.744957,"paired bootstrap on the difference, same frozen draws; exploratory, pointwise"
pairedall_two_year_full_max_resid_vs_lottery_observed_only_b1,two_year_full,1%,max_resid minus lottery,-0.353484,-7.459887,9.327830,"paired bootstrap on the difference, same frozen draws; exploratory, pointwise"
pairedall_two_year_full_max_resid_vs_lottery_missing_percentile_0_b1,two_year_full,1%,max_resid minus lottery,-2.546809,-8.519686,6.211778,"paired bootstrap on the difference, same frozen draws; exploratory, pointwise"
pairedall_two_year_full_max_resid_vs_lottery_missing_pool_mean_b1,two_year_full,1%,max_resid minus lottery,-0.270749,-4.743069,6.221632,"paired bootstrap on the difference, same frozen draws; exploratory, pointwise"
pairedall_two_year_full_max_resid_vs_lottery_missing_zero_citation_percentile_b1,two_year_full,1%,max_resid minus lottery,-1.720678,-6.481618,5.783973,"paired bootstrap on the difference, same frozen draws; exploratory, pointwise"
pairedall_two_year_full_max_resid_vs_mean_observed_only_b1,two_year_full,1%,max_resid minus mean,-11.042676,-18.298630,2.503265,"paired bootstrap on the difference, same frozen draws; exploratory, pointwise"
pairedall_two_year_full_max_resid_vs_mean_missing_percentile_0_b1,two_year_full,1%,max_resid minus mean,-15.260825,-22.227936,-2.133416,"paired bootstrap on the difference, same frozen draws; exploratory, pointwise"
pairedall_two_year_full_max_resid_vs_mean_missing_pool_mean_b1,two_year_full,1%,max_resid minus mean,-8.480959,-13.409259,1.284171,"paired bootstrap on the difference, same frozen draws; exploratory, pointwise"
pairedall_two_year_full_max_resid_vs_mean_missing_zero_citation_percentile_b1,two_year_full,1%,max_resid minus mean,-12.526837,-18.391529,-1.283223,"paired bootstrap on the difference, same frozen draws; exploratory, pointwise"
pairedall_two_year_full_max_resid_vs_D2_observed_only_b1,two_year_full,1%,max_resid minus D2,-4.119214,-8.915988,7.057577,"paired bootstrap on the difference, same frozen draws; exploratory, pointwise"
pairedall_two_year_full_max_resid_vs_D2_missing_percentile_0_b1,two_year_full,1%,max_resid minus D2,-0.650052,-4.917846,8.790904,"paired bootstrap on the difference, same frozen draws; exploratory, pointwise"
pairedall_two_year_full_max_resid_vs_D2_missing_pool_mean_b1,two_year_full,1%,max_resid minus D2,-2.696196,-5.527351,4.162381,"paired bootstrap on the difference, same frozen draws; exploratory, pointwise"
pairedall_two_year_full_max_resid_vs_D2_missing_zero_citation_percentile_b1,two_year_full,1%,max_resid minus D2,-1.714123,-4.981941,6.359541,"paired bootstrap on the difference, same frozen draws; exploratory, pointwise"
pairedall_two_year_full_lottery_vs_mean_observed_only_b1,two_year_full,1%,lottery minus mean,-10.689192,-15.979202,-2.727936,"paired bootstrap on the difference, same frozen draws; exploratory, pointwise"
pairedall_two_year_full_lottery_vs_mean_missing_percentile_0_b1,two_year_full,1%,lottery minus mean,-12.714016,-18.286948,-3.501205,"paired bootstrap on the difference, same frozen draws; exploratory, pointwise"
pairedall_two_year_full_lottery_vs_mean_missing_pool_mean_b1,two_year_full,1%,lottery minus mean,-8.210210,-12.163298,-1.976651,"paired bootstrap on the difference, same frozen draws; exploratory, pointwise"
pairedall_two_year_full_lottery_vs_mean_missing_zero_citation_percentile_b1,two_year_full,1%,lottery minus mean,-10.806159,-15.528697,-3.184739,"paired bootstrap on the difference, same frozen draws; exploratory, pointwise"
pairedall_two_year_full_lottery_vs_D2_observed_only_b1,two_year_full,1%,lottery minus D2,-3.765730,-10.349787,6.615479,"paired bootstrap on the difference, same frozen draws; exploratory, pointwise"
pairedall_two_year_full_lottery_vs_D2_missing_percentile_0_b1,two_year_full,1%,lottery minus D2,1.896756,-5.155954,9.857347,"paired bootstrap on the difference, same frozen draws; exploratory, pointwise"
pairedall_two_year_full_lottery_vs_D2_missing_pool_mean_b1,two_year_full,1%,lottery minus D2,-2.425447,-6.445128,3.673932,"paired bootstrap on the difference, same frozen draws; exploratory, pointwise"
pairedall_two_year_full_lottery_vs_D2_missing_zero_citation_percentile_b1,two_year_full,1%,lottery minus D2,0.006555,-5.237081,6.923307,"paired bootstrap on the difference, same frozen draws; exploratory, pointwise"
pairedall_two_year_full_D2_vs_lottery_observed_only_b2,two_year_full,2%,D2 minus lottery,1.481421,-4.441572,6.861168,"paired bootstrap on the difference, same frozen draws; exploratory, pointwise"
pairedall_two_year_full_D2_vs_lottery_missing_percentile_0_b2,two_year_full,2%,D2 minus lottery,1.076375,-4.404711,5.749926,"paired bootstrap on the difference, same frozen draws; exploratory, pointwise"
pairedall_two_year_full_D2_vs_lottery_missing_pool_mean_b2,two_year_full,2%,D2 minus lottery,0.996429,-3.071388,4.640079,"paired bootstrap on the difference, same frozen draws; exploratory, pointwise"
pairedall_two_year_full_D2_vs_lottery_missing_zero_citation_percentile_b2,two_year_full,2%,D2 minus lottery,1.059795,-3.505089,5.131284,"paired bootstrap on the difference, same frozen draws; exploratory, pointwise"
pairedall_two_year_full_D2_vs_mean_observed_only_b2,two_year_full,2%,D2 minus mean,-6.788573,-15.497233,-0.266538,"paired bootstrap on the difference, same frozen draws; exploratory, pointwise"
pairedall_two_year_full_D2_vs_mean_missing_percentile_0_b2,two_year_full,2%,D2 minus mean,-8.662211,-17.484891,-2.763550,"paired bootstrap on the difference, same frozen draws; exploratory, pointwise"
pairedall_two_year_full_D2_vs_mean_missing_pool_mean_b2,two_year_full,2%,D2 minus mean,-5.178535,-11.541189,-0.492989,"paired bootstrap on the difference, same frozen draws; exploratory, pointwise"
pairedall_two_year_full_D2_vs_mean_missing_zero_citation_percentile_b2,two_year_full,2%,D2 minus mean,-7.157460,-14.638670,-2.084129,"paired bootstrap on the difference, same frozen draws; exploratory, pointwise"
pairedall_two_year_full_mean_vs_lottery_observed_only_b2,two_year_full,2%,mean minus lottery,8.269994,3.876237,14.137895,"paired bootstrap on the difference, same frozen draws; exploratory, pointwise"
pairedall_two_year_full_mean_vs_lottery_missing_percentile_0_b2,two_year_full,2%,mean minus lottery,9.738586,5.608414,16.126789,"paired bootstrap on the difference, same frozen draws; exploratory, pointwise"
pairedall_two_year_full_mean_vs_lottery_missing_pool_mean_b2,two_year_full,2%,mean minus lottery,6.174964,2.869828,10.894164,"paired bootstrap on the difference, same frozen draws; exploratory, pointwise"
pairedall_two_year_full_mean_vs_lottery_missing_zero_citation_percentile_b2,two_year_full,2%,mean minus lottery,8.217256,4.529011,13.823446,"paired bootstrap on the difference, same frozen draws; exploratory, pointwise"
pairedall_two_year_full_mean_vs_D2_observed_only_b2,two_year_full,2%,mean minus D2,6.788573,0.266538,15.497233,"paired bootstrap on the difference, same frozen draws; exploratory, pointwise"
pairedall_two_year_full_mean_vs_D2_missing_percentile_0_b2,two_year_full,2%,mean minus D2,8.662211,2.763550,17.484891,"paired bootstrap on the difference, same frozen draws; exploratory, pointwise"
pairedall_two_year_full_mean_vs_D2_missing_pool_mean_b2,two_year_full,2%,mean minus D2,5.178535,0.492989,11.541189,"paired bootstrap on the difference, same frozen draws; exploratory, pointwise"
pairedall_two_year_full_mean_vs_D2_missing_zero_citation_percentile_b2,two_year_full,2%,mean minus D2,7.157460,2.084129,14.638670,"paired bootstrap on the difference, same frozen draws; exploratory, pointwise"
pairedall_two_year_full_variance_vs_lottery_observed_only_b2,two_year_full,2%,variance minus lottery,1.744740,-3.789600,6.921904,"paired bootstrap on the difference, same frozen draws; exploratory, pointwise"
pairedall_two_year_full_variance_vs_lottery_missing_percentile_0_b2,two_year_full,2%,variance minus lottery,2.527660,-2.581872,7.349848,"paired bootstrap on the difference, same frozen draws; exploratory, pointwise"
pairedall_two_year_full_variance_vs_lottery_missing_pool_mean_b2,two_year_full,2%,variance minus lottery,1.100920,-2.873920,4.818363,"paired bootstrap on the difference, same frozen draws; exploratory, pointwise"
pairedall_two_year_full_variance_vs_lottery_missing_zero_citation_percentile_b2,two_year_full,2%,variance minus lottery,1.875138,-2.512840,6.042778,"paired bootstrap on the difference, same frozen draws; exploratory, pointwise"
pairedall_two_year_full_variance_vs_mean_observed_only_b2,two_year_full,2%,variance minus mean,-6.525254,-14.994945,-0.519741,"paired bootstrap on the difference, same frozen draws; exploratory, pointwise"
pairedall_two_year_full_variance_vs_mean_missing_percentile_0_b2,two_year_full,2%,variance minus mean,-7.210926,-15.717647,-1.241138,"paired bootstrap on the difference, same frozen draws; exploratory, pointwise"
pairedall_two_year_full_variance_vs_mean_missing_pool_mean_b2,two_year_full,2%,variance minus mean,-5.074043,-11.462001,-0.674119,"paired bootstrap on the difference, same frozen draws; exploratory, pointwise"
pairedall_two_year_full_variance_vs_mean_missing_zero_citation_percentile_b2,two_year_full,2%,variance minus mean,-6.342118,-13.758321,-1.340582,"paired bootstrap on the difference, same frozen draws; exploratory, pointwise"
pairedall_two_year_full_variance_vs_D2_observed_only_b2,two_year_full,2%,variance minus D2,0.263319,-6.264155,6.920259,"paired bootstrap on the difference, same frozen draws; exploratory, pointwise"
pairedall_two_year_full_variance_vs_D2_missing_percentile_0_b2,two_year_full,2%,variance minus D2,1.451285,-4.089244,7.616643,"paired bootstrap on the difference, same frozen draws; exploratory, pointwise"
pairedall_two_year_full_variance_vs_D2_missing_pool_mean_b2,two_year_full,2%,variance minus D2,0.104491,-4.412914,4.633754,"paired bootstrap on the difference, same frozen draws; exploratory, pointwise"
pairedall_two_year_full_variance_vs_D2_missing_zero_citation_percentile_b2,two_year_full,2%,variance minus D2,0.815342,-4.056400,5.983013,"paired bootstrap on the difference, same frozen draws; exploratory, pointwise"
pairedall_two_year_full_max_vs_lottery_observed_only_b2,two_year_full,2%,max minus lottery,8.204990,2.559946,13.520346,"paired bootstrap on the difference, same frozen draws; exploratory, pointwise"
pairedall_two_year_full_max_vs_lottery_missing_percentile_0_b2,two_year_full,2%,max minus lottery,8.233602,2.864879,13.319473,"paired bootstrap on the difference, same frozen draws; exploratory, pointwise"
pairedall_two_year_full_max_vs_lottery_missing_pool_mean_b2,two_year_full,2%,max minus lottery,5.873157,1.735398,9.744870,"paired bootstrap on the difference, same frozen draws; exploratory, pointwise"
pairedall_two_year_full_max_vs_lottery_missing_zero_citation_percentile_b2,two_year_full,2%,max minus lottery,7.175798,2.559906,11.450679,"paired bootstrap on the difference, same frozen draws; exploratory, pointwise"
pairedall_two_year_full_max_vs_mean_observed_only_b2,two_year_full,2%,max minus mean,-0.065004,-7.630617,5.894018,"paired bootstrap on the difference, same frozen draws; exploratory, pointwise"
pairedall_two_year_full_max_vs_mean_missing_percentile_0_b2,two_year_full,2%,max minus mean,-1.504984,-9.604399,4.392827,"paired bootstrap on the difference, same frozen draws; exploratory, pointwise"
pairedall_two_year_full_max_vs_mean_missing_pool_mean_b2,two_year_full,2%,max minus mean,-0.301807,-6.207532,4.062048,"paired bootstrap on the difference, same frozen draws; exploratory, pointwise"
pairedall_two_year_full_max_vs_mean_missing_zero_citation_percentile_b2,two_year_full,2%,max minus mean,-1.041458,-8.051605,3.793709,"paired bootstrap on the difference, same frozen draws; exploratory, pointwise"
pairedall_two_year_full_max_vs_D2_observed_only_b2,two_year_full,2%,max minus D2,6.723569,0.059492,14.057857,"paired bootstrap on the difference, same frozen draws; exploratory, pointwise"
pairedall_two_year_full_max_vs_D2_missing_percentile_0_b2,two_year_full,2%,max minus D2,7.157227,0.881582,13.828289,"paired bootstrap on the difference, same frozen draws; exploratory, pointwise"
pairedall_two_year_full_max_vs_D2_missing_pool_mean_b2,two_year_full,2%,max minus D2,4.876728,0.089319,9.972998,"paired bootstrap on the difference, same frozen draws; exploratory, pointwise"
pairedall_two_year_full_max_vs_D2_missing_zero_citation_percentile_b2,two_year_full,2%,max minus D2,6.116003,0.594647,11.776858,"paired bootstrap on the difference, same frozen draws; exploratory, pointwise"
pairedall_two_year_full_max_resid_vs_lottery_observed_only_b2,two_year_full,2%,max_resid minus lottery,2.234353,-4.471183,7.071821,"paired bootstrap on the difference, same frozen draws; exploratory, pointwise"
pairedall_two_year_full_max_resid_vs_lottery_missing_percentile_0_b2,two_year_full,2%,max_resid minus lottery,0.950314,-4.775588,5.513352,"paired bootstrap on the difference, same frozen draws; exploratory, pointwise"
pairedall_two_year_full_max_resid_vs_lottery_missing_pool_mean_b2,two_year_full,2%,max_resid minus lottery,1.427045,-2.958337,4.657312,"paired bootstrap on the difference, same frozen draws; exploratory, pointwise"
pairedall_two_year_full_max_resid_vs_lottery_missing_zero_citation_percentile_b2,two_year_full,2%,max_resid minus lottery,1.111345,-3.856753,4.852069,"paired bootstrap on the difference, same frozen draws; exploratory, pointwise"
pairedall_two_year_full_max_resid_vs_mean_observed_only_b2,two_year_full,2%,max_resid minus mean,-6.035641,-15.385922,-0.047038,"paired bootstrap on the difference, same frozen draws; exploratory, pointwise"
pairedall_two_year_full_max_resid_vs_mean_missing_percentile_0_b2,two_year_full,2%,max_resid minus mean,-8.788271,-17.923408,-3.380724,"paired bootstrap on the difference, same frozen draws; exploratory, pointwise"
pairedall_two_year_full_max_resid_vs_mean_missing_pool_mean_b2,two_year_full,2%,max_resid minus mean,-4.747918,-11.587205,-0.383621,"paired bootstrap on the difference, same frozen draws; exploratory, pointwise"
pairedall_two_year_full_max_resid_vs_mean_missing_zero_citation_percentile_b2,two_year_full,2%,max_resid minus mean,-7.105911,-14.980686,-2.508001,"paired bootstrap on the difference, same frozen draws; exploratory, pointwise"
pairedall_two_year_full_max_resid_vs_D2_observed_only_b2,two_year_full,2%,max_resid minus D2,0.752932,-4.303818,4.799315,"paired bootstrap on the difference, same frozen draws; exploratory, pointwise"
pairedall_two_year_full_max_resid_vs_D2_missing_percentile_0_b2,two_year_full,2%,max_resid minus D2,-0.126060,-3.905802,3.355033,"paired bootstrap on the difference, same frozen draws; exploratory, pointwise"
pairedall_two_year_full_max_resid_vs_D2_missing_pool_mean_b2,two_year_full,2%,max_resid minus D2,0.430616,-2.982035,3.177458,"paired bootstrap on the difference, same frozen draws; exploratory, pointwise"
pairedall_two_year_full_max_resid_vs_D2_missing_zero_citation_percentile_b2,two_year_full,2%,max_resid minus D2,0.051550,-3.405998,3.179344,"paired bootstrap on the difference, same frozen draws; exploratory, pointwise"
pairedall_two_year_full_lottery_vs_mean_observed_only_b2,two_year_full,2%,lottery minus mean,-8.269994,-14.137895,-3.876237,"paired bootstrap on the difference, same frozen draws; exploratory, pointwise"
pairedall_two_year_full_lottery_vs_mean_missing_percentile_0_b2,two_year_full,2%,lottery minus mean,-9.738586,-16.126789,-5.608414,"paired bootstrap on the difference, same frozen draws; exploratory, pointwise"
pairedall_two_year_full_lottery_vs_mean_missing_pool_mean_b2,two_year_full,2%,lottery minus mean,-6.174964,-10.894164,-2.869828,"paired bootstrap on the difference, same frozen draws; exploratory, pointwise"
pairedall_two_year_full_lottery_vs_mean_missing_zero_citation_percentile_b2,two_year_full,2%,lottery minus mean,-8.217256,-13.823446,-4.529011,"paired bootstrap on the difference, same frozen draws; exploratory, pointwise"
pairedall_two_year_full_lottery_vs_D2_observed_only_b2,two_year_full,2%,lottery minus D2,-1.481421,-6.861168,4.441572,"paired bootstrap on the difference, same frozen draws; exploratory, pointwise"
pairedall_two_year_full_lottery_vs_D2_missing_percentile_0_b2,two_year_full,2%,lottery minus D2,-1.076375,-5.749926,4.404711,"paired bootstrap on the difference, same frozen draws; exploratory, pointwise"
pairedall_two_year_full_lottery_vs_D2_missing_pool_mean_b2,two_year_full,2%,lottery minus D2,-0.996429,-4.640079,3.071388,"paired bootstrap on the difference, same frozen draws; exploratory, pointwise"
pairedall_two_year_full_lottery_vs_D2_missing_zero_citation_percentile_b2,two_year_full,2%,lottery minus D2,-1.059795,-5.131284,3.505089,"paired bootstrap on the difference, same frozen draws; exploratory, pointwise"
pairedall_two_year_full_D2_vs_lottery_observed_only_b5,two_year_full,5%,D2 minus lottery,-2.512911,-5.908787,1.062202,"paired bootstrap on the difference, same frozen draws; exploratory, pointwise"
pairedall_two_year_full_D2_vs_lottery_missing_percentile_0_b5,two_year_full,5%,D2 minus lottery,-3.643786,-6.453219,-0.515823,"paired bootstrap on the difference, same frozen draws; exploratory, pointwise"
pairedall_two_year_full_D2_vs_lottery_missing_pool_mean_b5,two_year_full,5%,D2 minus lottery,-1.539408,-3.762544,0.732992,"paired bootstrap on the difference, same frozen draws; exploratory, pointwise"
pairedall_two_year_full_D2_vs_lottery_missing_zero_citation_percentile_b5,two_year_full,5%,D2 minus lottery,-2.800222,-5.178228,-0.212172,"paired bootstrap on the difference, same frozen draws; exploratory, pointwise"
pairedall_two_year_full_D2_vs_mean_observed_only_b5,two_year_full,5%,D2 minus mean,-9.505245,-13.977995,-4.394851,"paired bootstrap on the difference, same frozen draws; exploratory, pointwise"
pairedall_two_year_full_D2_vs_mean_missing_percentile_0_b5,two_year_full,5%,D2 minus mean,-12.820916,-16.862802,-8.289867,"paired bootstrap on the difference, same frozen draws; exploratory, pointwise"
pairedall_two_year_full_D2_vs_mean_missing_pool_mean_b5,two_year_full,5%,D2 minus mean,-6.767869,-10.033338,-3.247431,"paired bootstrap on the difference, same frozen draws; exploratory, pointwise"
pairedall_two_year_full_D2_vs_mean_missing_zero_citation_percentile_b5,two_year_full,5%,D2 minus mean,-10.323969,-13.919992,-6.482071,"paired bootstrap on the difference, same frozen draws; exploratory, pointwise"
pairedall_two_year_full_mean_vs_lottery_observed_only_b5,two_year_full,5%,mean minus lottery,6.992334,3.684760,9.995469,"paired bootstrap on the difference, same frozen draws; exploratory, pointwise"
pairedall_two_year_full_mean_vs_lottery_missing_percentile_0_b5,two_year_full,5%,mean minus lottery,9.177129,5.917263,12.353131,"paired bootstrap on the difference, same frozen draws; exploratory, pointwise"
pairedall_two_year_full_mean_vs_lottery_missing_pool_mean_b5,two_year_full,5%,mean minus lottery,5.228461,2.652556,7.588671,"paired bootstrap on the difference, same frozen draws; exploratory, pointwise"
pairedall_two_year_full_mean_vs_lottery_missing_zero_citation_percentile_b5,two_year_full,5%,mean minus lottery,7.523747,4.711518,10.230806,"paired bootstrap on the difference, same frozen draws; exploratory, pointwise"
pairedall_two_year_full_mean_vs_D2_observed_only_b5,two_year_full,5%,mean minus D2,9.505245,4.394851,13.977995,"paired bootstrap on the difference, same frozen draws; exploratory, pointwise"
pairedall_two_year_full_mean_vs_D2_missing_percentile_0_b5,two_year_full,5%,mean minus D2,12.820916,8.289867,16.862802,"paired bootstrap on the difference, same frozen draws; exploratory, pointwise"
pairedall_two_year_full_mean_vs_D2_missing_pool_mean_b5,two_year_full,5%,mean minus D2,6.767869,3.247431,10.033338,"paired bootstrap on the difference, same frozen draws; exploratory, pointwise"
pairedall_two_year_full_mean_vs_D2_missing_zero_citation_percentile_b5,two_year_full,5%,mean minus D2,10.323969,6.482071,13.919992,"paired bootstrap on the difference, same frozen draws; exploratory, pointwise"
pairedall_two_year_full_variance_vs_lottery_observed_only_b5,two_year_full,5%,variance minus lottery,0.575320,-2.396841,4.544171,"paired bootstrap on the difference, same frozen draws; exploratory, pointwise"
pairedall_two_year_full_variance_vs_lottery_missing_percentile_0_b5,two_year_full,5%,variance minus lottery,1.084588,-1.818172,4.495714,"paired bootstrap on the difference, same frozen draws; exploratory, pointwise"
pairedall_two_year_full_variance_vs_lottery_missing_pool_mean_b5,two_year_full,5%,variance minus lottery,0.309004,-1.790750,3.052592,"paired bootstrap on the difference, same frozen draws; exploratory, pointwise"
pairedall_two_year_full_variance_vs_lottery_missing_zero_citation_percentile_b5,two_year_full,5%,variance minus lottery,0.719282,-1.706826,3.770645,"paired bootstrap on the difference, same frozen draws; exploratory, pointwise"
pairedall_two_year_full_variance_vs_mean_observed_only_b5,two_year_full,5%,variance minus mean,-6.417014,-10.469033,-0.971259,"paired bootstrap on the difference, same frozen draws; exploratory, pointwise"
pairedall_two_year_full_variance_vs_mean_missing_percentile_0_b5,two_year_full,5%,variance minus mean,-8.092541,-12.235571,-3.371122,"paired bootstrap on the difference, same frozen draws; exploratory, pointwise"
pairedall_two_year_full_variance_vs_mean_missing_pool_mean_b5,two_year_full,5%,variance minus mean,-4.919458,-7.958252,-0.923853,"paired bootstrap on the difference, same frozen draws; exploratory, pointwise"
pairedall_two_year_full_variance_vs_mean_missing_zero_citation_percentile_b5,two_year_full,5%,variance minus mean,-6.804466,-10.331902,-2.582600,"paired bootstrap on the difference, same frozen draws; exploratory, pointwise"
pairedall_two_year_full_variance_vs_D2_observed_only_b5,two_year_full,5%,variance minus D2,3.088231,-0.257517,7.284102,"paired bootstrap on the difference, same frozen draws; exploratory, pointwise"
pairedall_two_year_full_variance_vs_D2_missing_percentile_0_b5,two_year_full,5%,variance minus D2,4.728375,1.670918,8.062025,"paired bootstrap on the difference, same frozen draws; exploratory, pointwise"
pairedall_two_year_full_variance_vs_D2_missing_pool_mean_b5,two_year_full,5%,variance minus D2,1.848411,-0.387011,4.610646,"paired bootstrap on the difference, same frozen draws; exploratory, pointwise"
pairedall_two_year_full_variance_vs_D2_missing_zero_citation_percentile_b5,two_year_full,5%,variance minus D2,3.519504,1.027143,6.426802,"paired bootstrap on the difference, same frozen draws; exploratory, pointwise"
pairedall_two_year_full_max_vs_lottery_observed_only_b5,two_year_full,5%,max minus lottery,6.107337,2.814610,9.383237,"paired bootstrap on the difference, same frozen draws; exploratory, pointwise"
pairedall_two_year_full_max_vs_lottery_missing_percentile_0_b5,two_year_full,5%,max minus lottery,7.216927,4.158312,10.748898,"paired bootstrap on the difference, same frozen draws; exploratory, pointwise"
pairedall_two_year_full_max_vs_lottery_missing_pool_mean_b5,two_year_full,5%,max minus lottery,4.393929,1.959362,6.843152,"paired bootstrap on the difference, same frozen draws; exploratory, pointwise"
pairedall_two_year_full_max_vs_lottery_missing_zero_citation_percentile_b5,two_year_full,5%,max minus lottery,6.001406,3.376884,8.993940,"paired bootstrap on the difference, same frozen draws; exploratory, pointwise"
pairedall_two_year_full_max_vs_mean_observed_only_b5,two_year_full,5%,max minus mean,-0.884997,-4.803522,3.500445,"paired bootstrap on the difference, same frozen draws; exploratory, pointwise"
pairedall_two_year_full_max_vs_mean_missing_percentile_0_b5,two_year_full,5%,max minus mean,-1.960202,-5.847945,2.362152,"paired bootstrap on the difference, same frozen draws; exploratory, pointwise"
pairedall_two_year_full_max_vs_mean_missing_pool_mean_b5,two_year_full,5%,max minus mean,-0.834532,-3.780124,2.417526,"paired bootstrap on the difference, same frozen draws; exploratory, pointwise"
pairedall_two_year_full_max_vs_mean_missing_zero_citation_percentile_b5,two_year_full,5%,max minus mean,-1.522342,-4.829739,2.078543,"paired bootstrap on the difference, same frozen draws; exploratory, pointwise"
pairedall_two_year_full_max_vs_D2_observed_only_b5,two_year_full,5%,max minus D2,8.620248,4.013617,12.924501,"paired bootstrap on the difference, same frozen draws; exploratory, pointwise"
pairedall_two_year_full_max_vs_D2_missing_percentile_0_b5,two_year_full,5%,max minus D2,10.860714,6.985461,14.777822,"paired bootstrap on the difference, same frozen draws; exploratory, pointwise"
pairedall_two_year_full_max_vs_D2_missing_pool_mean_b5,two_year_full,5%,max minus D2,5.933337,2.797742,9.018172,"paired bootstrap on the difference, same frozen draws; exploratory, pointwise"
pairedall_two_year_full_max_vs_D2_missing_zero_citation_percentile_b5,two_year_full,5%,max minus D2,8.801628,5.335856,12.166994,"paired bootstrap on the difference, same frozen draws; exploratory, pointwise"
pairedall_two_year_full_max_resid_vs_lottery_observed_only_b5,two_year_full,5%,max_resid minus lottery,-0.312960,-3.952176,2.849042,"paired bootstrap on the difference, same frozen draws; exploratory, pointwise"
pairedall_two_year_full_max_resid_vs_lottery_missing_percentile_0_b5,two_year_full,5%,max_resid minus lottery,1.205173,-2.051710,3.983783,"paired bootstrap on the difference, same frozen draws; exploratory, pointwise"
pairedall_two_year_full_max_resid_vs_lottery_missing_pool_mean_b5,two_year_full,5%,max_resid minus lottery,-0.351983,-2.985140,1.924248,"paired bootstrap on the difference, same frozen draws; exploratory, pointwise"
pairedall_two_year_full_max_resid_vs_lottery_missing_zero_citation_percentile_b5,two_year_full,5%,max_resid minus lottery,0.508952,-2.356588,2.868455,"paired bootstrap on the difference, same frozen draws; exploratory, pointwise"
pairedall_two_year_full_max_resid_vs_mean_observed_only_b5,two_year_full,5%,max_resid minus mean,-7.305294,-11.917792,-2.863161,"paired bootstrap on the difference, same frozen draws; exploratory, pointwise"
pairedall_two_year_full_max_resid_vs_mean_missing_percentile_0_b5,two_year_full,5%,max_resid minus mean,-7.971956,-12.523282,-4.017090,"paired bootstrap on the difference, same frozen draws; exploratory, pointwise"
pairedall_two_year_full_max_resid_vs_mean_missing_pool_mean_b5,two_year_full,5%,max_resid minus mean,-5.580444,-9.003798,-2.219073,"paired bootstrap on the difference, same frozen draws; exploratory, pointwise"
pairedall_two_year_full_max_resid_vs_mean_missing_zero_citation_percentile_b5,two_year_full,5%,max_resid minus mean,-7.014796,-10.918830,-3.480990,"paired bootstrap on the difference, same frozen draws; exploratory, pointwise"
pairedall_two_year_full_max_resid_vs_D2_observed_only_b5,two_year_full,5%,max_resid minus D2,2.199951,-1.397549,5.207154,"paired bootstrap on the difference, same frozen draws; exploratory, pointwise"
pairedall_two_year_full_max_resid_vs_D2_missing_percentile_0_b5,two_year_full,5%,max_resid minus D2,4.848959,1.643760,7.110711,"paired bootstrap on the difference, same frozen draws; exploratory, pointwise"
pairedall_two_year_full_max_resid_vs_D2_missing_pool_mean_b5,two_year_full,5%,max_resid minus D2,1.187425,-1.214995,3.191453,"paired bootstrap on the difference, same frozen draws; exploratory, pointwise"
pairedall_two_year_full_max_resid_vs_D2_missing_zero_citation_percentile_b5,two_year_full,5%,max_resid minus D2,3.309174,0.656935,5.273650,"paired bootstrap on the difference, same frozen draws; exploratory, pointwise"
pairedall_two_year_full_lottery_vs_mean_observed_only_b5,two_year_full,5%,lottery minus mean,-6.992334,-9.995469,-3.684760,"paired bootstrap on the difference, same frozen draws; exploratory, pointwise"
pairedall_two_year_full_lottery_vs_mean_missing_percentile_0_b5,two_year_full,5%,lottery minus mean,-9.177129,-12.353131,-5.917263,"paired bootstrap on the difference, same frozen draws; exploratory, pointwise"
pairedall_two_year_full_lottery_vs_mean_missing_pool_mean_b5,two_year_full,5%,lottery minus mean,-5.228461,-7.588671,-2.652556,"paired bootstrap on the difference, same frozen draws; exploratory, pointwise"
pairedall_two_year_full_lottery_vs_mean_missing_zero_citation_percentile_b5,two_year_full,5%,lottery minus mean,-7.523747,-10.230806,-4.711518,"paired bootstrap on the difference, same frozen draws; exploratory, pointwise"
pairedall_two_year_full_lottery_vs_D2_observed_only_b5,two_year_full,5%,lottery minus D2,2.512911,-1.062202,5.908787,"paired bootstrap on the difference, same frozen draws; exploratory, pointwise"
pairedall_two_year_full_lottery_vs_D2_missing_percentile_0_b5,two_year_full,5%,lottery minus D2,3.643786,0.515823,6.453219,"paired bootstrap on the difference, same frozen draws; exploratory, pointwise"
pairedall_two_year_full_lottery_vs_D2_missing_pool_mean_b5,two_year_full,5%,lottery minus D2,1.539408,-0.732992,3.762544,"paired bootstrap on the difference, same frozen draws; exploratory, pointwise"
pairedall_two_year_full_lottery_vs_D2_missing_zero_citation_percentile_b5,two_year_full,5%,lottery minus D2,2.800222,0.212172,5.178228,"paired bootstrap on the difference, same frozen draws; exploratory, pointwise"
pairedall_two_year_full_D2_vs_lottery_observed_only_b10,two_year_full,10%,D2 minus lottery,-1.116338,-3.581674,1.024926,"paired bootstrap on the difference, same frozen draws; exploratory, pointwise"
pairedall_two_year_full_D2_vs_lottery_missing_percentile_0_b10,two_year_full,10%,D2 minus lottery,-1.517718,-3.770311,0.384460,"paired bootstrap on the difference, same frozen draws; exploratory, pointwise"
pairedall_two_year_full_D2_vs_lottery_missing_pool_mean_b10,two_year_full,10%,D2 minus lottery,-0.691122,-2.302834,0.720298,"paired bootstrap on the difference, same frozen draws; exploratory, pointwise"
pairedall_two_year_full_D2_vs_lottery_missing_zero_citation_percentile_b10,two_year_full,10%,D2 minus lottery,-1.160927,-3.075430,0.452675,"paired bootstrap on the difference, same frozen draws; exploratory, pointwise"
pairedall_two_year_full_D2_vs_mean_observed_only_b10,two_year_full,10%,D2 minus mean,-7.746828,-11.092085,-4.351304,"paired bootstrap on the difference, same frozen draws; exploratory, pointwise"
pairedall_two_year_full_D2_vs_mean_missing_percentile_0_b10,two_year_full,10%,D2 minus mean,-11.402049,-14.554297,-8.131003,"paired bootstrap on the difference, same frozen draws; exploratory, pointwise"
pairedall_two_year_full_D2_vs_mean_missing_pool_mean_b10,two_year_full,10%,D2 minus mean,-5.744516,-8.168946,-3.231608,"paired bootstrap on the difference, same frozen draws; exploratory, pointwise"
pairedall_two_year_full_D2_vs_mean_missing_zero_citation_percentile_b10,two_year_full,10%,D2 minus mean,-9.038833,-11.709658,-6.204571,"paired bootstrap on the difference, same frozen draws; exploratory, pointwise"
pairedall_two_year_full_mean_vs_lottery_observed_only_b10,two_year_full,10%,mean minus lottery,6.630489,4.114783,8.655400,"paired bootstrap on the difference, same frozen draws; exploratory, pointwise"
pairedall_two_year_full_mean_vs_lottery_missing_percentile_0_b10,two_year_full,10%,mean minus lottery,9.884331,7.302968,11.974441,"paired bootstrap on the difference, same frozen draws; exploratory, pointwise"
pairedall_two_year_full_mean_vs_lottery_missing_pool_mean_b10,two_year_full,10%,mean minus lottery,5.053393,3.024478,6.651064,"paired bootstrap on the difference, same frozen draws; exploratory, pointwise"
pairedall_two_year_full_mean_vs_lottery_missing_zero_citation_percentile_b10,two_year_full,10%,mean minus lottery,7.877905,5.557540,9.718259,"paired bootstrap on the difference, same frozen draws; exploratory, pointwise"
pairedall_two_year_full_mean_vs_D2_observed_only_b10,two_year_full,10%,mean minus D2,7.746828,4.351304,11.092085,"paired bootstrap on the difference, same frozen draws; exploratory, pointwise"
pairedall_two_year_full_mean_vs_D2_missing_percentile_0_b10,two_year_full,10%,mean minus D2,11.402049,8.131003,14.554297,"paired bootstrap on the difference, same frozen draws; exploratory, pointwise"
pairedall_two_year_full_mean_vs_D2_missing_pool_mean_b10,two_year_full,10%,mean minus D2,5.744516,3.231608,8.168946,"paired bootstrap on the difference, same frozen draws; exploratory, pointwise"
pairedall_two_year_full_mean_vs_D2_missing_zero_citation_percentile_b10,two_year_full,10%,mean minus D2,9.038833,6.204571,11.709658,"paired bootstrap on the difference, same frozen draws; exploratory, pointwise"
pairedall_two_year_full_variance_vs_lottery_observed_only_b10,two_year_full,10%,variance minus lottery,1.908284,-0.262848,4.288338,"paired bootstrap on the difference, same frozen draws; exploratory, pointwise"
pairedall_two_year_full_variance_vs_lottery_missing_percentile_0_b10,two_year_full,10%,variance minus lottery,2.767419,0.551592,4.820360,"paired bootstrap on the difference, same frozen draws; exploratory, pointwise"
pairedall_two_year_full_variance_vs_lottery_missing_pool_mean_b10,two_year_full,10%,variance minus lottery,1.314670,-0.259894,2.983142,"paired bootstrap on the difference, same frozen draws; exploratory, pointwise"
pairedall_two_year_full_variance_vs_lottery_missing_zero_citation_percentile_b10,two_year_full,10%,variance minus lottery,2.185549,0.320923,3.971392,"paired bootstrap on the difference, same frozen draws; exploratory, pointwise"
pairedall_two_year_full_variance_vs_mean_observed_only_b10,two_year_full,10%,variance minus mean,-4.722206,-7.590147,-1.179046,"paired bootstrap on the difference, same frozen draws; exploratory, pointwise"
pairedall_two_year_full_variance_vs_mean_missing_percentile_0_b10,two_year_full,10%,variance minus mean,-7.116912,-10.041073,-3.738780,"paired bootstrap on the difference, same frozen draws; exploratory, pointwise"
pairedall_two_year_full_variance_vs_mean_missing_pool_mean_b10,two_year_full,10%,variance minus mean,-3.738723,-5.886973,-1.063900,"paired bootstrap on the difference, same frozen draws; exploratory, pointwise"
pairedall_two_year_full_variance_vs_mean_missing_zero_citation_percentile_b10,two_year_full,10%,variance minus mean,-5.692356,-8.129711,-2.691629,"paired bootstrap on the difference, same frozen draws; exploratory, pointwise"
pairedall_two_year_full_variance_vs_D2_observed_only_b10,two_year_full,10%,variance minus D2,3.024622,0.507422,5.976325,"paired bootstrap on the difference, same frozen draws; exploratory, pointwise"
pairedall_two_year_full_variance_vs_D2_missing_percentile_0_b10,two_year_full,10%,variance minus D2,4.285136,2.118714,6.918905,"paired bootstrap on the difference, same frozen draws; exploratory, pointwise"
pairedall_two_year_full_variance_vs_D2_missing_pool_mean_b10,two_year_full,10%,variance minus D2,2.005793,0.252634,4.024684,"paired bootstrap on the difference, same frozen draws; exploratory, pointwise"
pairedall_two_year_full_variance_vs_D2_missing_zero_citation_percentile_b10,two_year_full,10%,variance minus D2,3.346476,1.515109,5.496220,"paired bootstrap on the difference, same frozen draws; exploratory, pointwise"
pairedall_two_year_full_max_vs_lottery_observed_only_b10,two_year_full,10%,max minus lottery,5.607561,3.593025,8.472578,"paired bootstrap on the difference, same frozen draws; exploratory, pointwise"
pairedall_two_year_full_max_vs_lottery_missing_percentile_0_b10,two_year_full,10%,max minus lottery,6.396859,4.481063,9.141721,"paired bootstrap on the difference, same frozen draws; exploratory, pointwise"
pairedall_two_year_full_max_vs_lottery_missing_pool_mean_b10,two_year_full,10%,max minus lottery,3.984296,2.519326,6.081825,"paired bootstrap on the difference, same frozen draws; exploratory, pointwise"
pairedall_two_year_full_max_vs_lottery_missing_zero_citation_percentile_b10,two_year_full,10%,max minus lottery,5.368801,3.713064,7.743534,"paired bootstrap on the difference, same frozen draws; exploratory, pointwise"
pairedall_two_year_full_max_vs_mean_observed_only_b10,two_year_full,10%,max minus mean,-1.022929,-2.985510,2.592266,"paired bootstrap on the difference, same frozen draws; exploratory, pointwise"
pairedall_two_year_full_max_vs_mean_missing_percentile_0_b10,two_year_full,10%,max minus mean,-3.487472,-5.438260,-0.081525,"paired bootstrap on the difference, same frozen draws; exploratory, pointwise"
pairedall_two_year_full_max_vs_mean_missing_pool_mean_b10,two_year_full,10%,max minus mean,-1.069097,-2.525794,1.642215,"paired bootstrap on the difference, same frozen draws; exploratory, pointwise"
pairedall_two_year_full_max_vs_mean_missing_zero_citation_percentile_b10,two_year_full,10%,max minus mean,-2.509105,-4.189803,0.486898,"paired bootstrap on the difference, same frozen draws; exploratory, pointwise"
pairedall_two_year_full_max_vs_D2_observed_only_b10,two_year_full,10%,max minus D2,6.723899,4.342304,10.236255,"paired bootstrap on the difference, same frozen draws; exploratory, pointwise"
pairedall_two_year_full_max_vs_D2_missing_percentile_0_b10,two_year_full,10%,max minus D2,7.914576,5.975471,11.323288,"paired bootstrap on the difference, same frozen draws; exploratory, pointwise"
pairedall_two_year_full_max_vs_D2_missing_pool_mean_b10,two_year_full,10%,max minus D2,4.675419,3.021350,7.173256,"paired bootstrap on the difference, same frozen draws; exploratory, pointwise"
pairedall_two_year_full_max_vs_D2_missing_zero_citation_percentile_b10,two_year_full,10%,max minus D2,6.529728,4.817553,9.448510,"paired bootstrap on the difference, same frozen draws; exploratory, pointwise"
pairedall_two_year_full_max_resid_vs_lottery_observed_only_b10,two_year_full,10%,max_resid minus lottery,-1.286355,-3.424854,1.225352,"paired bootstrap on the difference, same frozen draws; exploratory, pointwise"
pairedall_two_year_full_max_resid_vs_lottery_missing_percentile_0_b10,two_year_full,10%,max_resid minus lottery,-0.119043,-2.018393,2.106367,"paired bootstrap on the difference, same frozen draws; exploratory, pointwise"
pairedall_two_year_full_max_resid_vs_lottery_missing_pool_mean_b10,two_year_full,10%,max_resid minus lottery,-0.928337,-2.433047,0.824648,"paired bootstrap on the difference, same frozen draws; exploratory, pointwise"
pairedall_two_year_full_max_resid_vs_lottery_missing_zero_citation_percentile_b10,two_year_full,10%,max_resid minus lottery,-0.445524,-2.044990,1.444967,"paired bootstrap on the difference, same frozen draws; exploratory, pointwise"
pairedall_two_year_full_max_resid_vs_mean_observed_only_b10,two_year_full,10%,max_resid minus mean,-7.916844,-10.734318,-4.134303,"paired bootstrap on the difference, same frozen draws; exploratory, pointwise"
pairedall_two_year_full_max_resid_vs_mean_missing_percentile_0_b10,two_year_full,10%,max_resid minus mean,-10.003374,-12.598932,-6.431810,"paired bootstrap on the difference, same frozen draws; exploratory, pointwise"
pairedall_two_year_full_max_resid_vs_mean_missing_pool_mean_b10,two_year_full,10%,max_resid minus mean,-5.981730,-8.041719,-3.171199,"paired bootstrap on the difference, same frozen draws; exploratory, pointwise"
pairedall_two_year_full_max_resid_vs_mean_missing_zero_citation_percentile_b10,two_year_full,10%,max_resid minus mean,-8.323429,-10.520842,-5.267813,"paired bootstrap on the difference, same frozen draws; exploratory, pointwise"
pairedall_two_year_full_max_resid_vs_D2_observed_only_b10,two_year_full,10%,max_resid minus D2,-0.170017,-1.782795,2.386518,"paired bootstrap on the difference, same frozen draws; exploratory, pointwise"
pairedall_two_year_full_max_resid_vs_D2_missing_percentile_0_b10,two_year_full,10%,max_resid minus D2,1.398675,-0.021698,3.641316,"paired bootstrap on the difference, same frozen draws; exploratory, pointwise"
pairedall_two_year_full_max_resid_vs_D2_missing_pool_mean_b10,two_year_full,10%,max_resid minus D2,-0.237215,-1.335323,1.529271,"paired bootstrap on the difference, same frozen draws; exploratory, pointwise"
pairedall_two_year_full_max_resid_vs_D2_missing_zero_citation_percentile_b10,two_year_full,10%,max_resid minus D2,0.715404,-0.463130,2.637193,"paired bootstrap on the difference, same frozen draws; exploratory, pointwise"
pairedall_two_year_full_lottery_vs_mean_observed_only_b10,two_year_full,10%,lottery minus mean,-6.630489,-8.655400,-4.114783,"paired bootstrap on the difference, same frozen draws; exploratory, pointwise"
pairedall_two_year_full_lottery_vs_mean_missing_percentile_0_b10,two_year_full,10%,lottery minus mean,-9.884331,-11.974441,-7.302968,"paired bootstrap on the difference, same frozen draws; exploratory, pointwise"
pairedall_two_year_full_lottery_vs_mean_missing_pool_mean_b10,two_year_full,10%,lottery minus mean,-5.053393,-6.651064,-3.024478,"paired bootstrap on the difference, same frozen draws; exploratory, pointwise"
pairedall_two_year_full_lottery_vs_mean_missing_zero_citation_percentile_b10,two_year_full,10%,lottery minus mean,-7.877905,-9.718259,-5.557540,"paired bootstrap on the difference, same frozen draws; exploratory, pointwise"
pairedall_two_year_full_lottery_vs_D2_observed_only_b10,two_year_full,10%,lottery minus D2,1.116338,-1.024926,3.581674,"paired bootstrap on the difference, same frozen draws; exploratory, pointwise"
pairedall_two_year_full_lottery_vs_D2_missing_percentile_0_b10,two_year_full,10%,lottery minus D2,1.517718,-0.384460,3.770311,"paired bootstrap on the difference, same frozen draws; exploratory, pointwise"
pairedall_two_year_full_lottery_vs_D2_missing_pool_mean_b10,two_year_full,10%,lottery minus D2,0.691122,-0.720298,2.302834,"paired bootstrap on the difference, same frozen draws; exploratory, pointwise"
pairedall_two_year_full_lottery_vs_D2_missing_zero_citation_percentile_b10,two_year_full,10%,lottery minus D2,1.160927,-0.452675,3.075430,"paired bootstrap on the difference, same frozen draws; exploratory, pointwise"
edition_2_2017_D2_observed_only,edition 2017,10%,D2,2.405445,-12.357970,13.330682,"single-edition yield, exploratory"
edition_2_2017_D2_missing_percentile_0,edition 2017,10%,D2,3.185730,-11.482369,14.020423,"single-edition yield, exploratory"
edition_2_2017_D2_missing_pool_mean,edition 2017,10%,D2,2.405445,-12.357970,13.330682,"single-edition yield, exploratory"
edition_2_2017_D2_missing_zero_citation_percentile,edition 2017,10%,D2,2.998279,-11.693187,13.826507,"single-edition yield, exploratory"
edition_2_2017_mean_observed_only,edition 2017,10%,mean,21.802534,8.097630,31.611992,"single-edition yield, exploratory"
edition_2_2017_mean_missing_percentile_0,edition 2017,10%,mean,22.582819,8.800821,32.368083,"single-edition yield, exploratory"
edition_2_2017_mean_missing_pool_mean,edition 2017,10%,mean,21.802534,8.097630,31.611992,"single-edition yield, exploratory"
edition_2_2017_mean_missing_zero_citation_percentile,edition 2017,10%,mean,22.395368,8.654049,32.169093,"single-edition yield, exploratory"
edition_2_2017_variance_observed_only,edition 2017,10%,variance,-2.501000,-15.129631,11.744002,"single-edition yield, exploratory"
edition_2_2017_variance_missing_percentile_0,edition 2017,10%,variance,-1.720715,-14.283495,12.474217,"single-edition yield, exploratory"
edition_2_2017_variance_missing_pool_mean,edition 2017,10%,variance,-2.501000,-15.129631,11.744002,"single-edition yield, exploratory"
edition_2_2017_variance_missing_zero_citation_percentile,edition 2017,10%,variance,-1.908166,-14.464710,12.324629,"single-edition yield, exploratory"
edition_2_2017_max_observed_only,edition 2017,10%,max,6.776546,-2.685588,21.352993,"single-edition yield, exploratory"
edition_2_2017_max_missing_percentile_0,edition 2017,10%,max,7.556832,-2.034936,22.101732,"single-edition yield, exploratory"
edition_2_2017_max_missing_pool_mean,edition 2017,10%,max,6.776546,-2.685588,21.352993,"single-edition yield, exploratory"
edition_2_2017_max_missing_zero_citation_percentile,edition 2017,10%,max,7.369381,-2.170626,21.959166,"single-edition yield, exploratory"
edition_2_2017_max_resid_observed_only,edition 2017,10%,max_resid,-2.532185,-12.255910,10.558792,"single-edition yield, exploratory"
edition_2_2017_max_resid_missing_percentile_0,edition 2017,10%,max_resid,-1.751900,-11.481965,11.406224,"single-edition yield, exploratory"
edition_2_2017_max_resid_missing_pool_mean,edition 2017,10%,max_resid,-2.532185,-12.255910,10.558792,"single-edition yield, exploratory"
edition_2_2017_max_resid_missing_zero_citation_percentile,edition 2017,10%,max_resid,-1.939351,-11.606851,11.174600,"single-edition yield, exploratory"
edition_2_2017_lottery_observed_only,edition 2017,10%,lottery,0.000000,0.000000,0.000000,"single-edition yield, exploratory"
edition_2_2017_lottery_missing_percentile_0,edition 2017,10%,lottery,0.000000,0.000000,0.000000,"single-edition yield, exploratory"
edition_2_2017_lottery_missing_pool_mean,edition 2017,10%,lottery,0.000000,0.000000,0.000000,"single-edition yield, exploratory"
edition_2_2017_lottery_missing_zero_citation_percentile,edition 2017,10%,lottery,0.000000,0.000000,0.000000,"single-edition yield, exploratory"
edition_2_2018_D2_observed_only,edition 2018,10%,D2,0.525968,-8.713475,7.975770,"single-edition yield, exploratory"
edition_2_2018_D2_missing_percentile_0,edition 2018,10%,D2,1.938833,-7.471526,9.485354,"single-edition yield, exploratory"
edition_2_2018_D2_missing_pool_mean,edition 2018,10%,D2,0.525968,-8.713475,7.975770,"single-edition yield, exploratory"
edition_2_2018_D2_missing_zero_citation_percentile,edition 2018,10%,D2,1.467219,-7.869900,8.990338,"single-edition yield, exploratory"
edition_2_2018_mean_observed_only,edition 2018,10%,mean,23.027732,12.334738,30.375051,"single-edition yield, exploratory"
edition_2_2018_mean_missing_percentile_0,edition 2018,10%,mean,22.689446,11.931079,30.217339,"single-edition yield, exploratory"
edition_2_2018_mean_missing_pool_mean,edition 2018,10%,mean,22.350445,11.885268,29.601787,"single-edition yield, exploratory"
edition_2_2018_mean_missing_zero_citation_percentile,edition 2018,10%,mean,22.576287,11.912416,29.896782,"single-edition yield, exploratory"
edition_2_2018_variance_observed_only,edition 2018,10%,variance,4.429154,-4.859451,14.740417,"single-edition yield, exploratory"
edition_2_2018_variance_missing_percentile_0,edition 2018,10%,variance,5.842019,-3.559335,16.154256,"single-edition yield, exploratory"
edition_2_2018_variance_missing_pool_mean,edition 2018,10%,variance,4.429154,-4.859451,14.740417,"single-edition yield, exploratory"
edition_2_2018_variance_missing_zero_citation_percentile,edition 2018,10%,variance,5.370405,-4.054886,15.575797,"single-edition yield, exploratory"
edition_2_2018_max_observed_only,edition 2018,10%,max,18.923639,8.384083,27.988681,"single-edition yield, exploratory"
edition_2_2018_max_missing_percentile_0,edition 2018,10%,max,20.336504,9.531637,29.405792,"single-edition yield, exploratory"
edition_2_2018_max_missing_pool_mean,edition 2018,10%,max,18.923639,8.384083,27.988681,"single-edition yield, exploratory"
edition_2_2018_max_missing_zero_citation_percentile,edition 2018,10%,max,19.864890,9.187652,28.765612,"single-edition yield, exploratory"
edition_2_2018_max_resid_observed_only,edition 2018,10%,max_resid,-2.655711,-8.634227,9.295419,"single-edition yield, exploratory"
edition_2_2018_max_resid_missing_percentile_0,edition 2018,10%,max_resid,-1.242846,-7.274123,10.864386,"single-edition yield, exploratory"
edition_2_2018_max_resid_missing_pool_mean,edition 2018,10%,max_resid,-2.655711,-8.634227,9.295419,"single-edition yield, exploratory"
edition_2_2018_max_resid_missing_zero_citation_percentile,edition 2018,10%,max_resid,-1.714460,-7.698063,10.260092,"single-edition yield, exploratory"
edition_2_2018_lottery_observed_only,edition 2018,10%,lottery,0.000000,0.000000,0.000000,"single-edition yield, exploratory"
edition_2_2018_lottery_missing_percentile_0,edition 2018,10%,lottery,0.000000,0.000000,0.000000,"single-edition yield, exploratory"
edition_2_2018_lottery_missing_pool_mean,edition 2018,10%,lottery,0.000000,0.000000,0.000000,"single-edition yield, exploratory"
edition_2_2018_lottery_missing_zero_citation_percentile,edition 2018,10%,lottery,0.000000,0.000000,0.000000,"single-edition yield, exploratory"
edition_2_2019_D2_observed_only,edition 2019,10%,D2,-1.324715,-7.366173,7.285164,"single-edition yield, exploratory"
edition_2_2019_D2_missing_percentile_0,edition 2019,10%,D2,-3.994994,-10.213776,4.830677,"single-edition yield, exploratory"
edition_2_2019_D2_missing_pool_mean,edition 2019,10%,D2,-1.194841,-6.499993,6.582406,"single-edition yield, exploratory"
edition_2_2019_D2_missing_zero_citation_percentile,edition 2019,10%,D2,-3.053304,-8.859847,5.383222,"single-edition yield, exploratory"
edition_2_2019_mean_observed_only,edition 2019,10%,mean,14.315102,6.921766,20.665727,"single-edition yield, exploratory"
edition_2_2019_mean_missing_percentile_0,edition 2019,10%,mean,13.280830,5.319695,19.686815,"single-edition yield, exploratory"
edition_2_2019_mean_missing_pool_mean,edition 2019,10%,mean,13.753726,6.588300,19.820655,"single-edition yield, exploratory"
edition_2_2019_mean_missing_zero_citation_percentile,edition 2019,10%,mean,13.439864,5.825440,19.745518,"single-edition yield, exploratory"
edition_2_2019_variance_observed_only,edition 2019,10%,variance,1.476780,-5.011709,8.868510,"single-edition yield, exploratory"
edition_2_2019_variance_missing_percentile_0,edition 2019,10%,variance,-0.663447,-7.269851,6.938747,"single-edition yield, exploratory"
edition_2_2019_variance_missing_pool_mean,edition 2019,10%,variance,1.360954,-4.533840,8.202968,"single-edition yield, exploratory"
edition_2_2019_variance_missing_zero_citation_percentile,edition 2019,10%,variance,0.017358,-6.259406,7.251559,"single-edition yield, exploratory"
edition_2_2019_max_observed_only,edition 2019,10%,max,10.960008,4.198266,21.506604,"single-edition yield, exploratory"
edition_2_2019_max_missing_percentile_0,edition 2019,10%,max,6.094689,-1.361975,16.214536,"single-edition yield, exploratory"
edition_2_2019_max_missing_pool_mean,edition 2019,10%,max,9.670595,3.719968,18.965832,"single-edition yield, exploratory"
edition_2_2019_max_missing_zero_citation_percentile,edition 2019,10%,max,7.297264,0.438728,16.984162,"single-edition yield, exploratory"
edition_2_2019_max_resid_observed_only,edition 2019,10%,max_resid,0.849695,-6.774660,7.126317,"single-edition yield, exploratory"
edition_2_2019_max_resid_missing_percentile_0,edition 2019,10%,max_resid,-1.241349,-8.736030,5.091135,"single-edition yield, exploratory"
edition_2_2019_max_resid_missing_pool_mean,edition 2019,10%,max_resid,0.783052,-6.376133,6.503949,"single-edition yield, exploratory"
edition_2_2019_max_resid_missing_zero_citation_percentile,edition 2019,10%,max_resid,-0.560544,-7.771046,5.338633,"single-edition yield, exploratory"
edition_2_2019_lottery_observed_only,edition 2019,10%,lottery,0.000000,0.000000,0.000000,"single-edition yield, exploratory"
edition_2_2019_lottery_missing_percentile_0,edition 2019,10%,lottery,0.000000,0.000000,0.000000,"single-edition yield, exploratory"
edition_2_2019_lottery_missing_pool_mean,edition 2019,10%,lottery,0.000000,0.000000,0.000000,"single-edition yield, exploratory"
edition_2_2019_lottery_missing_zero_citation_percentile,edition 2019,10%,lottery,0.000000,0.000000,0.000000,"single-edition yield, exploratory"
edition_2_2021_D2_observed_only,edition 2021,10%,D2,2.035495,-4.066434,7.175982,"single-edition yield, exploratory"
edition_2_2021_D2_missing_percentile_0,edition 2021,10%,D2,1.608365,-4.257934,7.058549,"single-edition yield, exploratory"
edition_2_2021_D2_missing_pool_mean,edition 2021,10%,D2,1.964489,-3.955361,6.997492,"single-edition yield, exploratory"
edition_2_2021_D2_missing_zero_citation_percentile,edition 2021,10%,D2,1.768486,-4.061382,7.000993,"single-edition yield, exploratory"
edition_2_2021_mean_observed_only,edition 2021,10%,mean,7.256487,2.649493,13.530351,"single-edition yield, exploratory"
edition_2_2021_mean_missing_percentile_0,edition 2021,10%,mean,8.384451,3.730685,14.617724,"single-edition yield, exploratory"
edition_2_2021_mean_missing_pool_mean,edition 2021,10%,mean,7.256487,2.649493,13.530351,"single-edition yield, exploratory"
edition_2_2021_mean_missing_zero_citation_percentile,edition 2021,10%,mean,7.877293,3.244469,14.143696,"single-edition yield, exploratory"
edition_2_2021_variance_observed_only,edition 2021,10%,variance,6.690122,0.932950,12.778280,"single-edition yield, exploratory"
edition_2_2021_variance_missing_percentile_0,edition 2021,10%,variance,5.528133,-0.365948,11.559228,"single-edition yield, exploratory"
edition_2_2021_variance_missing_pool_mean,edition 2021,10%,variance,6.378953,0.882641,12.152526,"single-edition yield, exploratory"
edition_2_2021_variance_missing_zero_citation_percentile,edition 2021,10%,variance,5.910681,0.322949,11.805170,"single-edition yield, exploratory"
edition_2_2021_max_observed_only,edition 2021,10%,max,8.868682,3.343048,15.529282,"single-edition yield, exploratory"
edition_2_2021_max_missing_percentile_0,edition 2021,10%,max,7.007545,1.396526,13.506115,"single-edition yield, exploratory"
edition_2_2021_max_missing_pool_mean,edition 2021,10%,max,8.353061,3.115548,14.638709,"single-edition yield, exploratory"
edition_2_2021_max_missing_zero_citation_percentile,edition 2021,10%,max,7.612519,2.121725,13.784844,"single-edition yield, exploratory"
edition_2_2021_max_resid_observed_only,edition 2021,10%,max_resid,-0.156041,-5.558161,5.402187,"single-edition yield, exploratory"
edition_2_2021_max_resid_missing_percentile_0,edition 2021,10%,max_resid,-0.999603,-6.383713,4.508685,"single-edition yield, exploratory"
edition_2_2021_max_resid_missing_pool_mean,edition 2021,10%,max_resid,-0.148783,-5.358114,5.212225,"single-edition yield, exploratory"
edition_2_2021_max_resid_missing_zero_citation_percentile,edition 2021,10%,max_resid,-0.617055,-5.758334,4.715758,"single-edition yield, exploratory"
edition_2_2021_lottery_observed_only,edition 2021,10%,lottery,0.000000,0.000000,0.000000,"single-edition yield, exploratory"
edition_2_2021_lottery_missing_percentile_0,edition 2021,10%,lottery,0.000000,0.000000,0.000000,"single-edition yield, exploratory"
edition_2_2021_lottery_missing_pool_mean,edition 2021,10%,lottery,0.000000,0.000000,0.000000,"single-edition yield, exploratory"
edition_2_2021_lottery_missing_zero_citation_percentile,edition 2021,10%,lottery,0.000000,0.000000,0.000000,"single-edition yield, exploratory"
edition_2_2022_D2_observed_only,edition 2022,10%,D2,-3.416378,-10.277887,2.957476,"single-edition yield, exploratory"
edition_2_2022_D2_missing_percentile_0,edition 2022,10%,D2,-4.646653,-9.774538,0.589231,"single-edition yield, exploratory"
edition_2_2022_D2_missing_pool_mean,edition 2022,10%,D2,-1.863479,-5.610018,1.587505,"single-edition yield, exploratory"
edition_2_2022_D2_missing_zero_citation_percentile,edition 2022,10%,D2,-3.564128,-7.789690,0.630659,"single-edition yield, exploratory"
edition_2_2022_mean_observed_only,edition 2022,10%,mean,4.015417,-1.456789,9.657663,"single-edition yield, exploratory"
edition_2_2022_mean_missing_percentile_0,edition 2022,10%,mean,7.285116,1.907680,12.975392,"single-edition yield, exploratory"
edition_2_2022_mean_missing_pool_mean,edition 2022,10%,mean,2.847296,-1.041322,6.898389,"single-edition yield, exploratory"
edition_2_2022_mean_missing_zero_citation_percentile,edition 2022,10%,mean,5.559010,0.908065,10.323504,"single-edition yield, exploratory"
edition_2_2022_variance_observed_only,edition 2022,10%,variance,3.960648,-1.236284,10.711706,"single-edition yield, exploratory"
edition_2_2022_variance_missing_percentile_0,edition 2022,10%,variance,5.497591,0.173656,11.619341,"single-edition yield, exploratory"
edition_2_2022_variance_missing_pool_mean,edition 2022,10%,variance,2.664436,-0.844984,7.100498,"single-edition yield, exploratory"
edition_2_2022_variance_missing_zero_citation_percentile,edition 2022,10%,variance,4.395626,0.060796,9.516070,"single-edition yield, exploratory"
edition_2_2022_max_observed_only,edition 2022,10%,max,2.456534,-2.865284,10.316627,"single-edition yield, exploratory"
edition_2_2022_max_missing_percentile_0,edition 2022,10%,max,2.791739,-1.744550,9.509235,"single-edition yield, exploratory"
edition_2_2022_max_missing_pool_mean,edition 2022,10%,max,1.563249,-1.771003,6.546210,"single-edition yield, exploratory"
edition_2_2022_max_missing_zero_citation_percentile,edition 2022,10%,max,2.313914,-1.518545,8.149961,"single-edition yield, exploratory"
edition_2_2022_max_resid_observed_only,edition 2022,10%,max_resid,-0.907435,-7.384425,5.042443,"single-edition yield, exploratory"
edition_2_2022_max_resid_missing_percentile_0,edition 2022,10%,max_resid,-0.134803,-5.720047,5.647891,"single-edition yield, exploratory"
edition_2_2022_max_resid_missing_pool_mean,edition 2022,10%,max_resid,-0.560960,-4.555042,3.090713,"single-edition yield, exploratory"
edition_2_2022_max_resid_missing_zero_citation_percentile,edition 2022,10%,max_resid,-0.300558,-4.899802,4.349498,"single-edition yield, exploratory"
edition_2_2022_lottery_observed_only,edition 2022,10%,lottery,0.000000,0.000000,0.000000,"single-edition yield, exploratory"
edition_2_2022_lottery_missing_percentile_0,edition 2022,10%,lottery,0.000000,0.000000,0.000000,"single-edition yield, exploratory"
edition_2_2022_lottery_missing_pool_mean,edition 2022,10%,lottery,0.000000,0.000000,0.000000,"single-edition yield, exploratory"
edition_2_2022_lottery_missing_zero_citation_percentile,edition 2022,10%,lottery,0.000000,0.000000,0.000000,"single-edition yield, exploratory"
edition_2_2023_D2_observed_only,edition 2023,10%,D2,-1.849760,-6.895732,3.773718,"single-edition yield, exploratory"
edition_2_2023_D2_missing_percentile_0,edition 2023,10%,D2,0.035626,-4.575064,4.006151,"single-edition yield, exploratory"
edition_2_2023_D2_missing_pool_mean,edition 2023,10%,D2,-1.065368,-3.872314,2.147791,"single-edition yield, exploratory"
edition_2_2023_D2_missing_zero_citation_percentile,edition 2023,10%,D2,-0.363357,-4.083023,3.029853,"single-edition yield, exploratory"
edition_2_2023_mean_observed_only,edition 2023,10%,mean,1.560425,-3.467208,5.966315,"single-edition yield, exploratory"
edition_2_2023_mean_missing_percentile_0,edition 2023,10%,mean,7.263170,2.500028,11.813583,"single-edition yield, exploratory"
edition_2_2023_mean_missing_pool_mean,edition 2023,10%,mean,1.086372,-2.422364,4.241013,"single-edition yield, exploratory"
edition_2_2023_mean_missing_zero_citation_percentile,edition 2023,10%,mean,5.024795,0.880292,8.748921,"single-edition yield, exploratory"
edition_2_2023_variance_observed_only,edition 2023,10%,variance,3.306846,-2.138920,8.187795,"single-edition yield, exploratory"
edition_2_2023_variance_missing_percentile_0,edition 2023,10%,variance,4.445955,-0.365388,8.665017,"single-edition yield, exploratory"
edition_2_2023_variance_missing_pool_mean,edition 2023,10%,variance,2.009223,-1.288473,4.960073,"single-edition yield, exploratory"
edition_2_2023_variance_missing_zero_citation_percentile,edition 2023,10%,variance,3.562921,-0.487332,7.112110,"single-edition yield, exploratory"
edition_2_2023_max_observed_only,edition 2023,10%,max,1.537104,-3.221286,7.045278,"single-edition yield, exploratory"
edition_2_2023_max_missing_percentile_0,edition 2023,10%,max,4.201297,-0.129231,8.663249,"single-edition yield, exploratory"
edition_2_2023_max_missing_pool_mean,edition 2023,10%,max,0.963122,-1.967485,4.401992,"single-edition yield, exploratory"
edition_2_2023_max_missing_zero_citation_percentile,edition 2023,10%,max,3.027833,-0.601970,6.872233,"single-edition yield, exploratory"
edition_2_2023_max_resid_observed_only,edition 2023,10%,max_resid,-0.885746,-5.975390,4.681895,"single-edition yield, exploratory"
edition_2_2023_max_resid_missing_percentile_0,edition 2023,10%,max_resid,1.375474,-2.732933,6.175973,"single-edition yield, exploratory"
edition_2_2023_max_resid_missing_pool_mean,edition 2023,10%,max_resid,-0.526963,-3.466619,2.755098,"single-edition yield, exploratory"
edition_2_2023_max_resid_missing_zero_citation_percentile,edition 2023,10%,max_resid,0.686060,-2.711651,4.646170,"single-edition yield, exploratory"
edition_2_2023_lottery_observed_only,edition 2023,10%,lottery,0.000000,0.000000,0.000000,"single-edition yield, exploratory"
edition_2_2023_lottery_missing_percentile_0,edition 2023,10%,lottery,0.000000,0.000000,0.000000,"single-edition yield, exploratory"
edition_2_2023_lottery_missing_pool_mean,edition 2023,10%,lottery,0.000000,0.000000,0.000000,"single-edition yield, exploratory"
edition_2_2023_lottery_missing_zero_citation_percentile,edition 2023,10%,lottery,0.000000,0.000000,0.000000,"single-edition yield, exploratory"
edition_2_2024_D2_observed_only,edition 2024,10%,D2,-2.271075,-7.974852,1.938712,"single-edition yield, exploratory"
edition_2_2024_D2_missing_percentile_0,edition 2024,10%,D2,-2.642559,-7.125841,0.764337,"single-edition yield, exploratory"
edition_2_2024_D2_missing_pool_mean,edition 2024,10%,D2,-1.210573,-4.255686,1.030181,"single-edition yield, exploratory"
edition_2_2024_D2_missing_zero_citation_percentile,edition 2024,10%,D2,-1.996273,-5.592268,0.634027,"single-edition yield, exploratory"
edition_2_2024_mean_observed_only,edition 2024,10%,mean,2.772981,-1.851344,6.537442,"single-edition yield, exploratory"
edition_2_2024_mean_missing_percentile_0,edition 2024,10%,mean,9.736674,5.228577,13.592989,"single-edition yield, exploratory"
edition_2_2024_mean_missing_pool_mean,edition 2024,10%,mean,2.027819,-1.336123,4.744626,"single-edition yield, exploratory"
edition_2_2024_mean_missing_zero_citation_percentile,edition 2024,10%,mean,6.257502,2.348452,9.529260,"single-edition yield, exploratory"
edition_2_2024_variance_observed_only,edition 2024,10%,variance,-3.118622,-7.625908,1.211191,"single-edition yield, exploratory"
edition_2_2024_variance_missing_percentile_0,edition 2024,10%,variance,-0.064074,-3.737926,3.779024,"single-edition yield, exploratory"
edition_2_2024_variance_missing_pool_mean,edition 2024,10%,variance,-1.882164,-4.565321,0.758810,"single-edition yield, exploratory"
edition_2_2024_variance_missing_zero_citation_percentile,edition 2024,10%,variance,-0.884617,-3.782738,2.215005,"single-edition yield, exploratory"
edition_2_2024_max_observed_only,edition 2024,10%,max,2.700634,-1.462827,6.993314,"single-edition yield, exploratory"
edition_2_2024_max_missing_percentile_0,edition 2024,10%,max,7.318472,3.595870,11.776140,"single-edition yield, exploratory"
edition_2_2024_max_missing_pool_mean,edition 2024,10%,max,1.844045,-0.968173,4.833500,"single-edition yield, exploratory"
edition_2_2024_max_missing_zero_citation_percentile,edition 2024,10%,max,4.847746,1.734511,8.359135,"single-edition yield, exploratory"
edition_2_2024_max_resid_observed_only,edition 2024,10%,max_resid,-2.800563,-7.465662,1.741752,"single-edition yield, exploratory"
edition_2_2024_max_resid_missing_percentile_0,edition 2024,10%,max_resid,-0.253702,-4.009609,3.602180,"single-edition yield, exploratory"
edition_2_2024_max_resid_missing_pool_mean,edition 2024,10%,max_resid,-1.665533,-4.520768,1.042259,"single-edition yield, exploratory"
edition_2_2024_max_resid_missing_zero_citation_percentile,edition 2024,10%,max_resid,-0.890892,-3.969013,2.225595,"single-edition yield, exploratory"
edition_2_2024_lottery_observed_only,edition 2024,10%,lottery,0.000000,0.000000,0.000000,"single-edition yield, exploratory"
edition_2_2024_lottery_missing_percentile_0,edition 2024,10%,lottery,0.000000,0.000000,0.000000,"single-edition yield, exploratory"
edition_2_2024_lottery_missing_pool_mean,edition 2024,10%,lottery,0.000000,0.000000,0.000000,"single-edition yield, exploratory"
edition_2_2024_lottery_missing_zero_citation_percentile,edition 2024,10%,lottery,0.000000,0.000000,0.000000,"single-edition yield, exploratory"
edition_3_2017_D2_observed_only,edition 2017,10%,D2,1.128228,-13.304495,11.691324,"single-edition yield, exploratory"
edition_3_2017_D2_missing_percentile_0,edition 2017,10%,D2,1.897515,-12.412902,12.676042,"single-edition yield, exploratory"
edition_3_2017_D2_missing_pool_mean,edition 2017,10%,D2,1.128228,-13.304495,11.691324,"single-edition yield, exploratory"
edition_3_2017_D2_missing_zero_citation_percentile,edition 2017,10%,D2,1.754797,-12.521691,12.501095,"single-edition yield, exploratory"
edition_3_2017_mean_observed_only,edition 2017,10%,mean,21.268561,8.111074,30.002786,"single-edition yield, exploratory"
edition_3_2017_mean_missing_percentile_0,edition 2017,10%,mean,22.037848,8.839286,30.841215,"single-edition yield, exploratory"
edition_3_2017_mean_missing_pool_mean,edition 2017,10%,mean,21.268561,8.111074,30.002786,"single-edition yield, exploratory"
edition_3_2017_mean_missing_zero_citation_percentile,edition 2017,10%,mean,21.895130,8.746366,30.692686,"single-edition yield, exploratory"
edition_3_2017_variance_observed_only,edition 2017,10%,variance,-3.736637,-16.267616,10.533904,"single-edition yield, exploratory"
edition_3_2017_variance_missing_percentile_0,edition 2017,10%,variance,-2.967349,-15.714556,11.531499,"single-edition yield, exploratory"
edition_3_2017_variance_missing_pool_mean,edition 2017,10%,variance,-3.736637,-16.267616,10.533904,"single-edition yield, exploratory"
edition_3_2017_variance_missing_zero_citation_percentile,edition 2017,10%,variance,-3.110068,-15.802979,11.347239,"single-edition yield, exploratory"
edition_3_2017_max_observed_only,edition 2017,10%,max,5.618873,-3.318447,20.285360,"single-edition yield, exploratory"
edition_3_2017_max_missing_percentile_0,edition 2017,10%,max,6.388160,-2.491439,20.969046,"single-edition yield, exploratory"
edition_3_2017_max_missing_pool_mean,edition 2017,10%,max,5.618873,-3.318447,20.285360,"single-edition yield, exploratory"
edition_3_2017_max_missing_zero_citation_percentile,edition 2017,10%,max,6.245442,-2.666513,20.906950,"single-edition yield, exploratory"
edition_3_2017_max_resid_observed_only,edition 2017,10%,max_resid,-3.393601,-13.180066,9.729957,"single-edition yield, exploratory"
edition_3_2017_max_resid_missing_percentile_0,edition 2017,10%,max_resid,-2.624314,-12.333229,10.535095,"single-edition yield, exploratory"
edition_3_2017_max_resid_missing_pool_mean,edition 2017,10%,max_resid,-3.393601,-13.180066,9.729957,"single-edition yield, exploratory"
edition_3_2017_max_resid_missing_zero_citation_percentile,edition 2017,10%,max_resid,-2.767032,-12.476602,10.326384,"single-edition yield, exploratory"
edition_3_2017_lottery_observed_only,edition 2017,10%,lottery,0.000000,0.000000,0.000000,"single-edition yield, exploratory"
edition_3_2017_lottery_missing_percentile_0,edition 2017,10%,lottery,0.000000,0.000000,0.000000,"single-edition yield, exploratory"
edition_3_2017_lottery_missing_pool_mean,edition 2017,10%,lottery,0.000000,0.000000,0.000000,"single-edition yield, exploratory"
edition_3_2017_lottery_missing_zero_citation_percentile,edition 2017,10%,lottery,0.000000,0.000000,0.000000,"single-edition yield, exploratory"
edition_3_2018_D2_observed_only,edition 2018,10%,D2,-0.543123,-10.241930,6.883744,"single-edition yield, exploratory"
edition_3_2018_D2_missing_percentile_0,edition 2018,10%,D2,0.853435,-8.768961,8.296535,"single-edition yield, exploratory"
edition_3_2018_D2_missing_pool_mean,edition 2018,10%,D2,-0.543123,-10.241930,6.883744,"single-edition yield, exploratory"
edition_3_2018_D2_missing_zero_citation_percentile,edition 2018,10%,D2,0.490655,-9.105788,7.882026,"single-edition yield, exploratory"
edition_3_2018_mean_observed_only,edition 2018,10%,mean,23.840557,13.397196,30.879147,"single-edition yield, exploratory"
edition_3_2018_mean_missing_percentile_0,edition 2018,10%,mean,23.474452,12.895921,30.791354,"single-edition yield, exploratory"
edition_3_2018_mean_missing_pool_mean,edition 2018,10%,mean,23.139364,13.137124,30.126542,"single-edition yield, exploratory"
edition_3_2018_mean_missing_zero_citation_percentile,edition 2018,10%,mean,23.387407,13.005641,30.579772,"single-edition yield, exploratory"
edition_3_2018_variance_observed_only,edition 2018,10%,variance,3.991190,-5.557936,14.292309,"single-edition yield, exploratory"
edition_3_2018_variance_missing_percentile_0,edition 2018,10%,variance,5.387748,-4.294545,15.515530,"single-edition yield, exploratory"
edition_3_2018_variance_missing_pool_mean,edition 2018,10%,variance,3.991190,-5.557936,14.292309,"single-edition yield, exploratory"
edition_3_2018_variance_missing_zero_citation_percentile,edition 2018,10%,variance,5.024968,-4.595399,15.210723,"single-edition yield, exploratory"
edition_3_2018_max_observed_only,edition 2018,10%,max,18.046031,7.284985,27.523536,"single-edition yield, exploratory"
edition_3_2018_max_missing_percentile_0,edition 2018,10%,max,19.442589,8.688567,28.880760,"single-edition yield, exploratory"
edition_3_2018_max_missing_pool_mean,edition 2018,10%,max,18.046031,7.284985,27.523536,"single-edition yield, exploratory"
edition_3_2018_max_missing_zero_citation_percentile,edition 2018,10%,max,19.079809,8.229058,28.533643,"single-edition yield, exploratory"
edition_3_2018_max_resid_observed_only,edition 2018,10%,max_resid,-3.838160,-10.157581,8.076047,"single-edition yield, exploratory"
edition_3_2018_max_resid_missing_percentile_0,edition 2018,10%,max_resid,-2.441602,-9.013971,9.658534,"single-edition yield, exploratory"
edition_3_2018_max_resid_missing_pool_mean,edition 2018,10%,max_resid,-3.838160,-10.157581,8.076047,"single-edition yield, exploratory"
edition_3_2018_max_resid_missing_zero_citation_percentile,edition 2018,10%,max_resid,-2.804382,-9.255972,9.184787,"single-edition yield, exploratory"
edition_3_2018_lottery_observed_only,edition 2018,10%,lottery,0.000000,0.000000,0.000000,"single-edition yield, exploratory"
edition_3_2018_lottery_missing_percentile_0,edition 2018,10%,lottery,0.000000,0.000000,0.000000,"single-edition yield, exploratory"
edition_3_2018_lottery_missing_pool_mean,edition 2018,10%,lottery,0.000000,0.000000,0.000000,"single-edition yield, exploratory"
edition_3_2018_lottery_missing_zero_citation_percentile,edition 2018,10%,lottery,0.000000,0.000000,0.000000,"single-edition yield, exploratory"
edition_3_2019_D2_observed_only,edition 2019,10%,D2,-2.181591,-8.560299,6.222867,"single-edition yield, exploratory"
edition_3_2019_D2_missing_percentile_0,edition 2019,10%,D2,-4.749126,-11.006658,3.897041,"single-edition yield, exploratory"
edition_3_2019_D2_missing_pool_mean,edition 2019,10%,D2,-1.967709,-7.622371,5.607580,"single-edition yield, exploratory"
edition_3_2019_D2_missing_zero_citation_percentile,edition 2019,10%,D2,-3.901835,-9.934323,4.294102,"single-edition yield, exploratory"
edition_3_2019_mean_observed_only,edition 2019,10%,mean,12.908145,5.443263,19.544524,"single-edition yield, exploratory"
edition_3_2019_mean_missing_percentile_0,edition 2019,10%,mean,11.932211,4.043652,18.628912,"single-edition yield, exploratory"
edition_3_2019_mean_missing_pool_mean,edition 2019,10%,mean,12.401943,5.169919,18.746029,"single-edition yield, exploratory"
edition_3_2019_mean_missing_zero_citation_percentile,edition 2019,10%,mean,12.075304,4.446886,18.574673,"single-edition yield, exploratory"
edition_3_2019_variance_observed_only,edition 2019,10%,variance,0.467963,-6.141839,7.713040,"single-edition yield, exploratory"
edition_3_2019_variance_missing_percentile_0,edition 2019,10%,variance,-1.579595,-8.060531,5.797089,"single-edition yield, exploratory"
edition_3_2019_variance_missing_pool_mean,edition 2019,10%,variance,0.431260,-5.571994,7.039680,"single-edition yield, exploratory"
edition_3_2019_variance_missing_zero_citation_percentile,edition 2019,10%,variance,-0.967037,-7.335796,6.131034,"single-edition yield, exploratory"
edition_3_2019_max_observed_only,edition 2019,10%,max,10.386166,3.686215,20.422498,"single-edition yield, exploratory"
edition_3_2019_max_missing_percentile_0,edition 2019,10%,max,5.612286,-1.799698,15.226337,"single-edition yield, exploratory"
edition_3_2019_max_missing_pool_mean,edition 2019,10%,max,9.164264,3.203307,18.080496,"single-edition yield, exploratory"
edition_3_2019_max_missing_zero_citation_percentile,edition 2019,10%,max,6.694309,-0.084215,15.979436,"single-edition yield, exploratory"
edition_3_2019_max_resid_observed_only,edition 2019,10%,max_resid,0.541330,-6.897081,6.608375,"single-edition yield, exploratory"
edition_3_2019_max_resid_missing_percentile_0,edition 2019,10%,max_resid,-1.511982,-9.112199,4.536453,"single-edition yield, exploratory"
edition_3_2019_max_resid_missing_pool_mean,edition 2019,10%,max_resid,0.498873,-6.390496,5.892766,"single-edition yield, exploratory"
edition_3_2019_max_resid_missing_zero_citation_percentile,edition 2019,10%,max_resid,-0.899424,-8.229563,4.879168,"single-edition yield, exploratory"
edition_3_2019_lottery_observed_only,edition 2019,10%,lottery,0.000000,0.000000,0.000000,"single-edition yield, exploratory"
edition_3_2019_lottery_missing_percentile_0,edition 2019,10%,lottery,0.000000,0.000000,0.000000,"single-edition yield, exploratory"
edition_3_2019_lottery_missing_pool_mean,edition 2019,10%,lottery,0.000000,0.000000,0.000000,"single-edition yield, exploratory"
edition_3_2019_lottery_missing_zero_citation_percentile,edition 2019,10%,lottery,0.000000,0.000000,0.000000,"single-edition yield, exploratory"
edition_3_2021_D2_observed_only,edition 2021,10%,D2,1.431861,-4.987925,6.664952,"single-edition yield, exploratory"
edition_3_2021_D2_missing_percentile_0,edition 2021,10%,D2,1.026365,-4.932438,6.428463,"single-edition yield, exploratory"
edition_3_2021_D2_missing_pool_mean,edition 2021,10%,D2,1.381912,-4.876020,6.396954,"single-edition yield, exploratory"
edition_3_2021_D2_missing_zero_citation_percentile,edition 2021,10%,D2,1.168679,-4.879257,6.372978,"single-edition yield, exploratory"
edition_3_2021_mean_observed_only,edition 2021,10%,mean,7.516349,2.819961,13.828222,"single-edition yield, exploratory"
edition_3_2021_mean_missing_percentile_0,edition 2021,10%,mean,8.642486,3.981794,14.955513,"single-edition yield, exploratory"
edition_3_2021_mean_missing_pool_mean,edition 2021,10%,mean,7.516349,2.819961,13.828222,"single-edition yield, exploratory"
edition_3_2021_mean_missing_zero_citation_percentile,edition 2021,10%,mean,8.191729,3.524708,14.492527,"single-edition yield, exploratory"
edition_3_2021_variance_observed_only,edition 2021,10%,variance,6.573895,0.766798,12.603888,"single-edition yield, exploratory"
edition_3_2021_variance_missing_percentile_0,edition 2021,10%,variance,5.418690,-0.466560,11.516873,"single-edition yield, exploratory"
edition_3_2021_variance_missing_pool_mean,edition 2021,10%,variance,6.268132,0.744545,12.006709,"single-edition yield, exploratory"
edition_3_2021_variance_missing_zero_citation_percentile,edition 2021,10%,variance,5.758695,0.063841,11.667001,"single-edition yield, exploratory"
edition_3_2021_max_observed_only,edition 2021,10%,max,8.984435,3.281908,15.502196,"single-edition yield, exploratory"
edition_3_2021_max_missing_percentile_0,edition 2021,10%,max,7.118747,1.297085,13.472913,"single-edition yield, exploratory"
edition_3_2021_max_missing_pool_mean,edition 2021,10%,max,8.462084,3.095511,14.528607,"single-edition yield, exploratory"
edition_3_2021_max_missing_zero_citation_percentile,edition 2021,10%,max,7.656442,2.253793,13.856292,"single-edition yield, exploratory"
edition_3_2021_max_resid_observed_only,edition 2021,10%,max_resid,-1.009039,-6.435634,4.485477,"single-edition yield, exploratory"
edition_3_2021_max_resid_missing_percentile_0,edition 2021,10%,max_resid,-1.811549,-7.307889,3.579947,"single-edition yield, exploratory"
edition_3_2021_max_resid_missing_pool_mean,edition 2021,10%,max_resid,-0.962107,-6.177074,4.243494,"single-edition yield, exploratory"
edition_3_2021_max_resid_missing_zero_citation_percentile,edition 2021,10%,max_resid,-1.471544,-6.683722,3.722041,"single-edition yield, exploratory"
edition_3_2021_lottery_observed_only,edition 2021,10%,lottery,0.000000,0.000000,0.000000,"single-edition yield, exploratory"
edition_3_2021_lottery_missing_percentile_0,edition 2021,10%,lottery,0.000000,0.000000,0.000000,"single-edition yield, exploratory"
edition_3_2021_lottery_missing_pool_mean,edition 2021,10%,lottery,0.000000,0.000000,0.000000,"single-edition yield, exploratory"
edition_3_2021_lottery_missing_zero_citation_percentile,edition 2021,10%,lottery,0.000000,0.000000,0.000000,"single-edition yield, exploratory"
edition_3_2022_D2_observed_only,edition 2022,10%,D2,-4.281182,-11.660198,2.385218,"single-edition yield, exploratory"
edition_3_2022_D2_missing_percentile_0,edition 2022,10%,D2,-5.125121,-10.510688,0.077477,"single-edition yield, exploratory"
edition_3_2022_D2_missing_pool_mean,edition 2022,10%,D2,-2.335190,-6.391545,1.281237,"single-edition yield, exploratory"
edition_3_2022_D2_missing_zero_citation_percentile,edition 2022,10%,D2,-4.270280,-8.860754,0.111933,"single-edition yield, exploratory"
edition_3_2022_mean_observed_only,edition 2022,10%,mean,5.401520,0.007887,11.195637,"single-edition yield, exploratory"
edition_3_2022_mean_missing_percentile_0,edition 2022,10%,mean,8.278763,2.969860,14.146278,"single-edition yield, exploratory"
edition_3_2022_mean_missing_pool_mean,edition 2022,10%,mean,3.830169,0.005962,8.040089,"single-edition yield, exploratory"
edition_3_2022_mean_missing_zero_citation_percentile,edition 2022,10%,mean,6.915704,2.290510,12.139726,"single-edition yield, exploratory"
edition_3_2022_variance_observed_only,edition 2022,10%,variance,3.789544,-1.831397,10.675206,"single-edition yield, exploratory"
edition_3_2022_variance_missing_percentile_0,edition 2022,10%,variance,5.389363,-0.011202,11.594826,"single-edition yield, exploratory"
edition_3_2022_variance_missing_pool_mean,edition 2022,10%,variance,2.549330,-1.283782,7.064967,"single-edition yield, exploratory"
edition_3_2022_variance_missing_zero_citation_percentile,edition 2022,10%,variance,4.519171,0.054188,10.070866,"single-edition yield, exploratory"
edition_3_2022_max_observed_only,edition 2022,10%,max,4.682800,-1.050328,12.030463,"single-edition yield, exploratory"
edition_3_2022_max_missing_percentile_0,edition 2022,10%,max,4.211436,-0.745505,10.792899,"single-edition yield, exploratory"
edition_3_2022_max_missing_pool_mean,edition 2022,10%,max,2.979964,-0.660967,7.659509,"single-edition yield, exploratory"
edition_3_2022_max_missing_zero_citation_percentile,edition 2022,10%,max,3.834110,-0.421604,9.652629,"single-edition yield, exploratory"
edition_3_2022_max_resid_observed_only,edition 2022,10%,max_resid,-2.005447,-8.607385,4.277735,"single-edition yield, exploratory"
edition_3_2022_max_resid_missing_percentile_0,edition 2022,10%,max_resid,-0.812540,-6.484156,5.094329,"single-edition yield, exploratory"
edition_3_2022_max_resid_missing_pool_mean,edition 2022,10%,max_resid,-1.239731,-5.246996,2.560875,"single-edition yield, exploratory"
edition_3_2022_max_resid_missing_zero_citation_percentile,edition 2022,10%,max_resid,-0.943432,-5.763459,4.105130,"single-edition yield, exploratory"
edition_3_2022_lottery_observed_only,edition 2022,10%,lottery,0.000000,0.000000,0.000000,"single-edition yield, exploratory"
edition_3_2022_lottery_missing_percentile_0,edition 2022,10%,lottery,0.000000,0.000000,0.000000,"single-edition yield, exploratory"
edition_3_2022_lottery_missing_pool_mean,edition 2022,10%,lottery,0.000000,0.000000,0.000000,"single-edition yield, exploratory"
edition_3_2022_lottery_missing_zero_citation_percentile,edition 2022,10%,lottery,0.000000,0.000000,0.000000,"single-edition yield, exploratory"
ctx_2017_submissions,edition 2017,,submissions,489.000000,,,corpus description
ctx_2017_scored_rejects,edition 2017,,scored rejections,244.000000,,,corpus description
ctx_2017_citation_resolved,edition 2017,,rejections with an observed outcome,239.000000,,,corpus description
ctx_2017_reviewer_count_median,edition 2017,,median reviewers per rejection,3.000000,,,corpus description
ctx_2018_submissions,edition 2018,,submissions,1012.000000,,,corpus description
ctx_2018_scored_rejects,edition 2018,,scored rejections,491.000000,,,corpus description
ctx_2018_citation_resolved,edition 2018,,rejections with an observed outcome,472.000000,,,corpus description
ctx_2018_reviewer_count_median,edition 2018,,median reviewers per rejection,3.000000,,,corpus description
ctx_2019_submissions,edition 2019,,submissions,1569.000000,,,corpus description
ctx_2019_scored_rejects,edition 2019,,scored rejections,917.000000,,,corpus description
ctx_2019_citation_resolved,edition 2019,,rejections with an observed outcome,892.000000,,,corpus description
ctx_2019_reviewer_count_median,edition 2019,,median reviewers per rejection,3.000000,,,corpus description
ctx_2021_submissions,edition 2021,,submissions,3009.000000,,,corpus description
ctx_2021_scored_rejects,edition 2021,,scored rejections,1735.000000,,,corpus description
ctx_2021_citation_resolved,edition 2021,,rejections with an observed outcome,1689.000000,,,corpus description
ctx_2021_reviewer_count_median,edition 2021,,median reviewers per rejection,4.000000,,,corpus description
ctx_2022_submissions,edition 2022,,submissions,3422.000000,,,corpus description
ctx_2022_scored_rejects,edition 2022,,scored rejections,1525.000000,,,corpus description
ctx_2022_citation_resolved,edition 2022,,rejections with an observed outcome,928.000000,,,corpus description
ctx_2022_reviewer_count_median,edition 2022,,median reviewers per rejection,4.000000,,,corpus description
ctx_2023_submissions,edition 2023,,submissions,4955.000000,,,corpus description
ctx_2023_scored_rejects,edition 2023,,scored rejections,2226.000000,,,corpus description
ctx_2023_citation_resolved,edition 2023,,rejections with an observed outcome,1224.000000,,,corpus description
ctx_2023_reviewer_count_median,edition 2023,,median reviewers per rejection,4.000000,,,corpus description
ctx_2024_submissions,edition 2024,,submissions,7401.000000,,,corpus description
ctx_2024_scored_rejects,edition 2024,,scored rejections,3487.000000,,,corpus description
ctx_2024_citation_resolved,edition 2024,,rejections with an observed outcome,1967.000000,,,corpus description
ctx_2024_reviewer_count_median,edition 2024,,median reviewers per rejection,4.000000,,,corpus description
overlap_2yr_b1_intersection,2yr,1%,shared selections,2.000000,,,variance and panel mean
overlap_2yr_b1_fraction,2yr,1%,"shared selections, %",2.816901,,,
overlap_2yr_b2_intersection,2yr,2%,shared selections,4.000000,,,variance and panel mean
overlap_2yr_b2_fraction,2yr,2%,"shared selections, %",2.857143,,,
overlap_2yr_b5_intersection,2yr,5%,shared selections,20.000000,,,variance and panel mean
overlap_2yr_b5_fraction,2yr,5%,"shared selections, %",5.813953,,,
overlap_2yr_b10_intersection,2yr,10%,shared selections,67.000000,,,variance and panel mean
overlap_2yr_b10_fraction,2yr,10%,"shared selections, %",9.766764,,,
overlap_3yr_b1_intersection,3yr,1%,shared selections,1.000000,,,variance and panel mean
overlap_3yr_b1_fraction,3yr,1%,"shared selections, %",3.125000,,,
overlap_3yr_b2_intersection,3yr,2%,shared selections,1.000000,,,variance and panel mean
overlap_3yr_b2_fraction,3yr,2%,"shared selections, %",1.612903,,,
overlap_3yr_b5_intersection,3yr,5%,shared selections,11.000000,,,variance and panel mean
overlap_3yr_b5_fraction,3yr,5%,"shared selections, %",7.284768,,,
overlap_3yr_b10_intersection,3yr,10%,shared selections,34.000000,,,variance and panel mean
overlap_3yr_b10_fraction,3yr,10%,"shared selections, %",11.295681,,,
bound_fixed_reference_sharp_0_100_b1_lower,2017-2024 ex2020 2yr,1%,D2 missing-outcome bound,-32.792389,,,"fixed_reference_sharp_0_100; identification endpoint, NOT a confidence limit"
bound_fixed_reference_sharp_0_100_b1_upper,2017-2024 ex2020 2yr,1%,D2 missing-outcome bound,38.671891,,,"fixed_reference_sharp_0_100; identification endpoint, NOT a confidence limit"
bound_fixed_reference_sharp_0_annual_q25_assumption_b1_lower,2017-2024 ex2020 2yr,1%,D2 missing-outcome bound,-7.550593,,,"fixed_reference_sharp_0_annual_q25_assumption; identification endpoint, NOT a confidence limit"
bound_fixed_reference_sharp_0_annual_q25_assumption_b1_upper,2017-2024 ex2020 2yr,1%,D2 missing-outcome bound,5.600720,,,"fixed_reference_sharp_0_annual_q25_assumption; identification endpoint, NOT a confidence limit"
bound_full_cohort_rank_outer_bound_not_sharp_b1_lower,2017-2024 ex2020 2yr,1%,D2 missing-outcome bound,-47.137270,,,"full_cohort_rank_outer_bound_not_sharp; identification endpoint, NOT a confidence limit"
bound_full_cohort_rank_outer_bound_not_sharp_b1_upper,2017-2024 ex2020 2yr,1%,D2 missing-outcome bound,51.135650,,,"full_cohort_rank_outer_bound_not_sharp; identification endpoint, NOT a confidence limit"
bound_fixed_reference_sharp_0_100_b2_lower,2017-2024 ex2020 2yr,2%,D2 missing-outcome bound,-30.065233,,,"fixed_reference_sharp_0_100; identification endpoint, NOT a confidence limit"
bound_fixed_reference_sharp_0_100_b2_upper,2017-2024 ex2020 2yr,2%,D2 missing-outcome bound,32.076297,,,"fixed_reference_sharp_0_100; identification endpoint, NOT a confidence limit"
bound_fixed_reference_sharp_0_annual_q25_assumption_b2_lower,2017-2024 ex2020 2yr,2%,D2 missing-outcome bound,-4.621651,,,"fixed_reference_sharp_0_annual_q25_assumption; identification endpoint, NOT a confidence limit"
bound_fixed_reference_sharp_0_annual_q25_assumption_b2_upper,2017-2024 ex2020 2yr,2%,D2 missing-outcome bound,6.715144,,,"fixed_reference_sharp_0_annual_q25_assumption; identification endpoint, NOT a confidence limit"
bound_full_cohort_rank_outer_bound_not_sharp_b2_lower,2017-2024 ex2020 2yr,2%,D2 missing-outcome bound,-45.511870,,,"full_cohort_rank_outer_bound_not_sharp; identification endpoint, NOT a confidence limit"
bound_full_cohort_rank_outer_bound_not_sharp_b2_upper,2017-2024 ex2020 2yr,2%,D2 missing-outcome bound,46.849902,,,"full_cohort_rank_outer_bound_not_sharp; identification endpoint, NOT a confidence limit"
bound_fixed_reference_sharp_0_100_b5_lower,2017-2024 ex2020 2yr,5%,D2 missing-outcome bound,-34.227849,,,"fixed_reference_sharp_0_100; identification endpoint, NOT a confidence limit"
bound_fixed_reference_sharp_0_100_b5_upper,2017-2024 ex2020 2yr,5%,D2 missing-outcome bound,31.737779,,,"fixed_reference_sharp_0_100; identification endpoint, NOT a confidence limit"
bound_fixed_reference_sharp_0_annual_q25_assumption_b5_lower,2017-2024 ex2020 2yr,5%,D2 missing-outcome bound,-9.243074,,,"fixed_reference_sharp_0_annual_q25_assumption; identification endpoint, NOT a confidence limit"
bound_fixed_reference_sharp_0_annual_q25_assumption_b5_upper,2017-2024 ex2020 2yr,5%,D2 missing-outcome bound,2.756570,,,"fixed_reference_sharp_0_annual_q25_assumption; identification endpoint, NOT a confidence limit"
bound_full_cohort_rank_outer_bound_not_sharp_b5_lower,2017-2024 ex2020 2yr,5%,D2 missing-outcome bound,-48.007766,,,"full_cohort_rank_outer_bound_not_sharp; identification endpoint, NOT a confidence limit"
bound_full_cohort_rank_outer_bound_not_sharp_b5_upper,2017-2024 ex2020 2yr,5%,D2 missing-outcome bound,46.056275,,,"full_cohort_rank_outer_bound_not_sharp; identification endpoint, NOT a confidence limit"
bound_fixed_reference_sharp_0_100_b10_lower,2017-2024 ex2020 2yr,10%,D2 missing-outcome bound,-31.086314,,,"fixed_reference_sharp_0_100; identification endpoint, NOT a confidence limit"
bound_fixed_reference_sharp_0_100_b10_upper,2017-2024 ex2020 2yr,10%,D2 missing-outcome bound,29.868661,,,"fixed_reference_sharp_0_100; identification endpoint, NOT a confidence limit"
bound_fixed_reference_sharp_0_annual_q25_assumption_b10_lower,2017-2024 ex2020 2yr,10%,D2 missing-outcome bound,-6.929600,,,"fixed_reference_sharp_0_annual_q25_assumption; identification endpoint, NOT a confidence limit"
bound_fixed_reference_sharp_0_annual_q25_assumption_b10_upper,2017-2024 ex2020 2yr,10%,D2 missing-outcome bound,4.208335,,,"fixed_reference_sharp_0_annual_q25_assumption; identification endpoint, NOT a confidence limit"
bound_full_cohort_rank_outer_bound_not_sharp_b10_lower,2017-2024 ex2020 2yr,10%,D2 missing-outcome bound,-44.731730,,,"full_cohort_rank_outer_bound_not_sharp; identification endpoint, NOT a confidence limit"
bound_full_cohort_rank_outer_bound_not_sharp_b10_upper,2017-2024 ex2020 2yr,10%,D2 missing-outcome bound,44.128392,,,"full_cohort_rank_outer_bound_not_sharp; identification endpoint, NOT a confidence limit"
tip_two_year_D2_to-5,two_year,10%,D2,-13.728496,,,shift applied to the rule's unresolved selections to reach -5
tip_two_year_D2_nmissing,two_year,10%,D2,231.000000,,,unresolved submissions among the selections
tip_two_year_D2_to0,two_year,10%,D2,2.201982,,,shift applied to the rule's unresolved selections to reach 0
tip_two_year_D2_to5,two_year,10%,D2,18.132459,,,shift applied to the rule's unresolved selections to reach 5
tip_two_year_mean_nmissing,two_year,10%,mean,144.000000,,,unresolved submissions among the selections
tip_two_year_mean_to0,two_year,10%,mean,-25.844651,,,shift applied to the rule's unresolved selections to reach 0
tip_two_year_mean_to5,two_year,10%,mean,-0.273071,,,shift applied to the rule's unresolved selections to reach 5
tip_two_year_variance_to-5,two_year,10%,variance,-23.707282,,,shift applied to the rule's unresolved selections to reach -5
tip_two_year_variance_nmissing,two_year,10%,variance,196.000000,,,unresolved submissions among the selections
tip_two_year_variance_to0,two_year,10%,variance,-4.935691,,,shift applied to the rule's unresolved selections to reach 0
tip_two_year_variance_to5,two_year,10%,variance,13.835900,,,shift applied to the rule's unresolved selections to reach 5
tip_two_year_max_to-5,two_year,10%,max,-36.327292,,,shift applied to the rule's unresolved selections to reach -5
tip_two_year_max_nmissing,two_year,10%,max,182.000000,,,unresolved submissions among the selections
tip_two_year_max_to0,two_year,10%,max,-16.110187,,,shift applied to the rule's unresolved selections to reach 0
tip_two_year_max_to5,two_year,10%,max,4.106918,,,shift applied to the rule's unresolved selections to reach 5
tip_two_year_max_resid_to-5,two_year,10%,max_resid,-14.546351,,,shift applied to the rule's unresolved selections to reach -5
tip_two_year_max_resid_nmissing,two_year,10%,max_resid,206.000000,,,unresolved submissions among the selections
tip_two_year_max_resid_to0,two_year,10%,max_resid,3.316560,,,shift applied to the rule's unresolved selections to reach 0
tip_two_year_max_resid_to5,two_year,10%,max_resid,21.179471,,,shift applied to the rule's unresolved selections to reach 5
tip_three_year_D2_to-5,three_year,10%,D2,-23.546367,,,shift applied to the rule's unresolved selections to reach -5
tip_three_year_D2_nmissing,three_year,10%,D2,58.000000,,,unresolved submissions among the selections
tip_three_year_D2_to0,three_year,10%,D2,4.341222,,,shift applied to the rule's unresolved selections to reach 0
tip_three_year_D2_to5,three_year,10%,D2,32.228811,,,shift applied to the rule's unresolved selections to reach 5
tip_three_year_mean_nmissing,three_year,10%,mean,35.000000,,,unresolved submissions among the selections
tip_three_year_mean_to5,three_year,10%,mean,-43.766839,,,shift applied to the rule's unresolved selections to reach 5
tip_three_year_variance_nmissing,three_year,10%,variance,44.000000,,,unresolved submissions among the selections
tip_three_year_variance_to0,three_year,10%,variance,-22.020293,,,shift applied to the rule's unresolved selections to reach 0
tip_three_year_variance_to5,three_year,10%,variance,14.702659,,,shift applied to the rule's unresolved selections to reach 5
tip_three_year_max_nmissing,three_year,10%,max,51.000000,,,unresolved submissions among the selections
tip_three_year_max_to5,three_year,10%,max,-15.649165,,,shift applied to the rule's unresolved selections to reach 5
tip_three_year_max_resid_to-5,three_year,10%,max_resid,-23.909071,,,shift applied to the rule's unresolved selections to reach -5
tip_three_year_max_resid_nmissing,three_year,10%,max_resid,50.000000,,,unresolved submissions among the selections
tip_three_year_max_resid_to0,three_year,10%,max_resid,8.421925,,,shift applied to the rule's unresolved selections to reach 0
tip_three_year_max_resid_to5,three_year,10%,max_resid,40.752921,,,shift applied to the rule's unresolved selections to reach 5
r2_mean_only_2017,edition 2017,,R2 of max on panel mean,0.765939,,,descriptive in-sample OLS
r2_mean_only_2018,edition 2018,,R2 of max on panel mean,0.716772,,,descriptive in-sample OLS
r2_mean_only_2019,edition 2019,,R2 of max on panel mean,0.701274,,,descriptive in-sample OLS
r2_mean_only_2021,edition 2021,,R2 of max on panel mean,0.603471,,,descriptive in-sample OLS
r2_mean_only_2022,edition 2022,,R2 of max on panel mean,0.577775,,,descriptive in-sample OLS
r2_mean_only_2023,edition 2023,,R2 of max on panel mean,0.563994,,,descriptive in-sample OLS
r2_mean_only_2024,edition 2024,,R2 of max on panel mean,0.556275,,,descriptive in-sample OLS
r2_mean_only_pooled,2017-2024 ex2020,,R2 of max on panel mean,0.588999,,,summed within-year SSE over summed SST
r2_mean_and_count_pooled,2017-2024 ex2020,,R2 of max on panel mean and reviewer count,0.600199,,,summed within-year SSE over summed SST
prec_two_year_b1_ci90_low,two_year,1%,D2 90% interval,-5.211076,,,resolved outcomes only
prec_two_year_b1_ci90_high,two_year,1%,D2 90% interval,9.079063,,,resolved outcomes only
prec_two_year_b1_halfwidth,two_year,1%,D2 95% interval half-width,8.482633,,,
prec_two_year_b2_ci90_low,two_year,2%,D2 90% interval,-3.661245,,,resolved outcomes only
prec_two_year_b2_ci90_high,two_year,2%,D2 90% interval,5.948422,,,resolved outcomes only
prec_two_year_b2_halfwidth,two_year,2%,D2 95% interval half-width,5.651370,,,
prec_two_year_b5_ci90_low,two_year,5%,D2 90% interval,-5.472896,,,resolved outcomes only
prec_two_year_b5_ci90_high,two_year,5%,D2 90% interval,0.543623,,,resolved outcomes only
prec_two_year_b5_halfwidth,two_year,5%,D2 95% interval half-width,3.485495,,,
prec_two_year_b10_ci90_low,two_year,10%,D2 90% interval,-3.302145,,,resolved outcomes only
prec_two_year_b10_ci90_high,two_year,10%,D2 90% interval,0.629158,,,resolved outcomes only
prec_two_year_b10_halfwidth,two_year,10%,D2 95% interval half-width,2.303300,,,
prec_three_year_b1_ci90_low,three_year,1%,D2 90% interval,-8.040261,,,resolved outcomes only
prec_three_year_b1_ci90_high,three_year,1%,D2 90% interval,8.469405,,,resolved outcomes only
prec_three_year_b1_halfwidth,three_year,1%,D2 95% interval half-width,10.062848,,,
prec_three_year_b2_ci90_low,three_year,2%,D2 90% interval,-6.437599,,,resolved outcomes only
prec_three_year_b2_ci90_high,three_year,2%,D2 90% interval,5.996566,,,resolved outcomes only
prec_three_year_b2_halfwidth,three_year,2%,D2 95% interval half-width,7.630429,,,
prec_three_year_b5_ci90_low,three_year,5%,D2 90% interval,-7.603314,,,resolved outcomes only
prec_three_year_b5_ci90_high,three_year,5%,D2 90% interval,0.708126,,,resolved outcomes only
prec_three_year_b5_halfwidth,three_year,5%,D2 95% interval half-width,4.880043,,,
prec_three_year_b10_ci90_low,three_year,10%,D2 90% interval,-4.249730,,,resolved outcomes only
prec_three_year_b10_ci90_high,three_year,10%,D2 90% interval,1.364347,,,resolved outcomes only
prec_three_year_b10_halfwidth,three_year,10%,D2 95% interval half-width,3.358216,,,
coverage_reject_pct,2017-2024 ex2020 2yr,,"rejections with an observed outcome, %",69.750588,,,7411 of 10625
coverage_reject_early_pct,2017-2022 ex2020 2yr,,"rejections with an observed outcome, %",85.912052,,,4220 of 4912
predecision_D2_b1_metadata_date_predecision_share,2017-2024 ex2020 2yr,1%,D2,5.825243,,,"share of window citations dated before the decision, %"
predecision_D2_b1_boundary_year_all_out_share,2017-2024 ex2020 2yr,1%,D2,0.000000,,,"share of window citations dated before the decision, %"
predecision_D2_b1_boundary_year_all_in_share,2017-2024 ex2020 2yr,1%,D2,28.155340,,,"share of window citations dated before the decision, %"
predecision_mean_b1_metadata_date_predecision_share,2017-2024 ex2020 2yr,1%,mean,3.142077,,,"share of window citations dated before the decision, %"
predecision_mean_b1_boundary_year_all_out_share,2017-2024 ex2020 2yr,1%,mean,0.000000,,,"share of window citations dated before the decision, %"
predecision_mean_b1_boundary_year_all_in_share,2017-2024 ex2020 2yr,1%,mean,30.464481,,,"share of window citations dated before the decision, %"
predecision_variance_b1_metadata_date_predecision_share,2017-2024 ex2020 2yr,1%,variance,4.615385,,,"share of window citations dated before the decision, %"
predecision_variance_b1_boundary_year_all_out_share,2017-2024 ex2020 2yr,1%,variance,0.000000,,,"share of window citations dated before the decision, %"
predecision_variance_b1_boundary_year_all_in_share,2017-2024 ex2020 2yr,1%,variance,24.230769,,,"share of window citations dated before the decision, %"
predecision_max_b1_metadata_date_predecision_share,2017-2024 ex2020 2yr,1%,max,5.542169,,,"share of window citations dated before the decision, %"
predecision_max_b1_boundary_year_all_out_share,2017-2024 ex2020 2yr,1%,max,0.000000,,,"share of window citations dated before the decision, %"
predecision_max_b1_boundary_year_all_in_share,2017-2024 ex2020 2yr,1%,max,24.096386,,,"share of window citations dated before the decision, %"
predecision_max_resid_b1_metadata_date_predecision_share,2017-2024 ex2020 2yr,1%,max_resid,4.205607,,,"share of window citations dated before the decision, %"
predecision_max_resid_b1_boundary_year_all_out_share,2017-2024 ex2020 2yr,1%,max_resid,0.000000,,,"share of window citations dated before the decision, %"
predecision_max_resid_b1_boundary_year_all_in_share,2017-2024 ex2020 2yr,1%,max_resid,26.168224,,,"share of window citations dated before the decision, %"
predecision_lottery_expectation_b1_metadata_date_predecision_share,2017-2024 ex2020 2yr,1%,lottery_expectation,5.524939,,,"share of window citations dated before the decision, %"
predecision_lottery_expectation_b1_boundary_year_all_out_share,2017-2024 ex2020 2yr,1%,lottery_expectation,0.000000,,,"share of window citations dated before the decision, %"
predecision_lottery_expectation_b1_boundary_year_all_in_share,2017-2024 ex2020 2yr,1%,lottery_expectation,32.159414,,,"share of window citations dated before the decision, %"
predecision_D2_b2_metadata_date_predecision_share,2017-2024 ex2020 2yr,2%,D2,10.535714,,,"share of window citations dated before the decision, %"
predecision_D2_b2_boundary_year_all_out_share,2017-2024 ex2020 2yr,2%,D2,0.000000,,,"share of window citations dated before the decision, %"
predecision_D2_b2_boundary_year_all_in_share,2017-2024 ex2020 2yr,2%,D2,32.142857,,,"share of window citations dated before the decision, %"
predecision_mean_b2_metadata_date_predecision_share,2017-2024 ex2020 2yr,2%,mean,3.743316,,,"share of window citations dated before the decision, %"
predecision_mean_b2_boundary_year_all_out_share,2017-2024 ex2020 2yr,2%,mean,0.000000,,,"share of window citations dated before the decision, %"
predecision_mean_b2_boundary_year_all_in_share,2017-2024 ex2020 2yr,2%,mean,31.016043,,,"share of window citations dated before the decision, %"
predecision_variance_b2_metadata_date_predecision_share,2017-2024 ex2020 2yr,2%,variance,4.468085,,,"share of window citations dated before the decision, %"
predecision_variance_b2_boundary_year_all_out_share,2017-2024 ex2020 2yr,2%,variance,0.000000,,,"share of window citations dated before the decision, %"
predecision_variance_b2_boundary_year_all_in_share,2017-2024 ex2020 2yr,2%,variance,26.170213,,,"share of window citations dated before the decision, %"
predecision_max_b2_metadata_date_predecision_share,2017-2024 ex2020 2yr,2%,max,4.948646,,,"share of window citations dated before the decision, %"
predecision_max_b2_boundary_year_all_out_share,2017-2024 ex2020 2yr,2%,max,0.000000,,,"share of window citations dated before the decision, %"
predecision_max_b2_boundary_year_all_in_share,2017-2024 ex2020 2yr,2%,max,33.800187,,,"share of window citations dated before the decision, %"
predecision_max_resid_b2_metadata_date_predecision_share,2017-2024 ex2020 2yr,2%,max_resid,10.416667,,,"share of window citations dated before the decision, %"
predecision_max_resid_b2_boundary_year_all_out_share,2017-2024 ex2020 2yr,2%,max_resid,0.000000,,,"share of window citations dated before the decision, %"
predecision_max_resid_b2_boundary_year_all_in_share,2017-2024 ex2020 2yr,2%,max_resid,34.090909,,,"share of window citations dated before the decision, %"
predecision_lottery_expectation_b2_metadata_date_predecision_share,2017-2024 ex2020 2yr,2%,lottery_expectation,5.591586,,,"share of window citations dated before the decision, %"
predecision_lottery_expectation_b2_boundary_year_all_out_share,2017-2024 ex2020 2yr,2%,lottery_expectation,0.000000,,,"share of window citations dated before the decision, %"
predecision_lottery_expectation_b2_boundary_year_all_in_share,2017-2024 ex2020 2yr,2%,lottery_expectation,32.600916,,,"share of window citations dated before the decision, %"
predecision_D2_b5_metadata_date_predecision_share,2017-2024 ex2020 2yr,5%,D2,8.804348,,,"share of window citations dated before the decision, %"
predecision_D2_b5_boundary_year_all_out_share,2017-2024 ex2020 2yr,5%,D2,0.000000,,,"share of window citations dated before the decision, %"
predecision_D2_b5_boundary_year_all_in_share,2017-2024 ex2020 2yr,5%,D2,34.239130,,,"share of window citations dated before the decision, %"
predecision_mean_b5_metadata_date_predecision_share,2017-2024 ex2020 2yr,5%,mean,5.646688,,,"share of window citations dated before the decision, %"
predecision_mean_b5_boundary_year_all_out_share,2017-2024 ex2020 2yr,5%,mean,0.000000,,,"share of window citations dated before the decision, %"
predecision_mean_b5_boundary_year_all_in_share,2017-2024 ex2020 2yr,5%,mean,29.211356,,,"share of window citations dated before the decision, %"
predecision_variance_b5_metadata_date_predecision_share,2017-2024 ex2020 2yr,5%,variance,9.557662,,,"share of window citations dated before the decision, %"
predecision_variance_b5_boundary_year_all_out_share,2017-2024 ex2020 2yr,5%,variance,0.000000,,,"share of window citations dated before the decision, %"
predecision_variance_b5_boundary_year_all_in_share,2017-2024 ex2020 2yr,5%,variance,34.281201,,,"share of window citations dated before the decision, %"
predecision_max_b5_metadata_date_predecision_share,2017-2024 ex2020 2yr,5%,max,5.515930,,,"share of window citations dated before the decision, %"
predecision_max_b5_boundary_year_all_out_share,2017-2024 ex2020 2yr,5%,max,0.000000,,,"share of window citations dated before the decision, %"
predecision_max_b5_boundary_year_all_in_share,2017-2024 ex2020 2yr,5%,max,32.144555,,,"share of window citations dated before the decision, %"
predecision_max_resid_b5_metadata_date_predecision_share,2017-2024 ex2020 2yr,5%,max_resid,8.961474,,,"share of window citations dated before the decision, %"
predecision_max_resid_b5_boundary_year_all_out_share,2017-2024 ex2020 2yr,5%,max_resid,0.000000,,,"share of window citations dated before the decision, %"
predecision_max_resid_b5_boundary_year_all_in_share,2017-2024 ex2020 2yr,5%,max_resid,33.165829,,,"share of window citations dated before the decision, %"
predecision_lottery_expectation_b5_metadata_date_predecision_share,2017-2024 ex2020 2yr,5%,lottery_expectation,5.622437,,,"share of window citations dated before the decision, %"
predecision_lottery_expectation_b5_boundary_year_all_out_share,2017-2024 ex2020 2yr,5%,lottery_expectation,0.000000,,,"share of window citations dated before the decision, %"
predecision_lottery_expectation_b5_boundary_year_all_in_share,2017-2024 ex2020 2yr,5%,lottery_expectation,32.690075,,,"share of window citations dated before the decision, %"
predecision_D2_b10_metadata_date_predecision_share,2017-2024 ex2020 2yr,10%,D2,7.971014,,,"share of window citations dated before the decision, %"
predecision_D2_b10_boundary_year_all_out_share,2017-2024 ex2020 2yr,10%,D2,0.000000,,,"share of window citations dated before the decision, %"
predecision_D2_b10_boundary_year_all_in_share,2017-2024 ex2020 2yr,10%,D2,34.782609,,,"share of window citations dated before the decision, %"
predecision_mean_b10_metadata_date_predecision_share,2017-2024 ex2020 2yr,10%,mean,5.014368,,,"share of window citations dated before the decision, %"
predecision_mean_b10_boundary_year_all_out_share,2017-2024 ex2020 2yr,10%,mean,0.000000,,,"share of window citations dated before the decision, %"
predecision_mean_b10_boundary_year_all_in_share,2017-2024 ex2020 2yr,10%,mean,30.431034,,,"share of window citations dated before the decision, %"
predecision_variance_b10_metadata_date_predecision_share,2017-2024 ex2020 2yr,10%,variance,6.246773,,,"share of window citations dated before the decision, %"
predecision_variance_b10_boundary_year_all_out_share,2017-2024 ex2020 2yr,10%,variance,0.000000,,,"share of window citations dated before the decision, %"
predecision_variance_b10_boundary_year_all_in_share,2017-2024 ex2020 2yr,10%,variance,34.537945,,,"share of window citations dated before the decision, %"
predecision_max_b10_metadata_date_predecision_share,2017-2024 ex2020 2yr,10%,max,4.729080,,,"share of window citations dated before the decision, %"
predecision_max_b10_boundary_year_all_out_share,2017-2024 ex2020 2yr,10%,max,0.000000,,,"share of window citations dated before the decision, %"
predecision_max_b10_boundary_year_all_in_share,2017-2024 ex2020 2yr,10%,max,31.372235,,,"share of window citations dated before the decision, %"
predecision_max_resid_b10_metadata_date_predecision_share,2017-2024 ex2020 2yr,10%,max_resid,6.976744,,,"share of window citations dated before the decision, %"
predecision_max_resid_b10_boundary_year_all_out_share,2017-2024 ex2020 2yr,10%,max_resid,0.000000,,,"share of window citations dated before the decision, %"
predecision_max_resid_b10_boundary_year_all_in_share,2017-2024 ex2020 2yr,10%,max_resid,36.093023,,,"share of window citations dated before the decision, %"
predecision_lottery_expectation_b10_metadata_date_predecision_share,2017-2024 ex2020 2yr,10%,lottery_expectation,5.638585,,,"share of window citations dated before the decision, %"
predecision_lottery_expectation_b10_boundary_year_all_out_share,2017-2024 ex2020 2yr,10%,lottery_expectation,0.000000,,,"share of window citations dated before the decision, %"
predecision_lottery_expectation_b10_boundary_year_all_in_share,2017-2024 ex2020 2yr,10%,lottery_expectation,32.776137,,,"share of window citations dated before the decision, %"
boundary_all_boundary_year_in_D2_b1,2017-2024 ex2020 2yr,1%,D2,3.765730,,,"deterministic date scenario, not a bound"
boundary_all_boundary_year_in_mean_b1,2017-2024 ex2020 2yr,1%,mean,10.689192,,,"deterministic date scenario, not a bound"
boundary_all_boundary_year_in_variance_b1,2017-2024 ex2020 2yr,1%,variance,0.708351,,,"deterministic date scenario, not a bound"
boundary_all_boundary_year_in_max_b1,2017-2024 ex2020 2yr,1%,max,9.228553,,,"deterministic date scenario, not a bound"
boundary_all_boundary_year_in_max_resid_b1,2017-2024 ex2020 2yr,1%,max_resid,-0.353484,,,"deterministic date scenario, not a bound"
boundary_all_boundary_year_in_D2_b2,2017-2024 ex2020 2yr,2%,D2,1.481421,,,"deterministic date scenario, not a bound"
boundary_all_boundary_year_in_mean_b2,2017-2024 ex2020 2yr,2%,mean,8.269994,,,"deterministic date scenario, not a bound"
boundary_all_boundary_year_in_variance_b2,2017-2024 ex2020 2yr,2%,variance,1.744740,,,"deterministic date scenario, not a bound"
boundary_all_boundary_year_in_max_b2,2017-2024 ex2020 2yr,2%,max,8.204990,,,"deterministic date scenario, not a bound"
boundary_all_boundary_year_in_max_resid_b2,2017-2024 ex2020 2yr,2%,max_resid,2.234353,,,"deterministic date scenario, not a bound"
boundary_all_boundary_year_in_D2_b5,2017-2024 ex2020 2yr,5%,D2,-2.512911,,,"deterministic date scenario, not a bound"
boundary_all_boundary_year_in_mean_b5,2017-2024 ex2020 2yr,5%,mean,6.992334,,,"deterministic date scenario, not a bound"
boundary_all_boundary_year_in_variance_b5,2017-2024 ex2020 2yr,5%,variance,0.575320,,,"deterministic date scenario, not a bound"
boundary_all_boundary_year_in_max_b5,2017-2024 ex2020 2yr,5%,max,6.107337,,,"deterministic date scenario, not a bound"
boundary_all_boundary_year_in_max_resid_b5,2017-2024 ex2020 2yr,5%,max_resid,-0.312960,,,"deterministic date scenario, not a bound"
boundary_all_boundary_year_in_D2_b10,2017-2024 ex2020 2yr,10%,D2,-1.116338,,,"deterministic date scenario, not a bound"
boundary_all_boundary_year_in_mean_b10,2017-2024 ex2020 2yr,10%,mean,6.630489,,,"deterministic date scenario, not a bound"
boundary_all_boundary_year_in_variance_b10,2017-2024 ex2020 2yr,10%,variance,1.908284,,,"deterministic date scenario, not a bound"
boundary_all_boundary_year_in_max_b10,2017-2024 ex2020 2yr,10%,max,5.607561,,,"deterministic date scenario, not a bound"
boundary_all_boundary_year_in_max_resid_b10,2017-2024 ex2020 2yr,10%,max_resid,-1.286355,,,"deterministic date scenario, not a bound"
boundary_all_boundary_year_out_D2_b1,2017-2024 ex2020 2yr,1%,D2,2.698327,,,"deterministic date scenario, not a bound"
boundary_all_boundary_year_out_mean_b1,2017-2024 ex2020 2yr,1%,mean,7.149265,,,"deterministic date scenario, not a bound"
boundary_all_boundary_year_out_variance_b1,2017-2024 ex2020 2yr,1%,variance,2.655757,,,"deterministic date scenario, not a bound"
boundary_all_boundary_year_out_max_b1,2017-2024 ex2020 2yr,1%,max,7.548404,,,"deterministic date scenario, not a bound"
boundary_all_boundary_year_out_max_resid_b1,2017-2024 ex2020 2yr,1%,max_resid,0.240884,,,"deterministic date scenario, not a bound"
boundary_all_boundary_year_out_D2_b2,2017-2024 ex2020 2yr,2%,D2,1.556360,,,"deterministic date scenario, not a bound"
boundary_all_boundary_year_out_mean_b2,2017-2024 ex2020 2yr,2%,mean,6.394362,,,"deterministic date scenario, not a bound"
boundary_all_boundary_year_out_variance_b2,2017-2024 ex2020 2yr,2%,variance,2.559984,,,"deterministic date scenario, not a bound"
boundary_all_boundary_year_out_max_b2,2017-2024 ex2020 2yr,2%,max,6.656607,,,"deterministic date scenario, not a bound"
boundary_all_boundary_year_out_max_resid_b2,2017-2024 ex2020 2yr,2%,max_resid,2.999988,,,"deterministic date scenario, not a bound"
boundary_all_boundary_year_out_D2_b5,2017-2024 ex2020 2yr,5%,D2,-2.249015,,,"deterministic date scenario, not a bound"
boundary_all_boundary_year_out_mean_b5,2017-2024 ex2020 2yr,5%,mean,4.684465,,,"deterministic date scenario, not a bound"
boundary_all_boundary_year_out_variance_b5,2017-2024 ex2020 2yr,5%,variance,1.324236,,,"deterministic date scenario, not a bound"
boundary_all_boundary_year_out_max_b5,2017-2024 ex2020 2yr,5%,max,5.003308,,,"deterministic date scenario, not a bound"
boundary_all_boundary_year_out_max_resid_b5,2017-2024 ex2020 2yr,5%,max_resid,0.563708,,,"deterministic date scenario, not a bound"
boundary_all_boundary_year_out_D2_b10,2017-2024 ex2020 2yr,10%,D2,-1.003853,,,"deterministic date scenario, not a bound"
boundary_all_boundary_year_out_mean_b10,2017-2024 ex2020 2yr,10%,mean,5.423680,,,"deterministic date scenario, not a bound"
boundary_all_boundary_year_out_variance_b10,2017-2024 ex2020 2yr,10%,variance,1.983296,,,"deterministic date scenario, not a bound"
boundary_all_boundary_year_out_max_b10,2017-2024 ex2020 2yr,10%,max,5.061451,,,"deterministic date scenario, not a bound"
boundary_all_boundary_year_out_max_resid_b10,2017-2024 ex2020 2yr,10%,max_resid,-1.409117,,,"deterministic date scenario, not a bound"
audit_verdict1_pct,unmatched audit,,verdict 1,3.106198,0.316678,19.598874,edition-stratified sample of 150; verdict 3 is not evidence of never published
audit_verdict1_n,unmatched audit,,verdict 1,8.000000,,,cases in the sample of 150
audit_verdict2_pct,unmatched audit,,verdict 2,65.739563,43.490500,83.708656,edition-stratified sample of 150; verdict 3 is not evidence of never published
audit_verdict2_n,unmatched audit,,verdict 2,107.000000,,,cases in the sample of 150
audit_verdict3_pct,unmatched audit,,verdict 3,31.154238,13.863476,53.589022,edition-stratified sample of 150; verdict 3 is not evidence of never published
audit_verdict3_n,unmatched audit,,verdict 3,35.000000,,,cases in the sample of 150
audit_verdict4_pct,unmatched audit,,verdict 4,0.000000,0.000000,14.391274,edition-stratified sample of 150; verdict 3 is not evidence of never published
audit_verdict4_n,unmatched audit,,verdict 4,0.000000,,,cases in the sample of 150
snsf_champions_total,SNSF MINT April 2020,,champions,53.000000,,,"sum over four sections; descriptive anchor, no outcomes"
snsf_unfunded_total,SNSF MINT April 2020,,unfunded proposals,239.000000,,,"sum over four sections; descriptive anchor, no outcomes"
snsf_champion_prevalence_pct,SNSF MINT April 2020,,"champions / unfunded, %",22.175732,,,"descriptive anchor, not outcome validation"
corpus_submissions,corpus,,count,21857.000000,,,"submissions, 2017-2024 excluding 2020"
corpus_rejections,corpus,,count,10625.000000,,,explicit rejections with at least two parsable scores
audit_sample,corpus,,count,150.000000,,,unmatched rejections adjudicated
audit_recovered,corpus,,count,8.000000,,,identities recovered by the audit
audit_unmatched_pool,corpus,,count,2842.000000,,,identity-unmatched scored rejections
fp_audit_links,corpus,,count,30.000000,,,newly accepted links checked for false positives
fp_audit_errors,corpus,,count,0.000000,,,false positives observed
bootstrap_draws,corpus,,count,2000.000000,,,percentile bootstrap resamples
